seed,dimension,count,query_index,query_w2,allowed_query_radius,log_error_upper,log_theorem_bound,bound_passed
20260730,100,13,0,0.1441153384245784,0.16012815380508713,-495.35545831725904,-0.7331685343967136,True
20260730,100,13,1,0.1441153384245784,0.16012815380508713,-521.8945661126128,-0.7331685343967136,True
20260730,100,13,2,0.1441153384245784,0.16012815380508713,-487.55883361997473,-0.7331685343967136,True
20260730,100,13,3,0.1441153384245784,0.16012815380508713,-532.7883022838985,-0.7331685343967136,True
20260730,100,13,4,0.1441153384245784,0.16012815380508713,-541.620929167467,-0.7331685343967136,True
20260730,100,13,5,0.1441153384245784,0.16012815380508713,-558.8601844981831,-0.7331685343967136,True
20260730,100,13,6,0.1441153384245784,0.16012815380508713,-543.7581015896535,-0.7331685343967136,True
20260730,100,13,7,0.1441153384245784,0.16012815380508713,-530.3809554725125,-0.7331685343967136,True
20260730,100,13,8,0.1441153384245784,0.16012815380508713,-488.2827353323548,-0.7331685343967136,True
20260730,100,13,9,0.1441153384245784,0.16012815380508713,-535.1960614341334,-0.7331685343967136,True
20260730,100,13,10,0.1441153384245784,0.16012815380508713,-541.089092659483,-0.7331685343967136,True
20260730,100,13,11,0.1441153384245784,0.16012815380508713,-530.2441658565913,-0.7331685343967136,True
20260730,100,13,12,0.1441153384245784,0.16012815380508713,-579.9595532641072,-0.7331685343967136,True
20260730,140,69,0,0.06255432421712244,0.06950480468569159,-719.0110428119237,-1.5677471079645748,True
20260730,140,69,1,0.06255432421712244,0.06950480468569159,-677.6127894001797,-1.5677471079645748,True
20260730,140,69,2,0.06255432421712244,0.06950480468569159,-714.3042476673988,-1.5677471079645748,True
20260730,140,69,3,0.06255432421712244,0.06950480468569159,-722.9915585273675,-1.5677471079645748,True
20260730,140,69,4,0.06255432421712244,0.06950480468569159,-704.3472807479618,-1.5677471079645748,True
20260730,140,69,5,0.06255432421712244,0.06950480468569159,-710.2746603971527,-1.5677471079645748,True
20260730,140,69,6,0.06255432421712244,0.06950480468569159,-727.5412062737238,-1.5677471079645748,True
20260730,140,69,7,0.06255432421712244,0.06950480468569159,-681.8489936103358,-1.5677471079645748,True
20260730,140,69,8,0.06255432421712244,0.06950480468569159,-663.9946107574721,-1.5677471079645748,True
20260730,140,69,9,0.06255432421712244,0.06950480468569159,-675.9515675394064,-1.5677471079645748,True
20260730,140,69,10,0.06255432421712244,0.06950480468569159,-704.3246514217569,-1.5677471079645748,True
20260730,140,69,11,0.06255432421712244,0.06950480468569159,-724.6576033038319,-1.5677471079645748,True
20260730,140,69,12,0.06255432421712244,0.06950480468569159,-714.3266834303017,-1.5677471079645748,True
20260730,140,69,13,0.06255432421712244,0.06950480468569159,-657.701269902031,-1.5677471079645748,True
20260730,140,69,14,0.06255432421712244,0.06950480468569159,-742.0042798666291,-1.5677471079645748,True
20260730,140,69,15,0.06255432421712244,0.06950480468569159,-761.4836494912848,-1.5677471079645748,True
20260730,140,69,16,0.06255432421712244,0.06950480468569159,-729.038558245286,-1.5677471079645748,True
20260730,140,69,17,0.06255432421712244,0.06950480468569159,-704.6514741202942,-1.5677471079645748,True
20260730,140,69,18,0.06255432421712244,0.06950480468569159,-736.3317321069463,-1.5677471079645748,True
20260730,140,69,19,0.06255432421712244,0.06950480468569159,-714.6859897586588,-1.5677471079645748,True
20260730,140,69,20,0.06255432421712244,0.06950480468569159,-682.1008390951464,-1.5677471079645748,True
20260730,140,69,21,0.06255432421712244,0.06950480468569159,-708.4817180730605,-1.5677471079645748,True
20260730,140,69,22,0.06255432421712244,0.06950480468569159,-730.2174347463583,-1.5677471079645748,True
20260730,140,69,23,0.06255432421712244,0.06950480468569159,-749.0032427704424,-1.5677471079645748,True
20260730,140,69,24,0.06255432421712244,0.06950480468569159,-683.555005985326,-1.5677471079645748,True
20260730,140,69,25,0.06255432421712244,0.06950480468569159,-730.0626652748134,-1.5677471079645748,True
20260730,140,69,26,0.06255432421712244,0.06950480468569159,-711.9466564132172,-1.5677471079645748,True
20260730,140,69,27,0.06255432421712244,0.06950480468569159,-683.1140308692101,-1.5677471079645748,True
20260730,140,69,28,0.06255432421712244,0.06950480468569159,-738.6758443303702,-1.5677471079645748,True
20260730,140,69,29,0.06255432421712244,0.06950480468569159,-720.6623944119037,-1.5677471079645748,True
20260730,140,69,30,0.06255432421712244,0.06950480468569159,-700.4154093976606,-1.5677471079645748,True
20260730,140,69,31,0.06255432421712244,0.06950480468569159,-726.0889614755602,-1.5677471079645748,True
20260730,140,69,32,0.06255432421712244,0.06950480468569159,-761.8786635917482,-1.5677471079645748,True
20260730,140,69,33,0.06255432421712244,0.06950480468569159,-741.3479829144744,-1.5677471079645748,True
20260730,140,69,34,0.06255432421712244,0.06950480468569159,-734.2746625850983,-1.5677471079645748,True
20260730,140,69,35,0.06255432421712244,0.06950480468569159,-705.4182770966928,-1.5677471079645748,True
20260730,140,69,36,0.06255432421712244,0.06950480468569159,-701.4666135734195,-1.5677471079645748,True
20260730,140,69,37,0.06255432421712244,0.06950480468569159,-670.5972062614186,-1.5677471079645748,True
20260730,140,69,38,0.06255432421712244,0.06950480468569159,-682.1737095305396,-1.5677471079645748,True
20260730,140,69,39,0.06255432421712244,0.06950480468569159,-671.4554193848635,-1.5677471079645748,True
20260730,140,69,40,0.06255432421712244,0.06950480468569159,-668.8902647226852,-1.5677471079645748,True
20260730,140,69,41,0.06255432421712244,0.06950480468569159,-676.2548471513355,-1.5677471079645748,True
20260730,140,69,42,0.06255432421712244,0.06950480468569159,-753.2334997855698,-1.5677471079645748,True
20260730,140,69,43,0.06255432421712244,0.06950480468569159,-722.2409884626214,-1.5677471079645748,True
20260730,140,69,44,0.06255432421712244,0.06950480468569159,-699.8907121840517,-1.5677471079645748,True
20260730,140,69,45,0.06255432421712244,0.06950480468569159,-779.6195310341045,-1.5677471079645748,True
20260730,140,69,46,0.06255432421712244,0.06950480468569159,-663.5673065397893,-1.5677471079645748,True
20260730,140,69,47,0.06255432421712244,0.06950480468569159,-755.7874462393653,-1.5677471079645748,True
20260730,140,69,48,0.06255432421712244,0.06950480468569159,-683.5401491017739,-1.5677471079645748,True
20260730,140,69,49,0.06255432421712244,0.06950480468569159,-665.1591205725306,-1.5677471079645748,True
20260730,140,69,50,0.06255432421712244,0.06950480468569159,-724.729775147097,-1.5677471079645748,True
20260730,140,69,51,0.06255432421712244,0.06950480468569159,-641.729407976487,-1.5677471079645748,True
20260730,140,69,52,0.06255432421712244,0.06950480468569159,-670.1508274543355,-1.5677471079645748,True
20260730,140,69,53,0.06255432421712244,0.06950480468569159,-718.275261575066,-1.5677471079645748,True
20260730,140,69,54,0.06255432421712244,0.06950480468569159,-725.2425513826815,-1.5677471079645748,True
20260730,140,69,55,0.06255432421712244,0.06950480468569159,-671.0765081063375,-1.5677471079645748,True
20260730,140,69,56,0.06255432421712244,0.06950480468569159,-729.0487549862315,-1.5677471079645748,True
20260730,140,69,57,0.06255432421712244,0.06950480468569159,-737.1954706707436,-1.5677471079645748,True
20260730,140,69,58,0.06255432421712244,0.06950480468569159,-658.6110550077594,-1.5677471079645748,True
20260730,140,69,59,0.06255432421712244,0.06950480468569159,-643.1822787514169,-1.5677471079645748,True
20260730,140,69,60,0.06255432421712244,0.06950480468569159,-746.2306707914915,-1.5677471079645748,True
20260730,140,69,61,0.06255432421712244,0.06950480468569159,-707.8941698559526,-1.5677471079645748,True
20260730,140,69,62,0.06255432421712244,0.06950480468569159,-750.1008949307788,-1.5677471079645748,True
20260730,140,69,63,0.06255432421712244,0.06950480468569159,-681.8549811769213,-1.5677471079645748,True
20260730,180,354,0,0.0276172385369497,0.030685820596610777,-905.7013834804521,-2.3853423122328326,True
20260730,180,354,1,0.0276172385369497,0.030685820596610777,-917.9854049121591,-2.3853423122328326,True
20260730,180,354,2,0.0276172385369497,0.030685820596610777,-879.3107947068363,-2.3853423122328326,True
20260730,180,354,3,0.0276172385369497,0.030685820596610777,-806.6567667554983,-2.3853423122328326,True
20260730,180,354,4,0.0276172385369497,0.030685820596610777,-901.7770154328242,-2.3853423122328326,True
20260730,180,354,5,0.0276172385369497,0.030685820596610777,-886.7634625054678,-2.3853423122328326,True
20260730,180,354,6,0.0276172385369497,0.030685820596610777,-874.9591778589863,-2.3853423122328326,True
20260730,180,354,7,0.0276172385369497,0.030685820596610777,-891.2213345786948,-2.3853423122328326,True
20260730,180,354,8,0.0276172385369497,0.030685820596610777,-862.9006022138744,-2.3853423122328326,True
20260730,180,354,9,0.0276172385369497,0.030685820596610777,-857.6739161493923,-2.3853423122328326,True
20260730,180,354,10,0.0276172385369497,0.030685820596610777,-816.1761208184902,-2.3853423122328326,True
20260730,180,354,11,0.0276172385369497,0.030685820596610777,-915.7671021517341,-2.3853423122328326,True
20260730,180,354,12,0.0276172385369497,0.030685820596610777,-791.9409353877656,-2.3853423122328326,True
20260730,180,354,13,0.0276172385369497,0.030685820596610777,-896.4055502597171,-2.3853423122328326,True
20260730,180,354,14,0.0276172385369497,0.030685820596610777,-893.4038995623112,-2.3853423122328326,True
20260730,180,354,15,0.0276172385369497,0.030685820596610777,-904.0185256976722,-2.3853423122328326,True
20260730,180,354,16,0.0276172385369497,0.030685820596610777,-903.2443797528416,-2.3853423122328326,True
20260730,180,354,17,0.0276172385369497,0.030685820596610777,-904.7181581856079,-2.3853423122328326,True
20260730,180,354,18,0.0276172385369497,0.030685820596610777,-888.4577149078663,-2.3853423122328326,True
20260730,180,354,19,0.0276172385369497,0.030685820596610777,-910.3000662180175,-2.3853423122328326,True
20260730,180,354,20,0.0276172385369497,0.030685820596610777,-862.2236706329503,-2.3853423122328326,True
20260730,180,354,21,0.0276172385369497,0.030685820596610777,-800.0452579141478,-2.3853423122328326,True
20260730,180,354,22,0.0276172385369497,0.030685820596610777,-824.5697708433745,-2.3853423122328326,True
20260730,180,354,23,0.0276172385369497,0.030685820596610777,-884.0955111023096,-2.3853423122328326,True
20260730,180,354,24,0.0276172385369497,0.030685820596610777,-880.8789237235893,-2.3853423122328326,True
20260730,180,354,25,0.0276172385369497,0.030685820596610777,-866.6666967140691,-2.3853423122328326,True
20260730,180,354,26,0.0276172385369497,0.030685820596610777,-870.2269045878437,-2.3853423122328326,True
20260730,180,354,27,0.0276172385369497,0.030685820596610777,-860.8561287604346,-2.3853423122328326,True
20260730,180,354,28,0.0276172385369497,0.030685820596610777,-875.0682510688918,-2.3853423122328326,True
20260730,180,354,29,0.0276172385369497,0.030685820596610777,-910.4789583335565,-2.3853423122328326,True
20260730,180,354,30,0.0276172385369497,0.030685820596610777,-824.7322455626717,-2.3853423122328326,True
20260730,180,354,31,0.0276172385369497,0.030685820596610777,-886.2979268682078,-2.3853423122328326,True
20260730,180,354,32,0.0276172385369497,0.030685820596610777,-912.4861616016476,-2.3853423122328326,True
20260730,180,354,33,0.0276172385369497,0.030685820596610777,-922.2616835843447,-2.3853423122328326,True
20260730,180,354,34,0.0276172385369497,0.030685820596610777,-875.2011308886279,-2.3853423122328326,True
20260730,180,354,35,0.0276172385369497,0.030685820596610777,-871.3777838127297,-2.3853423122328326,True
20260730,180,354,36,0.0276172385369497,0.030685820596610777,-860.686089837559,-2.3853423122328326,True
20260730,180,354,37,0.0276172385369497,0.030685820596610777,-862.0227183348952,-2.3853423122328326,True
20260730,180,354,38,0.0276172385369497,0.030685820596610777,-871.0733380503674,-2.3853423122328326,True
20260730,180,354,39,0.0276172385369497,0.030685820596610777,-860.7823981408654,-2.3853423122328326,True
20260730,180,354,40,0.0276172385369497,0.030685820596610777,-888.4402733735251,-2.3853423122328326,True
20260730,180,354,41,0.0276172385369497,0.030685820596610777,-899.7276258547053,-2.3853423122328326,True
20260730,180,354,42,0.0276172385369497,0.030685820596610777,-846.259171794227,-2.3853423122328326,True
20260730,180,354,43,0.0276172385369497,0.030685820596610777,-828.0768990277197,-2.3853423122328326,True
20260730,180,354,44,0.0276172385369497,0.030685820596610777,-924.244825383922,-2.3853423122328326,True
20260730,180,354,45,0.0276172385369497,0.030685820596610777,-928.5654938257849,-2.3853423122328326,True
20260730,180,354,46,0.0276172385369497,0.030685820596610777,-882.890743358669,-2.3853423122328326,True
20260730,180,354,47,0.0276172385369497,0.030685820596610777,-938.0163887318464,-2.3853423122328326,True
20260730,180,354,48,0.0276172385369497,0.030685820596610777,-892.7949471561616,-2.3853423122328326,True
20260730,180,354,49,0.0276172385369497,0.030685820596610777,-892.9719563728951,-2.3853423122328326,True
20260730,180,354,50,0.0276172385369497,0.030685820596610777,-863.6223150257358,-2.3853423122328326,True
20260730,180,354,51,0.0276172385369497,0.030685820596610777,-876.74553101786,-2.3853423122328326,True
20260730,180,354,52,0.0276172385369497,0.030685820596610777,-882.1370703943627,-2.3853423122328326,True
20260730,180,354,53,0.0276172385369497,0.030685820596610777,-807.1350024117072,-2.3853423122328326,True
20260730,180,354,54,0.0276172385369497,0.030685820596610777,-866.370194409313,-2.3853423122328326,True
20260730,180,354,55,0.0276172385369497,0.030685820596610777,-922.9058671321559,-2.3853423122328326,True
20260730,180,354,56,0.0276172385369497,0.030685820596610777,-950.411606925656,-2.3853423122328326,True
20260730,180,354,57,0.0276172385369497,0.030685820596610777,-924.9370973724987,-2.3853423122328326,True
20260730,180,354,58,0.0276172385369497,0.030685820596610777,-940.803198492177,-2.3853423122328326,True
20260730,180,354,59,0.0276172385369497,0.030685820596610777,-916.4054010813959,-2.3853423122328326,True
20260730,180,354,60,0.0276172385369497,0.030685820596610777,-913.4027859481469,-2.3853423122328326,True
20260730,180,354,61,0.0276172385369497,0.030685820596610777,-883.6599791274502,-2.3853423122328326,True
20260730,180,354,62,0.0276172385369497,0.030685820596610777,-888.3356482439732,-2.3853423122328326,True
20260730,180,354,63,0.0276172385369497,0.030685820596610777,-846.6911974005102,-2.3853423122328326,True
20260730,220,1825,0,0.012163272811190748,0.01351474756798972,-1070.1849074114725,-3.205361488674241,True
20260730,220,1825,1,0.012163272811190748,0.01351474756798972,-1083.229398244498,-3.205361488674241,True
20260730,220,1825,2,0.012163272811190748,0.01351474756798972,-1057.98424199325,-3.205361488674241,True
20260730,220,1825,3,0.012163272811190748,0.01351474756798972,-1054.9323083359634,-3.205361488674241,True
20260730,220,1825,4,0.012163272811190748,0.01351474756798972,-1053.2657521515423,-3.205361488674241,True
20260730,220,1825,5,0.012163272811190748,0.01351474756798972,-1106.6694162457088,-3.205361488674241,True
20260730,220,1825,6,0.012163272811190748,0.01351474756798972,-1078.6228113750942,-3.205361488674241,True
20260730,220,1825,7,0.012163272811190748,0.01351474756798972,-1052.0380190559006,-3.205361488674241,True
20260730,220,1825,8,0.012163272811190748,0.01351474756798972,-1015.4923117579176,-3.205361488674241,True
20260730,220,1825,9,0.012163272811190748,0.01351474756798972,-1030.241632542578,-3.205361488674241,True
20260730,220,1825,10,0.012163272811190748,0.01351474756798972,-1090.2938577938914,-3.205361488674241,True
20260730,220,1825,11,0.012163272811190748,0.01351474756798972,-1041.2676911392314,-3.205361488674241,True
20260730,220,1825,12,0.012163272811190748,0.01351474756798972,-1075.7056121824426,-3.205361488674241,True
20260730,220,1825,13,0.012163272811190748,0.01351474756798972,-1041.6541563384735,-3.205361488674241,True
20260730,220,1825,14,0.012163272811190748,0.01351474756798972,-1070.3345719422264,-3.205361488674241,True
20260730,220,1825,15,0.012163272811190748,0.01351474756798972,-1104.104179317335,-3.205361488674241,True
20260730,220,1825,16,0.012163272811190748,0.01351474756798972,-1059.4668797599843,-3.205361488674241,True
20260730,220,1825,17,0.012163272811190748,0.01351474756798972,-1085.0943164390806,-3.205361488674241,True
20260730,220,1825,18,0.012163272811190748,0.01351474756798972,-1060.5186931352523,-3.205361488674241,True
20260730,220,1825,19,0.012163272811190748,0.01351474756798972,-1087.13327688232,-3.205361488674241,True
20260730,220,1825,20,0.012163272811190748,0.01351474756798972,-1093.2596115438912,-3.205361488674241,True
20260730,220,1825,21,0.012163272811190748,0.01351474756798972,-1037.5832364342718,-3.205361488674241,True
20260730,220,1825,22,0.012163272811190748,0.01351474756798972,-1081.8357486785617,-3.205361488674241,True
20260730,220,1825,23,0.012163272811190748,0.01351474756798972,-1059.929309250077,-3.205361488674241,True
20260730,220,1825,24,0.012163272811190748,0.01351474756798972,-1045.9502514309506,-3.205361488674241,True
20260730,220,1825,25,0.012163272811190748,0.01351474756798972,-1077.6783865428488,-3.205361488674241,True
20260730,220,1825,26,0.012163272811190748,0.01351474756798972,-1060.3753318033273,-3.205361488674241,True
20260730,220,1825,27,0.012163272811190748,0.01351474756798972,-1063.1690412068485,-3.205361488674241,True
20260730,220,1825,28,0.012163272811190748,0.01351474756798972,-1014.9472722922026,-3.205361488674241,True
20260730,220,1825,29,0.012163272811190748,0.01351474756798972,-1079.1656350369642,-3.205361488674241,True
20260730,220,1825,30,0.012163272811190748,0.01351474756798972,-1020.8324941884433,-3.205361488674241,True
20260730,220,1825,31,0.012163272811190748,0.01351474756798972,-1075.5420011528654,-3.205361488674241,True
20260730,220,1825,32,0.012163272811190748,0.01351474756798972,-996.8940049333456,-3.205361488674241,True
20260730,220,1825,33,0.012163272811190748,0.01351474756798972,-1084.4049334930924,-3.205361488674241,True
20260730,220,1825,34,0.012163272811190748,0.01351474756798972,-1103.8872625289457,-3.205361488674241,True
20260730,220,1825,35,0.012163272811190748,0.01351474756798972,-1088.3838829199299,-3.205361488674241,True
20260730,220,1825,36,0.012163272811190748,0.01351474756798972,-1046.3614145425927,-3.205361488674241,True
20260730,220,1825,37,0.012163272811190748,0.01351474756798972,-1090.2043742232365,-3.205361488674241,True
20260730,220,1825,38,0.012163272811190748,0.01351474756798972,-1101.3285213728336,-3.205361488674241,True
20260730,220,1825,39,0.012163272811190748,0.01351474756798972,-1018.9258728781101,-3.205361488674241,True
20260730,220,1825,40,0.012163272811190748,0.01351474756798972,-1056.735524650662,-3.205361488674241,True
20260730,220,1825,41,0.012163272811190748,0.01351474756798972,-1057.2283758467588,-3.205361488674241,True
20260730,220,1825,42,0.012163272811190748,0.01351474756798972,-934.5582528699225,-3.205361488674241,True
20260730,220,1825,43,0.012163272811190748,0.01351474756798972,-1110.877935031719,-3.205361488674241,True
20260730,220,1825,44,0.012163272811190748,0.01351474756798972,-1070.1235105320054,-3.205361488674241,True
20260730,220,1825,45,0.012163272811190748,0.01351474756798972,-1029.1837133998815,-3.205361488674241,True
20260730,220,1825,46,0.012163272811190748,0.01351474756798972,-1116.2956936449427,-3.205361488674241,True
20260730,220,1825,47,0.012163272811190748,0.01351474756798972,-1032.7135986824417,-3.205361488674241,True
20260730,220,1825,48,0.012163272811190748,0.01351474756798972,-1058.9688137071062,-3.205361488674241,True
20260730,220,1825,49,0.012163272811190748,0.01351474756798972,-1091.601636460939,-3.205361488674241,True
20260730,220,1825,50,0.012163272811190748,0.01351474756798972,-1034.4124859639337,-3.205361488674241,True
20260730,220,1825,51,0.012163272811190748,0.01351474756798972,-1079.8116806488556,-3.205361488674241,True
20260730,220,1825,52,0.012163272811190748,0.01351474756798972,-1037.8787831042837,-3.205361488674241,True
20260730,220,1825,53,0.012163272811190748,0.01351474756798972,-1053.011545468505,-3.205361488674241,True
20260730,220,1825,54,0.012163272811190748,0.01351474756798972,-1087.0160631853155,-3.205361488674241,True
20260730,220,1825,55,0.012163272811190748,0.01351474756798972,-1039.4081329339062,-3.205361488674241,True
20260730,220,1825,56,0.012163272811190748,0.01351474756798972,-1072.2621134272488,-3.205361488674241,True
20260730,220,1825,57,0.012163272811190748,0.01351474756798972,-1103.5176627188393,-3.205361488674241,True
20260730,220,1825,58,0.012163272811190748,0.01351474756798972,-1061.5057029772556,-3.205361488674241,True
20260730,220,1825,59,0.012163272811190748,0.01351474756798972,-1073.0877380158108,-3.205361488674241,True
20260730,220,1825,60,0.012163272811190748,0.01351474756798972,-1035.8318811272607,-3.205361488674241,True
20260730,220,1825,61,0.012163272811190748,0.01351474756798972,-1045.198956893756,-3.205361488674241,True
20260730,220,1825,62,0.012163272811190748,0.01351474756798972,-1047.516937730125,-3.205361488674241,True
20260730,220,1825,63,0.012163272811190748,0.01351474756798972,-1048.3889412531476,-3.205361488674241,True
20260730,260,9390,0,0.005362275040523719,0.005958083378359687,-1271.918311280398,-4.024394141767099,True
20260730,260,9390,1,0.005362275040523719,0.005958083378359687,-1237.2332483284442,-4.024394141767099,True
20260730,260,9390,2,0.005362275040523719,0.005958083378359687,-1238.5794670575406,-4.024394141767099,True
20260730,260,9390,3,0.005362275040523719,0.005958083378359687,-1276.0589889064984,-4.024394141767099,True
20260730,260,9390,4,0.005362275040523719,0.005958083378359687,-1228.1400383763432,-4.024394141767099,True
20260730,260,9390,5,0.005362275040523719,0.005958083378359687,-1250.4826193098445,-4.024394141767099,True
20260730,260,9390,6,0.005362275040523719,0.005958083378359687,-1251.6260108533615,-4.024394141767099,True
20260730,260,9390,7,0.005362275040523719,0.005958083378359687,-1278.427041660803,-4.024394141767099,True
20260730,260,9390,8,0.005362275040523719,0.005958083378359687,-1246.9649303631575,-4.024394141767099,True
20260730,260,9390,9,0.005362275040523719,0.005958083378359687,-1267.7145276827052,-4.024394141767099,True
20260730,260,9390,10,0.005362275040523719,0.005958083378359687,-1223.057234049753,-4.024394141767099,True
20260730,260,9390,11,0.005362275040523719,0.005958083378359687,-1216.8300732681275,-4.024394141767099,True
20260730,260,9390,12,0.005362275040523719,0.005958083378359687,-1256.6055199878504,-4.024394141767099,True
20260730,260,9390,13,0.005362275040523719,0.005958083378359687,-1227.3890175467438,-4.024394141767099,True
20260730,260,9390,14,0.005362275040523719,0.005958083378359687,-1264.635833816345,-4.024394141767099,True
20260730,260,9390,15,0.005362275040523719,0.005958083378359687,-1275.984358633289,-4.024394141767099,True
20260730,260,9390,16,0.005362275040523719,0.005958083378359687,-1270.2396436483502,-4.024394141767099,True
20260730,260,9390,17,0.005362275040523719,0.005958083378359687,-1230.571269378553,-4.024394141767099,True
20260730,260,9390,18,0.005362275040523719,0.005958083378359687,-1287.6731238356124,-4.024394141767099,True
20260730,260,9390,19,0.005362275040523719,0.005958083378359687,-1229.4962871527405,-4.024394141767099,True
20260730,260,9390,20,0.005362275040523719,0.005958083378359687,-1229.648894826201,-4.024394141767099,True
20260730,260,9390,21,0.005362275040523719,0.005958083378359687,-1256.9042757329091,-4.024394141767099,True
20260730,260,9390,22,0.005362275040523719,0.005958083378359687,-1256.5742890615193,-4.024394141767099,True
20260730,260,9390,23,0.005362275040523719,0.005958083378359687,-1239.2593246591543,-4.024394141767099,True
20260730,260,9390,24,0.005362275040523719,0.005958083378359687,-1274.6056402753543,-4.024394141767099,True
20260730,260,9390,25,0.005362275040523719,0.005958083378359687,-1266.3116235563245,-4.024394141767099,True
20260730,260,9390,26,0.005362275040523719,0.005958083378359687,-1270.1604396191772,-4.024394141767099,True
20260730,260,9390,27,0.005362275040523719,0.005958083378359687,-1278.1063632543116,-4.024394141767099,True
20260730,260,9390,28,0.005362275040523719,0.005958083378359687,-1220.971938810914,-4.024394141767099,True
20260730,260,9390,29,0.005362275040523719,0.005958083378359687,-1259.6176095974972,-4.024394141767099,True
20260730,260,9390,30,0.005362275040523719,0.005958083378359687,-1250.2744667441818,-4.024394141767099,True
20260730,260,9390,31,0.005362275040523719,0.005958083378359687,-1276.1946658496884,-4.024394141767099,True
20260730,260,9390,32,0.005362275040523719,0.005958083378359687,-1257.5031631057248,-4.024394141767099,True
20260730,260,9390,33,0.005362275040523719,0.005958083378359687,-1233.7246809531964,-4.024394141767099,True
20260730,260,9390,34,0.005362275040523719,0.005958083378359687,-1272.2853084625158,-4.024394141767099,True
20260730,260,9390,35,0.005362275040523719,0.005958083378359687,-1236.9453329409926,-4.024394141767099,True
20260730,260,9390,36,0.005362275040523719,0.005958083378359687,-1268.370756148083,-4.024394141767099,True
20260730,260,9390,37,0.005362275040523719,0.005958083378359687,-1223.332993728953,-4.024394141767099,True
20260730,260,9390,38,0.005362275040523719,0.005958083378359687,-1250.8554492220212,-4.024394141767099,True
20260730,260,9390,39,0.005362275040523719,0.005958083378359687,-1245.8947744750546,-4.024394141767099,True
20260730,260,9390,40,0.005362275040523719,0.005958083378359687,-1248.4719644630682,-4.024394141767099,True
20260730,260,9390,41,0.005362275040523719,0.005958083378359687,-1264.7241141418185,-4.024394141767099,True
20260730,260,9390,42,0.005362275040523719,0.005958083378359687,-1201.0954716060644,-4.024394141767099,True
20260730,260,9390,43,0.005362275040523719,0.005958083378359687,-1274.8744307515951,-4.024394141767099,True
20260730,260,9390,44,0.005362275040523719,0.005958083378359687,-1297.4629401990442,-4.024394141767099,True
20260730,260,9390,45,0.005362275040523719,0.005958083378359687,-1252.529935786313,-4.024394141767099,True
20260730,260,9390,46,0.005362275040523719,0.005958083378359687,-1220.065363976902,-4.024394141767099,True
20260730,260,9390,47,0.005362275040523719,0.005958083378359687,-1261.8749474942067,-4.024394141767099,True
20260730,260,9390,48,0.005362275040523719,0.005958083378359687,-1258.0829598339092,-4.024394141767099,True
20260730,260,9390,49,0.005362275040523719,0.005958083378359687,-1243.0400545286495,-4.024394141767099,True
20260730,260,9390,50,0.005362275040523719,0.005958083378359687,-1228.6744814074625,-4.024394141767099,True
20260730,260,9390,51,0.005362275040523719,0.005958083378359687,-1273.5359013210418,-4.024394141767099,True
20260730,260,9390,52,0.005362275040523719,0.005958083378359687,-1229.2516456578878,-4.024394141767099,True
20260730,260,9390,53,0.005362275040523719,0.005958083378359687,-1278.2812656047092,-4.024394141767099,True
20260730,260,9390,54,0.005362275040523719,0.005958083378359687,-1236.8711132049918,-4.024394141767099,True
20260730,260,9390,55,0.005362275040523719,0.005958083378359687,-1287.3118722050324,-4.024394141767099,True
20260730,260,9390,56,0.005362275040523719,0.005958083378359687,-1283.6784402519681,-4.024394141767099,True
20260730,260,9390,57,0.005362275040523719,0.005958083378359687,-1262.8247647892417,-4.024394141767099,True
20260730,260,9390,58,0.005362275040523719,0.005958083378359687,-1243.9014520126818,-4.024394141767099,True
20260730,260,9390,59,0.005362275040523719,0.005958083378359687,-1240.6872087639179,-4.024394141767099,True
20260730,260,9390,60,0.005362275040523719,0.005958083378359687,-1219.9895248678965,-4.024394141767099,True
20260730,260,9390,61,0.005362275040523719,0.005958083378359687,-1255.038068446678,-4.024394141767099,True
20260730,260,9390,62,0.005362275040523719,0.005958083378359687,-1274.1080468621744,-4.024394141767099,True
20260730,260,9390,63,0.005362275040523719,0.005958083378359687,-1315.832278490484,-4.024394141767099,True
20260731,100,13,0,0.1441153384245784,0.16012815380508713,-577.6201869970187,-0.7331685343967136,True
20260731,100,13,1,0.1441153384245784,0.16012815380508713,-558.2273410053313,-0.7331685343967136,True
20260731,100,13,2,0.1441153384245784,0.16012815380508713,-524.5264804784719,-0.7331685343967136,True
20260731,100,13,3,0.1441153384245784,0.16012815380508713,-564.124382522727,-0.7331685343967136,True
20260731,100,13,4,0.1441153384245784,0.16012815380508713,-486.1781812113391,-0.7331685343967136,True
20260731,100,13,5,0.1441153384245784,0.16012815380508713,-541.268784200695,-0.7331685343967136,True
20260731,100,13,6,0.1441153384245784,0.16012815380508713,-512.7884402239805,-0.7331685343967136,True
20260731,100,13,7,0.1441153384245784,0.16012815380508713,-487.1588927562906,-0.7331685343967136,True
20260731,100,13,8,0.1441153384245784,0.16012815380508713,-498.76464125348775,-0.7331685343967136,True
20260731,100,13,9,0.1441153384245784,0.16012815380508713,-510.8272750383811,-0.7331685343967136,True
20260731,100,13,10,0.1441153384245784,0.16012815380508713,-537.8819406051051,-0.7331685343967136,True
20260731,100,13,11,0.1441153384245784,0.16012815380508713,-595.1946858295291,-0.7331685343967136,True
20260731,100,13,12,0.1441153384245784,0.16012815380508713,-499.2187074043604,-0.7331685343967136,True
20260731,140,69,0,0.06255432421712244,0.06950480468569159,-653.8446456593432,-1.5677471079645748,True
20260731,140,69,1,0.06255432421712244,0.06950480468569159,-746.348518569037,-1.5677471079645748,True
20260731,140,69,2,0.06255432421712244,0.06950480468569159,-706.8193980864918,-1.5677471079645748,True
20260731,140,69,3,0.06255432421712244,0.06950480468569159,-735.6218605144622,-1.5677471079645748,True
20260731,140,69,4,0.06255432421712244,0.06950480468569159,-724.1264527649591,-1.5677471079645748,True
20260731,140,69,5,0.06255432421712244,0.06950480468569159,-701.4566318659995,-1.5677471079645748,True
20260731,140,69,6,0.06255432421712244,0.06950480468569159,-755.1948215759858,-1.5677471079645748,True
20260731,140,69,7,0.06255432421712244,0.06950480468569159,-719.1678784073409,-1.5677471079645748,True
20260731,140,69,8,0.06255432421712244,0.06950480468569159,-727.7252586414113,-1.5677471079645748,True
20260731,140,69,9,0.06255432421712244,0.06950480468569159,-694.8231498098727,-1.5677471079645748,True
20260731,140,69,10,0.06255432421712244,0.06950480468569159,-710.6293175010279,-1.5677471079645748,True
20260731,140,69,11,0.06255432421712244,0.06950480468569159,-649.6148611403299,-1.5677471079645748,True
20260731,140,69,12,0.06255432421712244,0.06950480468569159,-694.3017748965292,-1.5677471079645748,True
20260731,140,69,13,0.06255432421712244,0.06950480468569159,-678.6690525614024,-1.5677471079645748,True
20260731,140,69,14,0.06255432421712244,0.06950480468569159,-678.8462022829673,-1.5677471079645748,True
20260731,140,69,15,0.06255432421712244,0.06950480468569159,-637.5394145309352,-1.5677471079645748,True
20260731,140,69,16,0.06255432421712244,0.06950480468569159,-631.6534475297699,-1.5677471079645748,True
20260731,140,69,17,0.06255432421712244,0.06950480468569159,-789.5500609282884,-1.5677471079645748,True
20260731,140,69,18,0.06255432421712244,0.06950480468569159,-752.2094150533894,-1.5677471079645748,True
20260731,140,69,19,0.06255432421712244,0.06950480468569159,-694.4168367330834,-1.5677471079645748,True
20260731,140,69,20,0.06255432421712244,0.06950480468569159,-706.8145321385696,-1.5677471079645748,True
20260731,140,69,21,0.06255432421712244,0.06950480468569159,-694.4394753141113,-1.5677471079645748,True
20260731,140,69,22,0.06255432421712244,0.06950480468569159,-729.4441440590974,-1.5677471079645748,True
20260731,140,69,23,0.06255432421712244,0.06950480468569159,-654.1055713081057,-1.5677471079645748,True
20260731,140,69,24,0.06255432421712244,0.06950480468569159,-733.2814389077876,-1.5677471079645748,True
20260731,140,69,25,0.06255432421712244,0.06950480468569159,-718.5454750379582,-1.5677471079645748,True
20260731,140,69,26,0.06255432421712244,0.06950480468569159,-747.4706181381439,-1.5677471079645748,True
20260731,140,69,27,0.06255432421712244,0.06950480468569159,-709.1467586223196,-1.5677471079645748,True
20260731,140,69,28,0.06255432421712244,0.06950480468569159,-740.085988370098,-1.5677471079645748,True
20260731,140,69,29,0.06255432421712244,0.06950480468569159,-689.5751003171347,-1.5677471079645748,True
20260731,140,69,30,0.06255432421712244,0.06950480468569159,-677.9910968385759,-1.5677471079645748,True
20260731,140,69,31,0.06255432421712244,0.06950480468569159,-689.869752343773,-1.5677471079645748,True
20260731,140,69,32,0.06255432421712244,0.06950480468569159,-733.7040973917656,-1.5677471079645748,True
20260731,140,69,33,0.06255432421712244,0.06950480468569159,-649.8547834856577,-1.5677471079645748,True
20260731,140,69,34,0.06255432421712244,0.06950480468569159,-748.6918918217258,-1.5677471079645748,True
20260731,140,69,35,0.06255432421712244,0.06950480468569159,-636.8772184210818,-1.5677471079645748,True
20260731,140,69,36,0.06255432421712244,0.06950480468569159,-742.0381294898671,-1.5677471079645748,True
20260731,140,69,37,0.06255432421712244,0.06950480468569159,-697.7805095322805,-1.5677471079645748,True
20260731,140,69,38,0.06255432421712244,0.06950480468569159,-705.2083440628875,-1.5677471079645748,True
20260731,140,69,39,0.06255432421712244,0.06950480468569159,-719.4038362668854,-1.5677471079645748,True
20260731,140,69,40,0.06255432421712244,0.06950480468569159,-696.8103480639222,-1.5677471079645748,True
20260731,140,69,41,0.06255432421712244,0.06950480468569159,-732.2882685282259,-1.5677471079645748,True
20260731,140,69,42,0.06255432421712244,0.06950480468569159,-717.0084388553003,-1.5677471079645748,True
20260731,140,69,43,0.06255432421712244,0.06950480468569159,-699.6561939697873,-1.5677471079645748,True
20260731,140,69,44,0.06255432421712244,0.06950480468569159,-749.206293520894,-1.5677471079645748,True
20260731,140,69,45,0.06255432421712244,0.06950480468569159,-716.3777010519015,-1.5677471079645748,True
20260731,140,69,46,0.06255432421712244,0.06950480468569159,-738.3296599444594,-1.5677471079645748,True
20260731,140,69,47,0.06255432421712244,0.06950480468569159,-703.1539862054042,-1.5677471079645748,True
20260731,140,69,48,0.06255432421712244,0.06950480468569159,-744.0958442605785,-1.5677471079645748,True
20260731,140,69,49,0.06255432421712244,0.06950480468569159,-755.0867925495451,-1.5677471079645748,True
20260731,140,69,50,0.06255432421712244,0.06950480468569159,-755.3434310446978,-1.5677471079645748,True
20260731,140,69,51,0.06255432421712244,0.06950480468569159,-715.2810854128046,-1.5677471079645748,True
20260731,140,69,52,0.06255432421712244,0.06950480468569159,-747.7308427410494,-1.5677471079645748,True
20260731,140,69,53,0.06255432421712244,0.06950480468569159,-730.9453100047764,-1.5677471079645748,True
20260731,140,69,54,0.06255432421712244,0.06950480468569159,-703.8474461612786,-1.5677471079645748,True
20260731,140,69,55,0.06255432421712244,0.06950480468569159,-736.1084522087376,-1.5677471079645748,True
20260731,140,69,56,0.06255432421712244,0.06950480468569159,-724.9217150970231,-1.5677471079645748,True
20260731,140,69,57,0.06255432421712244,0.06950480468569159,-716.6263945500597,-1.5677471079645748,True
20260731,140,69,58,0.06255432421712244,0.06950480468569159,-733.9219005900302,-1.5677471079645748,True
20260731,140,69,59,0.06255432421712244,0.06950480468569159,-677.734515246076,-1.5677471079645748,True
20260731,140,69,60,0.06255432421712244,0.06950480468569159,-699.0554020911558,-1.5677471079645748,True
20260731,140,69,61,0.06255432421712244,0.06950480468569159,-705.8229774760149,-1.5677471079645748,True
20260731,140,69,62,0.06255432421712244,0.06950480468569159,-755.3372822678062,-1.5677471079645748,True
20260731,140,69,63,0.06255432421712244,0.06950480468569159,-696.9605027588852,-1.5677471079645748,True
20260731,180,354,0,0.0276172385369497,0.030685820596610777,-834.0512461696424,-2.3853423122328326,True
20260731,180,354,1,0.0276172385369497,0.030685820596610777,-892.0166443077188,-2.3853423122328326,True
20260731,180,354,2,0.0276172385369497,0.030685820596610777,-833.4810589534557,-2.3853423122328326,True
20260731,180,354,3,0.0276172385369497,0.030685820596610777,-842.7955790343208,-2.3853423122328326,True
20260731,180,354,4,0.0276172385369497,0.030685820596610777,-846.851845356034,-2.3853423122328326,True
20260731,180,354,5,0.0276172385369497,0.030685820596610777,-874.5628766591949,-2.3853423122328326,True
20260731,180,354,6,0.0276172385369497,0.030685820596610777,-867.2765576025757,-2.3853423122328326,True
20260731,180,354,7,0.0276172385369497,0.030685820596610777,-930.0077604946355,-2.3853423122328326,True
20260731,180,354,8,0.0276172385369497,0.030685820596610777,-931.3531799615603,-2.3853423122328326,True
20260731,180,354,9,0.0276172385369497,0.030685820596610777,-869.8019623550549,-2.3853423122328326,True
20260731,180,354,10,0.0276172385369497,0.030685820596610777,-857.8189323601586,-2.3853423122328326,True
20260731,180,354,11,0.0276172385369497,0.030685820596610777,-896.912586948652,-2.3853423122328326,True
20260731,180,354,12,0.0276172385369497,0.030685820596610777,-913.9643024693182,-2.3853423122328326,True
20260731,180,354,13,0.0276172385369497,0.030685820596610777,-848.9729836008859,-2.3853423122328326,True
20260731,180,354,14,0.0276172385369497,0.030685820596610777,-910.8758779264532,-2.3853423122328326,True
20260731,180,354,15,0.0276172385369497,0.030685820596610777,-894.5979332159885,-2.3853423122328326,True
20260731,180,354,16,0.0276172385369497,0.030685820596610777,-894.8982956692868,-2.3853423122328326,True
20260731,180,354,17,0.0276172385369497,0.030685820596610777,-911.0118185177549,-2.3853423122328326,True
20260731,180,354,18,0.0276172385369497,0.030685820596610777,-862.3731025676044,-2.3853423122328326,True
20260731,180,354,19,0.0276172385369497,0.030685820596610777,-833.8483504003103,-2.3853423122328326,True
20260731,180,354,20,0.0276172385369497,0.030685820596610777,-880.3646761190387,-2.3853423122328326,True
20260731,180,354,21,0.0276172385369497,0.030685820596610777,-875.6693713393184,-2.3853423122328326,True
20260731,180,354,22,0.0276172385369497,0.030685820596610777,-908.4066692092136,-2.3853423122328326,True
20260731,180,354,23,0.0276172385369497,0.030685820596610777,-865.35644681558,-2.3853423122328326,True
20260731,180,354,24,0.0276172385369497,0.030685820596610777,-906.2598223640001,-2.3853423122328326,True
20260731,180,354,25,0.0276172385369497,0.030685820596610777,-879.3619128663902,-2.3853423122328326,True
20260731,180,354,26,0.0276172385369497,0.030685820596610777,-915.4153761799007,-2.3853423122328326,True
20260731,180,354,27,0.0276172385369497,0.030685820596610777,-936.9360306018942,-2.3853423122328326,True
20260731,180,354,28,0.0276172385369497,0.030685820596610777,-813.863040362941,-2.3853423122328326,True
20260731,180,354,29,0.0276172385369497,0.030685820596610777,-910.4919554024154,-2.3853423122328326,True
20260731,180,354,30,0.0276172385369497,0.030685820596610777,-942.6935105762238,-2.3853423122328326,True
20260731,180,354,31,0.0276172385369497,0.030685820596610777,-897.794652690162,-2.3853423122328326,True
20260731,180,354,32,0.0276172385369497,0.030685820596610777,-897.005137931419,-2.3853423122328326,True
20260731,180,354,33,0.0276172385369497,0.030685820596610777,-867.5614729425267,-2.3853423122328326,True
20260731,180,354,34,0.0276172385369497,0.030685820596610777,-898.9471820617455,-2.3853423122328326,True
20260731,180,354,35,0.0276172385369497,0.030685820596610777,-871.6884165488163,-2.3853423122328326,True
20260731,180,354,36,0.0276172385369497,0.030685820596610777,-928.183527222252,-2.3853423122328326,True
20260731,180,354,37,0.0276172385369497,0.030685820596610777,-879.3591961713728,-2.3853423122328326,True
20260731,180,354,38,0.0276172385369497,0.030685820596610777,-863.8410528989178,-2.3853423122328326,True
20260731,180,354,39,0.0276172385369497,0.030685820596610777,-898.9253679974012,-2.3853423122328326,True
20260731,180,354,40,0.0276172385369497,0.030685820596610777,-922.5156919894821,-2.3853423122328326,True
20260731,180,354,41,0.0276172385369497,0.030685820596610777,-904.7956737266634,-2.3853423122328326,True
20260731,180,354,42,0.0276172385369497,0.030685820596610777,-852.9298841434598,-2.3853423122328326,True
20260731,180,354,43,0.0276172385369497,0.030685820596610777,-876.6926499333396,-2.3853423122328326,True
20260731,180,354,44,0.0276172385369497,0.030685820596610777,-847.4688783364893,-2.3853423122328326,True
20260731,180,354,45,0.0276172385369497,0.030685820596610777,-836.5885527299021,-2.3853423122328326,True
20260731,180,354,46,0.0276172385369497,0.030685820596610777,-930.0512625080065,-2.3853423122328326,True
20260731,180,354,47,0.0276172385369497,0.030685820596610777,-893.2723036939456,-2.3853423122328326,True
20260731,180,354,48,0.0276172385369497,0.030685820596610777,-883.2407766863546,-2.3853423122328326,True
20260731,180,354,49,0.0276172385369497,0.030685820596610777,-908.9897161168469,-2.3853423122328326,True
20260731,180,354,50,0.0276172385369497,0.030685820596610777,-926.2552284786404,-2.3853423122328326,True
20260731,180,354,51,0.0276172385369497,0.030685820596610777,-897.7289356932276,-2.3853423122328326,True
20260731,180,354,52,0.0276172385369497,0.030685820596610777,-884.7399211209109,-2.3853423122328326,True
20260731,180,354,53,0.0276172385369497,0.030685820596610777,-879.8279293763953,-2.3853423122328326,True
20260731,180,354,54,0.0276172385369497,0.030685820596610777,-939.7480797221049,-2.3853423122328326,True
20260731,180,354,55,0.0276172385369497,0.030685820596610777,-886.2387206372733,-2.3853423122328326,True
20260731,180,354,56,0.0276172385369497,0.030685820596610777,-894.4059220342009,-2.3853423122328326,True
20260731,180,354,57,0.0276172385369497,0.030685820596610777,-837.679361468403,-2.3853423122328326,True
20260731,180,354,58,0.0276172385369497,0.030685820596610777,-861.3100332487905,-2.3853423122328326,True
20260731,180,354,59,0.0276172385369497,0.030685820596610777,-925.958904929759,-2.3853423122328326,True
20260731,180,354,60,0.0276172385369497,0.030685820596610777,-778.3766696823501,-2.3853423122328326,True
20260731,180,354,61,0.0276172385369497,0.030685820596610777,-905.932847242991,-2.3853423122328326,True
20260731,180,354,62,0.0276172385369497,0.030685820596610777,-890.4764432929842,-2.3853423122328326,True
20260731,180,354,63,0.0276172385369497,0.030685820596610777,-874.645978176607,-2.3853423122328326,True
20260731,220,1825,0,0.012163272811190748,0.01351474756798972,-1009.6432474820996,-3.205361488674241,True
20260731,220,1825,1,0.012163272811190748,0.01351474756798972,-1071.7303560835237,-3.205361488674241,True
20260731,220,1825,2,0.012163272811190748,0.01351474756798972,-1064.3935365355678,-3.205361488674241,True
20260731,220,1825,3,0.012163272811190748,0.01351474756798972,-1039.9110310336118,-3.205361488674241,True
20260731,220,1825,4,0.012163272811190748,0.01351474756798972,-1081.679043942734,-3.205361488674241,True
20260731,220,1825,5,0.012163272811190748,0.01351474756798972,-1073.0510537095845,-3.205361488674241,True
20260731,220,1825,6,0.012163272811190748,0.01351474756798972,-1091.6601823945575,-3.205361488674241,True
20260731,220,1825,7,0.012163272811190748,0.01351474756798972,-1000.6362413237617,-3.205361488674241,True
20260731,220,1825,8,0.012163272811190748,0.01351474756798972,-1093.2419081577123,-3.205361488674241,True
20260731,220,1825,9,0.012163272811190748,0.01351474756798972,-1025.6899197410012,-3.205361488674241,True
20260731,220,1825,10,0.012163272811190748,0.01351474756798972,-1106.0140417626342,-3.205361488674241,True
20260731,220,1825,11,0.012163272811190748,0.01351474756798972,-1085.7491648435707,-3.205361488674241,True
20260731,220,1825,12,0.012163272811190748,0.01351474756798972,-1093.8802620230722,-3.205361488674241,True
20260731,220,1825,13,0.012163272811190748,0.01351474756798972,-1002.1798722326633,-3.205361488674241,True
20260731,220,1825,14,0.012163272811190748,0.01351474756798972,-1060.643965843737,-3.205361488674241,True
20260731,220,1825,15,0.012163272811190748,0.01351474756798972,-1092.0227570005677,-3.205361488674241,True
20260731,220,1825,16,0.012163272811190748,0.01351474756798972,-1102.5207158055846,-3.205361488674241,True
20260731,220,1825,17,0.012163272811190748,0.01351474756798972,-1065.4264627287785,-3.205361488674241,True
20260731,220,1825,18,0.012163272811190748,0.01351474756798972,-1110.1578870997578,-3.205361488674241,True
20260731,220,1825,19,0.012163272811190748,0.01351474756798972,-1007.3432867873731,-3.205361488674241,True
20260731,220,1825,20,0.012163272811190748,0.01351474756798972,-1017.5180431942945,-3.205361488674241,True
20260731,220,1825,21,0.012163272811190748,0.01351474756798972,-1091.6664292213395,-3.205361488674241,True
20260731,220,1825,22,0.012163272811190748,0.01351474756798972,-1071.2979688369708,-3.205361488674241,True
20260731,220,1825,23,0.012163272811190748,0.01351474756798972,-1075.72176762632,-3.205361488674241,True
20260731,220,1825,24,0.012163272811190748,0.01351474756798972,-1073.3905025701183,-3.205361488674241,True
20260731,220,1825,25,0.012163272811190748,0.01351474756798972,-1077.335045354362,-3.205361488674241,True
20260731,220,1825,26,0.012163272811190748,0.01351474756798972,-1086.8238948993449,-3.205361488674241,True
20260731,220,1825,27,0.012163272811190748,0.01351474756798972,-1054.087714939463,-3.205361488674241,True
20260731,220,1825,28,0.012163272811190748,0.01351474756798972,-1103.3549137308873,-3.205361488674241,True
20260731,220,1825,29,0.012163272811190748,0.01351474756798972,-1075.2239475547044,-3.205361488674241,True
20260731,220,1825,30,0.012163272811190748,0.01351474756798972,-1099.5027517812132,-3.205361488674241,True
20260731,220,1825,31,0.012163272811190748,0.01351474756798972,-1087.1455813644407,-3.205361488674241,True
20260731,220,1825,32,0.012163272811190748,0.01351474756798972,-1092.337909546503,-3.205361488674241,True
20260731,220,1825,33,0.012163272811190748,0.01351474756798972,-1067.6254831178967,-3.205361488674241,True
20260731,220,1825,34,0.012163272811190748,0.01351474756798972,-1065.0829667420082,-3.205361488674241,True
20260731,220,1825,35,0.012163272811190748,0.01351474756798972,-1095.5878882191396,-3.205361488674241,True
20260731,220,1825,36,0.012163272811190748,0.01351474756798972,-1046.740670597757,-3.205361488674241,True
20260731,220,1825,37,0.012163272811190748,0.01351474756798972,-1101.3838794167682,-3.205361488674241,True
20260731,220,1825,38,0.012163272811190748,0.01351474756798972,-1079.4497063982133,-3.205361488674241,True
20260731,220,1825,39,0.012163272811190748,0.01351474756798972,-1081.0302337115836,-3.205361488674241,True
20260731,220,1825,40,0.012163272811190748,0.01351474756798972,-1087.7634676946295,-3.205361488674241,True
20260731,220,1825,41,0.012163272811190748,0.01351474756798972,-1101.7709150325452,-3.205361488674241,True
20260731,220,1825,42,0.012163272811190748,0.01351474756798972,-1045.7666155997708,-3.205361488674241,True
20260731,220,1825,43,0.012163272811190748,0.01351474756798972,-1095.7069450809406,-3.205361488674241,True
20260731,220,1825,44,0.012163272811190748,0.01351474756798972,-1063.1350492711474,-3.205361488674241,True
20260731,220,1825,45,0.012163272811190748,0.01351474756798972,-1100.0585944885195,-3.205361488674241,True
20260731,220,1825,46,0.012163272811190748,0.01351474756798972,-1064.3275483120071,-3.205361488674241,True
20260731,220,1825,47,0.012163272811190748,0.01351474756798972,-1065.671361860191,-3.205361488674241,True
20260731,220,1825,48,0.012163272811190748,0.01351474756798972,-1047.2369302503707,-3.205361488674241,True
20260731,220,1825,49,0.012163272811190748,0.01351474756798972,-1052.1165659461435,-3.205361488674241,True
20260731,220,1825,50,0.012163272811190748,0.01351474756798972,-1101.0680721486026,-3.205361488674241,True
20260731,220,1825,51,0.012163272811190748,0.01351474756798972,-1092.4500835367853,-3.205361488674241,True
20260731,220,1825,52,0.012163272811190748,0.01351474756798972,-1064.3952119321534,-3.205361488674241,True
20260731,220,1825,53,0.012163272811190748,0.01351474756798972,-1072.093429743012,-3.205361488674241,True
20260731,220,1825,54,0.012163272811190748,0.01351474756798972,-1039.5187071462574,-3.205361488674241,True
20260731,220,1825,55,0.012163272811190748,0.01351474756798972,-1035.6072595182113,-3.205361488674241,True
20260731,220,1825,56,0.012163272811190748,0.01351474756798972,-1060.4239284847936,-3.205361488674241,True
20260731,220,1825,57,0.012163272811190748,0.01351474756798972,-1062.7598736408459,-3.205361488674241,True
20260731,220,1825,58,0.012163272811190748,0.01351474756798972,-1067.947546766613,-3.205361488674241,True
20260731,220,1825,59,0.012163272811190748,0.01351474756798972,-1062.1960295312072,-3.205361488674241,True
20260731,220,1825,60,0.012163272811190748,0.01351474756798972,-983.5435638228483,-3.205361488674241,True
20260731,220,1825,61,0.012163272811190748,0.01351474756798972,-993.2327630732531,-3.205361488674241,True
20260731,220,1825,62,0.012163272811190748,0.01351474756798972,-1089.9362078019196,-3.205361488674241,True
20260731,220,1825,63,0.012163272811190748,0.01351474756798972,-1121.9641884820542,-3.205361488674241,True
20260731,260,9390,0,0.005362275040523719,0.005958083378359687,-1254.8867208845775,-4.024394141767099,True
20260731,260,9390,1,0.005362275040523719,0.005958083378359687,-1193.1404112827825,-4.024394141767099,True
20260731,260,9390,2,0.005362275040523719,0.005958083378359687,-1279.2370159490463,-4.024394141767099,True
20260731,260,9390,3,0.005362275040523719,0.005958083378359687,-1246.3503584704156,-4.024394141767099,True
20260731,260,9390,4,0.005362275040523719,0.005958083378359687,-1276.2445149333494,-4.024394141767099,True
20260731,260,9390,5,0.005362275040523719,0.005958083378359687,-1259.6655414800111,-4.024394141767099,True
20260731,260,9390,6,0.005362275040523719,0.005958083378359687,-1262.459797520517,-4.024394141767099,True
20260731,260,9390,7,0.005362275040523719,0.005958083378359687,-1264.9858086629843,-4.024394141767099,True
20260731,260,9390,8,0.005362275040523719,0.005958083378359687,-1258.9314063979245,-4.024394141767099,True
20260731,260,9390,9,0.005362275040523719,0.005958083378359687,-1266.4029115788358,-4.024394141767099,True
20260731,260,9390,10,0.005362275040523719,0.005958083378359687,-1287.532254342131,-4.024394141767099,True
20260731,260,9390,11,0.005362275040523719,0.005958083378359687,-1247.6574834669125,-4.024394141767099,True
20260731,260,9390,12,0.005362275040523719,0.005958083378359687,-1298.3701137704397,-4.024394141767099,True
20260731,260,9390,13,0.005362275040523719,0.005958083378359687,-1252.2480653722976,-4.024394141767099,True
20260731,260,9390,14,0.005362275040523719,0.005958083378359687,-1203.255715260932,-4.024394141767099,True
20260731,260,9390,15,0.005362275040523719,0.005958083378359687,-1270.6016011293282,-4.024394141767099,True
20260731,260,9390,16,0.005362275040523719,0.005958083378359687,-1216.4355524554192,-4.024394141767099,True
20260731,260,9390,17,0.005362275040523719,0.005958083378359687,-1243.6976847205972,-4.024394141767099,True
20260731,260,9390,18,0.005362275040523719,0.005958083378359687,-1263.5074570011814,-4.024394141767099,True
20260731,260,9390,19,0.005362275040523719,0.005958083378359687,-1253.5433914669231,-4.024394141767099,True
20260731,260,9390,20,0.005362275040523719,0.005958083378359687,-1280.979813190909,-4.024394141767099,True
20260731,260,9390,21,0.005362275040523719,0.005958083378359687,-1208.1465638181971,-4.024394141767099,True
20260731,260,9390,22,0.005362275040523719,0.005958083378359687,-1266.4582123371447,-4.024394141767099,True
20260731,260,9390,23,0.005362275040523719,0.005958083378359687,-1268.2182047238844,-4.024394141767099,True
20260731,260,9390,24,0.005362275040523719,0.005958083378359687,-1233.3721063927705,-4.024394141767099,True
20260731,260,9390,25,0.005362275040523719,0.005958083378359687,-1237.0288486860804,-4.024394141767099,True
20260731,260,9390,26,0.005362275040523719,0.005958083378359687,-1278.209280921293,-4.024394141767099,True
20260731,260,9390,27,0.005362275040523719,0.005958083378359687,-1279.2476861463626,-4.024394141767099,True
20260731,260,9390,28,0.005362275040523719,0.005958083378359687,-1242.8880341631316,-4.024394141767099,True
20260731,260,9390,29,0.005362275040523719,0.005958083378359687,-1195.565607456518,-4.024394141767099,True
20260731,260,9390,30,0.005362275040523719,0.005958083378359687,-1198.4921131061017,-4.024394141767099,True
20260731,260,9390,31,0.005362275040523719,0.005958083378359687,-1230.445476523899,-4.024394141767099,True
20260731,260,9390,32,0.005362275040523719,0.005958083378359687,-1222.6271302770288,-4.024394141767099,True
20260731,260,9390,33,0.005362275040523719,0.005958083378359687,-1218.9359472500857,-4.024394141767099,True
20260731,260,9390,34,0.005362275040523719,0.005958083378359687,-1254.4972206020593,-4.024394141767099,True
20260731,260,9390,35,0.005362275040523719,0.005958083378359687,-1271.0707575134509,-4.024394141767099,True
20260731,260,9390,36,0.005362275040523719,0.005958083378359687,-1274.4727334396655,-4.024394141767099,True
20260731,260,9390,37,0.005362275040523719,0.005958083378359687,-1279.7532326751104,-4.024394141767099,True
20260731,260,9390,38,0.005362275040523719,0.005958083378359687,-1191.0096757115325,-4.024394141767099,True
20260731,260,9390,39,0.005362275040523719,0.005958083378359687,-1283.1415489782944,-4.024394141767099,True
20260731,260,9390,40,0.005362275040523719,0.005958083378359687,-1242.075443799893,-4.024394141767099,True
20260731,260,9390,41,0.005362275040523719,0.005958083378359687,-1269.3738793902598,-4.024394141767099,True
20260731,260,9390,42,0.005362275040523719,0.005958083378359687,-1282.0149428719649,-4.024394141767099,True
20260731,260,9390,43,0.005362275040523719,0.005958083378359687,-1249.4742695222524,-4.024394141767099,True
20260731,260,9390,44,0.005362275040523719,0.005958083378359687,-1260.79623306335,-4.024394141767099,True
20260731,260,9390,45,0.005362275040523719,0.005958083378359687,-1262.5144223652385,-4.024394141767099,True
20260731,260,9390,46,0.005362275040523719,0.005958083378359687,-1266.7978427629348,-4.024394141767099,True
20260731,260,9390,47,0.005362275040523719,0.005958083378359687,-1201.1534388136663,-4.024394141767099,True
20260731,260,9390,48,0.005362275040523719,0.005958083378359687,-1266.7733139646043,-4.024394141767099,True
20260731,260,9390,49,0.005362275040523719,0.005958083378359687,-1262.4304471401144,-4.024394141767099,True
20260731,260,9390,50,0.005362275040523719,0.005958083378359687,-1241.9262004253371,-4.024394141767099,True
20260731,260,9390,51,0.005362275040523719,0.005958083378359687,-1272.9430842448796,-4.024394141767099,True
20260731,260,9390,52,0.005362275040523719,0.005958083378359687,-1241.7736781301955,-4.024394141767099,True
20260731,260,9390,53,0.005362275040523719,0.005958083378359687,-1262.9164040894964,-4.024394141767099,True
20260731,260,9390,54,0.005362275040523719,0.005958083378359687,-1264.7788480723991,-4.024394141767099,True
20260731,260,9390,55,0.005362275040523719,0.005958083378359687,-1177.3328198095398,-4.024394141767099,True
20260731,260,9390,56,0.005362275040523719,0.005958083378359687,-1254.1167101779286,-4.024394141767099,True
20260731,260,9390,57,0.005362275040523719,0.005958083378359687,-1237.4275323240413,-4.024394141767099,True
20260731,260,9390,58,0.005362275040523719,0.005958083378359687,-1231.7902374684984,-4.024394141767099,True
20260731,260,9390,59,0.005362275040523719,0.005958083378359687,-1248.3259572090592,-4.024394141767099,True
20260731,260,9390,60,0.005362275040523719,0.005958083378359687,-1259.5565427350946,-4.024394141767099,True
20260731,260,9390,61,0.005362275040523719,0.005958083378359687,-1231.3368143612943,-4.024394141767099,True
20260731,260,9390,62,0.005362275040523719,0.005958083378359687,-1260.1862805427402,-4.024394141767099,True
20260731,260,9390,63,0.005362275040523719,0.005958083378359687,-1241.0187732388895,-4.024394141767099,True
20260732,100,13,0,0.1441153384245784,0.16012815380508713,-587.097486382015,-0.7331685343967136,True
20260732,100,13,1,0.1441153384245784,0.16012815380508713,-577.1088595238618,-0.7331685343967136,True
20260732,100,13,2,0.1441153384245784,0.16012815380508713,-593.8633409832848,-0.7331685343967136,True
20260732,100,13,3,0.1441153384245784,0.16012815380508713,-557.0709408861067,-0.7331685343967136,True
20260732,100,13,4,0.1441153384245784,0.16012815380508713,-526.2225498894172,-0.7331685343967136,True
20260732,100,13,5,0.1441153384245784,0.16012815380508713,-525.7797709505887,-0.7331685343967136,True
20260732,100,13,6,0.1441153384245784,0.16012815380508713,-585.9028887208589,-0.7331685343967136,True
20260732,100,13,7,0.1441153384245784,0.16012815380508713,-544.5198890804604,-0.7331685343967136,True
20260732,100,13,8,0.1441153384245784,0.16012815380508713,-479.073290703365,-0.7331685343967136,True
20260732,100,13,9,0.1441153384245784,0.16012815380508713,-482.6923869406933,-0.7331685343967136,True
20260732,100,13,10,0.1441153384245784,0.16012815380508713,-546.9168002625438,-0.7331685343967136,True
20260732,100,13,11,0.1441153384245784,0.16012815380508713,-583.7250573610212,-0.7331685343967136,True
20260732,100,13,12,0.1441153384245784,0.16012815380508713,-555.743243973465,-0.7331685343967136,True
20260732,140,69,0,0.06255432421712244,0.06950480468569159,-740.2184105974172,-1.5677471079645748,True
20260732,140,69,1,0.06255432421712244,0.06950480468569159,-737.8036781103132,-1.5677471079645748,True
20260732,140,69,2,0.06255432421712244,0.06950480468569159,-672.808640807143,-1.5677471079645748,True
20260732,140,69,3,0.06255432421712244,0.06950480468569159,-740.3788613510452,-1.5677471079645748,True
20260732,140,69,4,0.06255432421712244,0.06950480468569159,-671.9282692153107,-1.5677471079645748,True
20260732,140,69,5,0.06255432421712244,0.06950480468569159,-708.7922103527902,-1.5677471079645748,True
20260732,140,69,6,0.06255432421712244,0.06950480468569159,-703.0150284840172,-1.5677471079645748,True
20260732,140,69,7,0.06255432421712244,0.06950480468569159,-741.1020181627722,-1.5677471079645748,True
20260732,140,69,8,0.06255432421712244,0.06950480468569159,-780.8730523837553,-1.5677471079645748,True
20260732,140,69,9,0.06255432421712244,0.06950480468569159,-726.821040272615,-1.5677471079645748,True
20260732,140,69,10,0.06255432421712244,0.06950480468569159,-730.9887657952873,-1.5677471079645748,True
20260732,140,69,11,0.06255432421712244,0.06950480468569159,-704.6965851873716,-1.5677471079645748,True
20260732,140,69,12,0.06255432421712244,0.06950480468569159,-671.9700408050547,-1.5677471079645748,True
20260732,140,69,13,0.06255432421712244,0.06950480468569159,-679.0340207798916,-1.5677471079645748,True
20260732,140,69,14,0.06255432421712244,0.06950480468569159,-687.8789145542607,-1.5677471079645748,True
20260732,140,69,15,0.06255432421712244,0.06950480468569159,-684.1476248133412,-1.5677471079645748,True
20260732,140,69,16,0.06255432421712244,0.06950480468569159,-660.1872504267002,-1.5677471079645748,True
20260732,140,69,17,0.06255432421712244,0.06950480468569159,-670.1864754451043,-1.5677471079645748,True
20260732,140,69,18,0.06255432421712244,0.06950480468569159,-718.9263185948721,-1.5677471079645748,True
20260732,140,69,19,0.06255432421712244,0.06950480468569159,-690.0242800314267,-1.5677471079645748,True
20260732,140,69,20,0.06255432421712244,0.06950480468569159,-717.1517061667466,-1.5677471079645748,True
20260732,140,69,21,0.06255432421712244,0.06950480468569159,-681.3982487295187,-1.5677471079645748,True
20260732,140,69,22,0.06255432421712244,0.06950480468569159,-649.4044748334237,-1.5677471079645748,True
20260732,140,69,23,0.06255432421712244,0.06950480468569159,-723.0580700120462,-1.5677471079645748,True
20260732,140,69,24,0.06255432421712244,0.06950480468569159,-659.1415079975046,-1.5677471079645748,True
20260732,140,69,25,0.06255432421712244,0.06950480468569159,-698.704965471233,-1.5677471079645748,True
20260732,140,69,26,0.06255432421712244,0.06950480468569159,-679.3422675102959,-1.5677471079645748,True
20260732,140,69,27,0.06255432421712244,0.06950480468569159,-766.7035283308503,-1.5677471079645748,True
20260732,140,69,28,0.06255432421712244,0.06950480468569159,-676.9759694167398,-1.5677471079645748,True
20260732,140,69,29,0.06255432421712244,0.06950480468569159,-718.7625445949227,-1.5677471079645748,True
20260732,140,69,30,0.06255432421712244,0.06950480468569159,-724.1292020486254,-1.5677471079645748,True
20260732,140,69,31,0.06255432421712244,0.06950480468569159,-671.746411466267,-1.5677471079645748,True
20260732,140,69,32,0.06255432421712244,0.06950480468569159,-712.3035126564405,-1.5677471079645748,True
20260732,140,69,33,0.06255432421712244,0.06950480468569159,-692.4659060704075,-1.5677471079645748,True
20260732,140,69,34,0.06255432421712244,0.06950480468569159,-615.3816997152354,-1.5677471079645748,True
20260732,140,69,35,0.06255432421712244,0.06950480468569159,-696.3798637572769,-1.5677471079645748,True
20260732,140,69,36,0.06255432421712244,0.06950480468569159,-699.377088201008,-1.5677471079645748,True
20260732,140,69,37,0.06255432421712244,0.06950480468569159,-670.8737497165267,-1.5677471079645748,True
20260732,140,69,38,0.06255432421712244,0.06950480468569159,-694.1913729856112,-1.5677471079645748,True
20260732,140,69,39,0.06255432421712244,0.06950480468569159,-700.2472317352702,-1.5677471079645748,True
20260732,140,69,40,0.06255432421712244,0.06950480468569159,-740.7444918536731,-1.5677471079645748,True
20260732,140,69,41,0.06255432421712244,0.06950480468569159,-665.1452855573317,-1.5677471079645748,True
20260732,140,69,42,0.06255432421712244,0.06950480468569159,-742.454459838583,-1.5677471079645748,True
20260732,140,69,43,0.06255432421712244,0.06950480468569159,-747.2483352223848,-1.5677471079645748,True
20260732,140,69,44,0.06255432421712244,0.06950480468569159,-688.4031450382707,-1.5677471079645748,True
20260732,140,69,45,0.06255432421712244,0.06950480468569159,-753.7245883856363,-1.5677471079645748,True
20260732,140,69,46,0.06255432421712244,0.06950480468569159,-716.3516599745126,-1.5677471079645748,True
20260732,140,69,47,0.06255432421712244,0.06950480468569159,-681.0202819424419,-1.5677471079645748,True
20260732,140,69,48,0.06255432421712244,0.06950480468569159,-711.2695833044656,-1.5677471079645748,True
20260732,140,69,49,0.06255432421712244,0.06950480468569159,-722.1729741702045,-1.5677471079645748,True
20260732,140,69,50,0.06255432421712244,0.06950480468569159,-708.5670116185587,-1.5677471079645748,True
20260732,140,69,51,0.06255432421712244,0.06950480468569159,-689.1453968856806,-1.5677471079645748,True
20260732,140,69,52,0.06255432421712244,0.06950480468569159,-748.161915098048,-1.5677471079645748,True
20260732,140,69,53,0.06255432421712244,0.06950480468569159,-748.9531370198858,-1.5677471079645748,True
20260732,140,69,54,0.06255432421712244,0.06950480468569159,-683.9855398632372,-1.5677471079645748,True
20260732,140,69,55,0.06255432421712244,0.06950480468569159,-699.6349654284767,-1.5677471079645748,True
20260732,140,69,56,0.06255432421712244,0.06950480468569159,-703.2674376898109,-1.5677471079645748,True
20260732,140,69,57,0.06255432421712244,0.06950480468569159,-688.1038118699294,-1.5677471079645748,True
20260732,140,69,58,0.06255432421712244,0.06950480468569159,-696.2682448114805,-1.5677471079645748,True
20260732,140,69,59,0.06255432421712244,0.06950480468569159,-721.1778126463453,-1.5677471079645748,True
20260732,140,69,60,0.06255432421712244,0.06950480468569159,-689.1729347138237,-1.5677471079645748,True
20260732,140,69,61,0.06255432421712244,0.06950480468569159,-711.9126016967732,-1.5677471079645748,True
20260732,140,69,62,0.06255432421712244,0.06950480468569159,-665.776238924333,-1.5677471079645748,True
20260732,140,69,63,0.06255432421712244,0.06950480468569159,-615.2987531176452,-1.5677471079645748,True
20260732,180,354,0,0.0276172385369497,0.030685820596610777,-949.2373459492777,-2.3853423122328326,True
20260732,180,354,1,0.0276172385369497,0.030685820596610777,-885.6180182946262,-2.3853423122328326,True
20260732,180,354,2,0.0276172385369497,0.030685820596610777,-875.5168446460673,-2.3853423122328326,True
20260732,180,354,3,0.0276172385369497,0.030685820596610777,-885.2075873916278,-2.3853423122328326,True
20260732,180,354,4,0.0276172385369497,0.030685820596610777,-925.3339908242762,-2.3853423122328326,True
20260732,180,354,5,0.0276172385369497,0.030685820596610777,-894.0265836738668,-2.3853423122328326,True
20260732,180,354,6,0.0276172385369497,0.030685820596610777,-887.7904033268765,-2.3853423122328326,True
20260732,180,354,7,0.0276172385369497,0.030685820596610777,-900.5910403678998,-2.3853423122328326,True
20260732,180,354,8,0.0276172385369497,0.030685820596610777,-869.3213396406859,-2.3853423122328326,True
20260732,180,354,9,0.0276172385369497,0.030685820596610777,-851.266218883047,-2.3853423122328326,True
20260732,180,354,10,0.0276172385369497,0.030685820596610777,-853.9746633423892,-2.3853423122328326,True
20260732,180,354,11,0.0276172385369497,0.030685820596610777,-882.7127518636332,-2.3853423122328326,True
20260732,180,354,12,0.0276172385369497,0.030685820596610777,-839.784631564158,-2.3853423122328326,True
20260732,180,354,13,0.0276172385369497,0.030685820596610777,-828.686368475237,-2.3853423122328326,True
20260732,180,354,14,0.0276172385369497,0.030685820596610777,-882.4266233855574,-2.3853423122328326,True
20260732,180,354,15,0.0276172385369497,0.030685820596610777,-800.274325359441,-2.3853423122328326,True
20260732,180,354,16,0.0276172385369497,0.030685820596610777,-906.5789110267007,-2.3853423122328326,True
20260732,180,354,17,0.0276172385369497,0.030685820596610777,-903.0642767043482,-2.3853423122328326,True
20260732,180,354,18,0.0276172385369497,0.030685820596610777,-871.2892589719343,-2.3853423122328326,True
20260732,180,354,19,0.0276172385369497,0.030685820596610777,-894.570248904084,-2.3853423122328326,True
20260732,180,354,20,0.0276172385369497,0.030685820596610777,-876.15538161112,-2.3853423122328326,True
20260732,180,354,21,0.0276172385369497,0.030685820596610777,-829.119703383297,-2.3853423122328326,True
20260732,180,354,22,0.0276172385369497,0.030685820596610777,-849.4130610691195,-2.3853423122328326,True
20260732,180,354,23,0.0276172385369497,0.030685820596610777,-881.1728647015747,-2.3853423122328326,True
20260732,180,354,24,0.0276172385369497,0.030685820596610777,-908.224422008516,-2.3853423122328326,True
20260732,180,354,25,0.0276172385369497,0.030685820596610777,-800.4632478932926,-2.3853423122328326,True
20260732,180,354,26,0.0276172385369497,0.030685820596610777,-907.5566661113974,-2.3853423122328326,True
20260732,180,354,27,0.0276172385369497,0.030685820596610777,-898.1935158538763,-2.3853423122328326,True
20260732,180,354,28,0.0276172385369497,0.030685820596610777,-947.4885785937321,-2.3853423122328326,True
20260732,180,354,29,0.0276172385369497,0.030685820596610777,-877.8176258678282,-2.3853423122328326,True
20260732,180,354,30,0.0276172385369497,0.030685820596610777,-796.4211730962879,-2.3853423122328326,True
20260732,180,354,31,0.0276172385369497,0.030685820596610777,-896.497419458936,-2.3853423122328326,True
20260732,180,354,32,0.0276172385369497,0.030685820596610777,-857.864691658296,-2.3853423122328326,True
20260732,180,354,33,0.0276172385369497,0.030685820596610777,-893.4233141669339,-2.3853423122328326,True
20260732,180,354,34,0.0276172385369497,0.030685820596610777,-908.7961969600586,-2.3853423122328326,True
20260732,180,354,35,0.0276172385369497,0.030685820596610777,-856.3323806088996,-2.3853423122328326,True
20260732,180,354,36,0.0276172385369497,0.030685820596610777,-869.4867203555759,-2.3853423122328326,True
20260732,180,354,37,0.0276172385369497,0.030685820596610777,-906.0980999959734,-2.3853423122328326,True
20260732,180,354,38,0.0276172385369497,0.030685820596610777,-875.593278749979,-2.3853423122328326,True
20260732,180,354,39,0.0276172385369497,0.030685820596610777,-879.8869788813878,-2.3853423122328326,True
20260732,180,354,40,0.0276172385369497,0.030685820596610777,-855.0703064063506,-2.3853423122328326,True
20260732,180,354,41,0.0276172385369497,0.030685820596610777,-838.0506597423843,-2.3853423122328326,True
20260732,180,354,42,0.0276172385369497,0.030685820596610777,-939.3292914450649,-2.3853423122328326,True
20260732,180,354,43,0.0276172385369497,0.030685820596610777,-829.0996926921883,-2.3853423122328326,True
20260732,180,354,44,0.0276172385369497,0.030685820596610777,-864.1533818786584,-2.3853423122328326,True
20260732,180,354,45,0.0276172385369497,0.030685820596610777,-890.9427738096128,-2.3853423122328326,True
20260732,180,354,46,0.0276172385369497,0.030685820596610777,-907.3373335076517,-2.3853423122328326,True
20260732,180,354,47,0.0276172385369497,0.030685820596610777,-916.8340248737608,-2.3853423122328326,True
20260732,180,354,48,0.0276172385369497,0.030685820596610777,-935.6289618006786,-2.3853423122328326,True
20260732,180,354,49,0.0276172385369497,0.030685820596610777,-846.95386135521,-2.3853423122328326,True
20260732,180,354,50,0.0276172385369497,0.030685820596610777,-885.1827969598401,-2.3853423122328326,True
20260732,180,354,51,0.0276172385369497,0.030685820596610777,-920.7182540833692,-2.3853423122328326,True
20260732,180,354,52,0.0276172385369497,0.030685820596610777,-859.7245518716992,-2.3853423122328326,True
20260732,180,354,53,0.0276172385369497,0.030685820596610777,-900.503561792559,-2.3853423122328326,True
20260732,180,354,54,0.0276172385369497,0.030685820596610777,-891.293027458989,-2.3853423122328326,True
20260732,180,354,55,0.0276172385369497,0.030685820596610777,-914.1131594679372,-2.3853423122328326,True
20260732,180,354,56,0.0276172385369497,0.030685820596610777,-930.1645690595435,-2.3853423122328326,True
20260732,180,354,57,0.0276172385369497,0.030685820596610777,-884.0265293035568,-2.3853423122328326,True
20260732,180,354,58,0.0276172385369497,0.030685820596610777,-891.1940813429935,-2.3853423122328326,True
20260732,180,354,59,0.0276172385369497,0.030685820596610777,-862.6558353553417,-2.3853423122328326,True
20260732,180,354,60,0.0276172385369497,0.030685820596610777,-881.1416665435814,-2.3853423122328326,True
20260732,180,354,61,0.0276172385369497,0.030685820596610777,-860.3900085235751,-2.3853423122328326,True
20260732,180,354,62,0.0276172385369497,0.030685820596610777,-892.3384454030937,-2.3853423122328326,True
20260732,180,354,63,0.0276172385369497,0.030685820596610777,-920.213907385788,-2.3853423122328326,True
20260732,220,1825,0,0.012163272811190748,0.01351474756798972,-1090.4256353611834,-3.205361488674241,True
20260732,220,1825,1,0.012163272811190748,0.01351474756798972,-1124.799295991758,-3.205361488674241,True
20260732,220,1825,2,0.012163272811190748,0.01351474756798972,-1094.2128896937572,-3.205361488674241,True
20260732,220,1825,3,0.012163272811190748,0.01351474756798972,-988.3284581247299,-3.205361488674241,True
20260732,220,1825,4,0.012163272811190748,0.01351474756798972,-1055.9771860797287,-3.205361488674241,True
20260732,220,1825,5,0.012163272811190748,0.01351474756798972,-1067.6589758907596,-3.205361488674241,True
20260732,220,1825,6,0.012163272811190748,0.01351474756798972,-1031.9187742445101,-3.205361488674241,True
20260732,220,1825,7,0.012163272811190748,0.01351474756798972,-1057.2170482970218,-3.205361488674241,True
20260732,220,1825,8,0.012163272811190748,0.01351474756798972,-1072.5398052879373,-3.205361488674241,True
20260732,220,1825,9,0.012163272811190748,0.01351474756798972,-1106.057130789805,-3.205361488674241,True
20260732,220,1825,10,0.012163272811190748,0.01351474756798972,-1052.426762686935,-3.205361488674241,True
20260732,220,1825,11,0.012163272811190748,0.01351474756798972,-1056.3125826868586,-3.205361488674241,True
20260732,220,1825,12,0.012163272811190748,0.01351474756798972,-1030.3731482820415,-3.205361488674241,True
20260732,220,1825,13,0.012163272811190748,0.01351474756798972,-1017.9340864394261,-3.205361488674241,True
20260732,220,1825,14,0.012163272811190748,0.01351474756798972,-1092.6701047680588,-3.205361488674241,True
20260732,220,1825,15,0.012163272811190748,0.01351474756798972,-1109.5889143713703,-3.205361488674241,True
20260732,220,1825,16,0.012163272811190748,0.01351474756798972,-1041.027073183468,-3.205361488674241,True
20260732,220,1825,17,0.012163272811190748,0.01351474756798972,-1099.772289561417,-3.205361488674241,True
20260732,220,1825,18,0.012163272811190748,0.01351474756798972,-1039.288496642219,-3.205361488674241,True
20260732,220,1825,19,0.012163272811190748,0.01351474756798972,-1107.7241714419326,-3.205361488674241,True
20260732,220,1825,20,0.012163272811190748,0.01351474756798972,-1052.8365350926433,-3.205361488674241,True
20260732,220,1825,21,0.012163272811190748,0.01351474756798972,-1049.6695018206262,-3.205361488674241,True
20260732,220,1825,22,0.012163272811190748,0.01351474756798972,-1069.4766840231077,-3.205361488674241,True
20260732,220,1825,23,0.012163272811190748,0.01351474756798972,-1107.190802614411,-3.205361488674241,True
20260732,220,1825,24,0.012163272811190748,0.01351474756798972,-1081.8835236252412,-3.205361488674241,True
20260732,220,1825,25,0.012163272811190748,0.01351474756798972,-1034.7368914725548,-3.205361488674241,True
20260732,220,1825,26,0.012163272811190748,0.01351474756798972,-1111.3045941079572,-3.205361488674241,True
20260732,220,1825,27,0.012163272811190748,0.01351474756798972,-1087.0320420949352,-3.205361488674241,True
20260732,220,1825,28,0.012163272811190748,0.01351474756798972,-1061.9813509172818,-3.205361488674241,True
20260732,220,1825,29,0.012163272811190748,0.01351474756798972,-1095.7581588270166,-3.205361488674241,True
20260732,220,1825,30,0.012163272811190748,0.01351474756798972,-1084.5523431762074,-3.205361488674241,True
20260732,220,1825,31,0.012163272811190748,0.01351474756798972,-1084.5073541644576,-3.205361488674241,True
20260732,220,1825,32,0.012163272811190748,0.01351474756798972,-988.3967952230714,-3.205361488674241,True
20260732,220,1825,33,0.012163272811190748,0.01351474756798972,-981.3769148472812,-3.205361488674241,True
20260732,220,1825,34,0.012163272811190748,0.01351474756798972,-1069.2086651580094,-3.205361488674241,True
20260732,220,1825,35,0.012163272811190748,0.01351474756798972,-1037.186358523326,-3.205361488674241,True
20260732,220,1825,36,0.012163272811190748,0.01351474756798972,-1037.3193025462808,-3.205361488674241,True
20260732,220,1825,37,0.012163272811190748,0.01351474756798972,-1106.17155753054,-3.205361488674241,True
20260732,220,1825,38,0.012163272811190748,0.01351474756798972,-1026.069924534493,-3.205361488674241,True
20260732,220,1825,39,0.012163272811190748,0.01351474756798972,-1060.5200465730404,-3.205361488674241,True
20260732,220,1825,40,0.012163272811190748,0.01351474756798972,-1008.7719504223203,-3.205361488674241,True
20260732,220,1825,41,0.012163272811190748,0.01351474756798972,-1074.5156519213624,-3.205361488674241,True
20260732,220,1825,42,0.012163272811190748,0.01351474756798972,-1025.0128451179826,-3.205361488674241,True
20260732,220,1825,43,0.012163272811190748,0.01351474756798972,-1075.8983823389856,-3.205361488674241,True
20260732,220,1825,44,0.012163272811190748,0.01351474756798972,-1081.8844612591863,-3.205361488674241,True
20260732,220,1825,45,0.012163272811190748,0.01351474756798972,-1111.179728110943,-3.205361488674241,True
20260732,220,1825,46,0.012163272811190748,0.01351474756798972,-1089.0594622717647,-3.205361488674241,True
20260732,220,1825,47,0.012163272811190748,0.01351474756798972,-1079.4826087775114,-3.205361488674241,True
20260732,220,1825,48,0.012163272811190748,0.01351474756798972,-1093.897279290451,-3.205361488674241,True
20260732,220,1825,49,0.012163272811190748,0.01351474756798972,-1092.5526956015317,-3.205361488674241,True
20260732,220,1825,50,0.012163272811190748,0.01351474756798972,-1076.4516305980374,-3.205361488674241,True
20260732,220,1825,51,0.012163272811190748,0.01351474756798972,-1029.874275090735,-3.205361488674241,True
20260732,220,1825,52,0.012163272811190748,0.01351474756798972,-1076.322985209823,-3.205361488674241,True
20260732,220,1825,53,0.012163272811190748,0.01351474756798972,-1097.3654211168857,-3.205361488674241,True
20260732,220,1825,54,0.012163272811190748,0.01351474756798972,-1025.0205335414053,-3.205361488674241,True
20260732,220,1825,55,0.012163272811190748,0.01351474756798972,-1058.4682814251642,-3.205361488674241,True
20260732,220,1825,56,0.012163272811190748,0.01351474756798972,-1097.602686626862,-3.205361488674241,True
20260732,220,1825,57,0.012163272811190748,0.01351474756798972,-1113.938727269796,-3.205361488674241,True
20260732,220,1825,58,0.012163272811190748,0.01351474756798972,-1021.3010107572876,-3.205361488674241,True
20260732,220,1825,59,0.012163272811190748,0.01351474756798972,-1100.6809475971997,-3.205361488674241,True
20260732,220,1825,60,0.012163272811190748,0.01351474756798972,-1125.6768527077452,-3.205361488674241,True
20260732,220,1825,61,0.012163272811190748,0.01351474756798972,-1023.7283282197805,-3.205361488674241,True
20260732,220,1825,62,0.012163272811190748,0.01351474756798972,-1061.3074219104833,-3.205361488674241,True
20260732,220,1825,63,0.012163272811190748,0.01351474756798972,-1089.2609989836426,-3.205361488674241,True
20260732,260,9390,0,0.005362275040523719,0.005958083378359687,-1259.305760188427,-4.024394141767099,True
20260732,260,9390,1,0.005362275040523719,0.005958083378359687,-1279.6855274572133,-4.024394141767099,True
20260732,260,9390,2,0.005362275040523719,0.005958083378359687,-1265.5349305288341,-4.024394141767099,True
20260732,260,9390,3,0.005362275040523719,0.005958083378359687,-1219.9938723192126,-4.024394141767099,True
20260732,260,9390,4,0.005362275040523719,0.005958083378359687,-1234.546358667472,-4.024394141767099,True
20260732,260,9390,5,0.005362275040523719,0.005958083378359687,-1203.9156375231935,-4.024394141767099,True
20260732,260,9390,6,0.005362275040523719,0.005958083378359687,-1228.3623608796754,-4.024394141767099,True
20260732,260,9390,7,0.005362275040523719,0.005958083378359687,-1205.8387953763804,-4.024394141767099,True
20260732,260,9390,8,0.005362275040523719,0.005958083378359687,-1269.6767506285832,-4.024394141767099,True
20260732,260,9390,9,0.005362275040523719,0.005958083378359687,-1245.0245560084813,-4.024394141767099,True
20260732,260,9390,10,0.005362275040523719,0.005958083378359687,-1270.288371547215,-4.024394141767099,True
20260732,260,9390,11,0.005362275040523719,0.005958083378359687,-1277.6268981819483,-4.024394141767099,True
20260732,260,9390,12,0.005362275040523719,0.005958083378359687,-1284.1914324367056,-4.024394141767099,True
20260732,260,9390,13,0.005362275040523719,0.005958083378359687,-1221.817023137655,-4.024394141767099,True
20260732,260,9390,14,0.005362275040523719,0.005958083378359687,-1260.1732276032558,-4.024394141767099,True
20260732,260,9390,15,0.005362275040523719,0.005958083378359687,-1238.3535139817438,-4.024394141767099,True
20260732,260,9390,16,0.005362275040523719,0.005958083378359687,-1265.8675348968568,-4.024394141767099,True
20260732,260,9390,17,0.005362275040523719,0.005958083378359687,-1274.9628238183925,-4.024394141767099,True
20260732,260,9390,18,0.005362275040523719,0.005958083378359687,-1255.82093825043,-4.024394141767099,True
20260732,260,9390,19,0.005362275040523719,0.005958083378359687,-1269.4140508000664,-4.024394141767099,True
20260732,260,9390,20,0.005362275040523719,0.005958083378359687,-1281.4416191000025,-4.024394141767099,True
20260732,260,9390,21,0.005362275040523719,0.005958083378359687,-1250.4704909128284,-4.024394141767099,True
20260732,260,9390,22,0.005362275040523719,0.005958083378359687,-1247.3343049579817,-4.024394141767099,True
20260732,260,9390,23,0.005362275040523719,0.005958083378359687,-1173.8982390481208,-4.024394141767099,True
20260732,260,9390,24,0.005362275040523719,0.005958083378359687,-1261.665526096272,-4.024394141767099,True
20260732,260,9390,25,0.005362275040523719,0.005958083378359687,-1234.641968495334,-4.024394141767099,True
20260732,260,9390,26,0.005362275040523719,0.005958083378359687,-1200.3858987644526,-4.024394141767099,True
20260732,260,9390,27,0.005362275040523719,0.005958083378359687,-1254.96220564208,-4.024394141767099,True
20260732,260,9390,28,0.005362275040523719,0.005958083378359687,-1264.9245830906486,-4.024394141767099,True
20260732,260,9390,29,0.005362275040523719,0.005958083378359687,-1256.933207541258,-4.024394141767099,True
20260732,260,9390,30,0.005362275040523719,0.005958083378359687,-1231.758096325231,-4.024394141767099,True
20260732,260,9390,31,0.005362275040523719,0.005958083378359687,-1258.470564786814,-4.024394141767099,True
20260732,260,9390,32,0.005362275040523719,0.005958083378359687,-1224.6559920868547,-4.024394141767099,True
20260732,260,9390,33,0.005362275040523719,0.005958083378359687,-1253.2214618066114,-4.024394141767099,True
20260732,260,9390,34,0.005362275040523719,0.005958083378359687,-1286.62398607271,-4.024394141767099,True
20260732,260,9390,35,0.005362275040523719,0.005958083378359687,-1225.8026135634896,-4.024394141767099,True
20260732,260,9390,36,0.005362275040523719,0.005958083378359687,-1278.438349603218,-4.024394141767099,True
20260732,260,9390,37,0.005362275040523719,0.005958083378359687,-1265.8849852217188,-4.024394141767099,True
20260732,260,9390,38,0.005362275040523719,0.005958083378359687,-1255.2041282869143,-4.024394141767099,True
20260732,260,9390,39,0.005362275040523719,0.005958083378359687,-1237.49448954274,-4.024394141767099,True
20260732,260,9390,40,0.005362275040523719,0.005958083378359687,-1223.80544173993,-4.024394141767099,True
20260732,260,9390,41,0.005362275040523719,0.005958083378359687,-1258.128692725108,-4.024394141767099,True
20260732,260,9390,42,0.005362275040523719,0.005958083378359687,-1288.1927610860232,-4.024394141767099,True
20260732,260,9390,43,0.005362275040523719,0.005958083378359687,-1231.5475885797669,-4.024394141767099,True
20260732,260,9390,44,0.005362275040523719,0.005958083378359687,-1261.0587554121025,-4.024394141767099,True
20260732,260,9390,45,0.005362275040523719,0.005958083378359687,-1243.0080461509926,-4.024394141767099,True
20260732,260,9390,46,0.005362275040523719,0.005958083378359687,-1232.5768367983405,-4.024394141767099,True
20260732,260,9390,47,0.005362275040523719,0.005958083378359687,-1221.8641758597873,-4.024394141767099,True
20260732,260,9390,48,0.005362275040523719,0.005958083378359687,-1278.8312032252923,-4.024394141767099,True
20260732,260,9390,49,0.005362275040523719,0.005958083378359687,-1254.8209175929333,-4.024394141767099,True
20260732,260,9390,50,0.005362275040523719,0.005958083378359687,-1250.7563484779425,-4.024394141767099,True
20260732,260,9390,51,0.005362275040523719,0.005958083378359687,-1291.9788172105334,-4.024394141767099,True
20260732,260,9390,52,0.005362275040523719,0.005958083378359687,-1272.4223221213363,-4.024394141767099,True
20260732,260,9390,53,0.005362275040523719,0.005958083378359687,-1280.0573307716354,-4.024394141767099,True
20260732,260,9390,54,0.005362275040523719,0.005958083378359687,-1193.486521118212,-4.024394141767099,True
20260732,260,9390,55,0.005362275040523719,0.005958083378359687,-1262.0098571095912,-4.024394141767099,True
20260732,260,9390,56,0.005362275040523719,0.005958083378359687,-1208.0036956097615,-4.024394141767099,True
20260732,260,9390,57,0.005362275040523719,0.005958083378359687,-1247.0907296212447,-4.024394141767099,True
20260732,260,9390,58,0.005362275040523719,0.005958083378359687,-1218.9205193666885,-4.024394141767099,True
20260732,260,9390,59,0.005362275040523719,0.005958083378359687,-1207.3738178958656,-4.024394141767099,True
20260732,260,9390,60,0.005362275040523719,0.005958083378359687,-1297.5879038965716,-4.024394141767099,True
20260732,260,9390,61,0.005362275040523719,0.005958083378359687,-1254.6659591662196,-4.024394141767099,True
20260732,260,9390,62,0.005362275040523719,0.005958083378359687,-1289.6216588585746,-4.024394141767099,True
20260732,260,9390,63,0.005362275040523719,0.005958083378359687,-1214.4434591836389,-4.024394141767099,True
20260733,100,13,0,0.1441153384245784,0.16012815380508713,-416.199135300217,-0.7331685343967136,True
20260733,100,13,1,0.1441153384245784,0.16012815380508713,-538.5133707164466,-0.7331685343967136,True
20260733,100,13,2,0.1441153384245784,0.16012815380508713,-574.152426326479,-0.7331685343967136,True
20260733,100,13,3,0.1441153384245784,0.16012815380508713,-538.880423556949,-0.7331685343967136,True
20260733,100,13,4,0.1441153384245784,0.16012815380508713,-545.9072249752994,-0.7331685343967136,True
20260733,100,13,5,0.1441153384245784,0.16012815380508713,-535.7173122290924,-0.7331685343967136,True
20260733,100,13,6,0.1441153384245784,0.16012815380508713,-537.5157665958375,-0.7331685343967136,True
20260733,100,13,7,0.1441153384245784,0.16012815380508713,-519.1909499090465,-0.7331685343967136,True
20260733,100,13,8,0.1441153384245784,0.16012815380508713,-569.9151983216086,-0.7331685343967136,True
20260733,100,13,9,0.1441153384245784,0.16012815380508713,-563.6558276857094,-0.7331685343967136,True
20260733,100,13,10,0.1441153384245784,0.16012815380508713,-415.6941216045178,-0.7331685343967136,True
20260733,100,13,11,0.1441153384245784,0.16012815380508713,-520.0797865634281,-0.7331685343967136,True
20260733,100,13,12,0.1441153384245784,0.16012815380508713,-496.6701580176063,-0.7331685343967136,True
20260733,140,69,0,0.06255432421712244,0.06950480468569159,-718.1406996544868,-1.5677471079645748,True
20260733,140,69,1,0.06255432421712244,0.06950480468569159,-695.9225540985581,-1.5677471079645748,True
20260733,140,69,2,0.06255432421712244,0.06950480468569159,-705.3637834699947,-1.5677471079645748,True
20260733,140,69,3,0.06255432421712244,0.06950480468569159,-748.9620285657045,-1.5677471079645748,True
20260733,140,69,4,0.06255432421712244,0.06950480468569159,-659.4688426622394,-1.5677471079645748,True
20260733,140,69,5,0.06255432421712244,0.06950480468569159,-701.9360788014646,-1.5677471079645748,True
20260733,140,69,6,0.06255432421712244,0.06950480468569159,-681.5265834835071,-1.5677471079645748,True
20260733,140,69,7,0.06255432421712244,0.06950480468569159,-681.163253943956,-1.5677471079645748,True
20260733,140,69,8,0.06255432421712244,0.06950480468569159,-695.0710265646661,-1.5677471079645748,True
20260733,140,69,9,0.06255432421712244,0.06950480468569159,-696.907123848108,-1.5677471079645748,True
20260733,140,69,10,0.06255432421712244,0.06950480468569159,-695.8489186753139,-1.5677471079645748,True
20260733,140,69,11,0.06255432421712244,0.06950480468569159,-706.2962928495691,-1.5677471079645748,True
20260733,140,69,12,0.06255432421712244,0.06950480468569159,-718.5080754347836,-1.5677471079645748,True
20260733,140,69,13,0.06255432421712244,0.06950480468569159,-707.6043274829652,-1.5677471079645748,True
20260733,140,69,14,0.06255432421712244,0.06950480468569159,-726.2904189722549,-1.5677471079645748,True
20260733,140,69,15,0.06255432421712244,0.06950480468569159,-705.8862438896588,-1.5677471079645748,True
20260733,140,69,16,0.06255432421712244,0.06950480468569159,-768.9807366660915,-1.5677471079645748,True
20260733,140,69,17,0.06255432421712244,0.06950480468569159,-707.3674119028707,-1.5677471079645748,True
20260733,140,69,18,0.06255432421712244,0.06950480468569159,-693.0512735006058,-1.5677471079645748,True
20260733,140,69,19,0.06255432421712244,0.06950480468569159,-695.560164973765,-1.5677471079645748,True
20260733,140,69,20,0.06255432421712244,0.06950480468569159,-748.866533240123,-1.5677471079645748,True
20260733,140,69,21,0.06255432421712244,0.06950480468569159,-681.5406887593862,-1.5677471079645748,True
20260733,140,69,22,0.06255432421712244,0.06950480468569159,-719.6736760099292,-1.5677471079645748,True
20260733,140,69,23,0.06255432421712244,0.06950480468569159,-667.9760835937709,-1.5677471079645748,True
20260733,140,69,24,0.06255432421712244,0.06950480468569159,-669.0414928331793,-1.5677471079645748,True
20260733,140,69,25,0.06255432421712244,0.06950480468569159,-696.5391315599451,-1.5677471079645748,True
20260733,140,69,26,0.06255432421712244,0.06950480468569159,-620.7683014336667,-1.5677471079645748,True
20260733,140,69,27,0.06255432421712244,0.06950480468569159,-703.5022746265396,-1.5677471079645748,True
20260733,140,69,28,0.06255432421712244,0.06950480468569159,-716.5749967867899,-1.5677471079645748,True
20260733,140,69,29,0.06255432421712244,0.06950480468569159,-731.449568766991,-1.5677471079645748,True
20260733,140,69,30,0.06255432421712244,0.06950480468569159,-719.9339493649725,-1.5677471079645748,True
20260733,140,69,31,0.06255432421712244,0.06950480468569159,-708.3212815015535,-1.5677471079645748,True
20260733,140,69,32,0.06255432421712244,0.06950480468569159,-746.7486677955633,-1.5677471079645748,True
20260733,140,69,33,0.06255432421712244,0.06950480468569159,-736.5506272370448,-1.5677471079645748,True
20260733,140,69,34,0.06255432421712244,0.06950480468569159,-702.6464165629964,-1.5677471079645748,True
20260733,140,69,35,0.06255432421712244,0.06950480468569159,-745.7055042496562,-1.5677471079645748,True
20260733,140,69,36,0.06255432421712244,0.06950480468569159,-702.6976918665857,-1.5677471079645748,True
20260733,140,69,37,0.06255432421712244,0.06950480468569159,-702.5096605074309,-1.5677471079645748,True
20260733,140,69,38,0.06255432421712244,0.06950480468569159,-642.4578030521701,-1.5677471079645748,True
20260733,140,69,39,0.06255432421712244,0.06950480468569159,-738.0830980813986,-1.5677471079645748,True
20260733,140,69,40,0.06255432421712244,0.06950480468569159,-705.6222558227803,-1.5677471079645748,True
20260733,140,69,41,0.06255432421712244,0.06950480468569159,-721.6537203413449,-1.5677471079645748,True
20260733,140,69,42,0.06255432421712244,0.06950480468569159,-705.635020146216,-1.5677471079645748,True
20260733,140,69,43,0.06255432421712244,0.06950480468569159,-620.9769518859728,-1.5677471079645748,True
20260733,140,69,44,0.06255432421712244,0.06950480468569159,-706.6223581990575,-1.5677471079645748,True
20260733,140,69,45,0.06255432421712244,0.06950480468569159,-671.4460076842083,-1.5677471079645748,True
20260733,140,69,46,0.06255432421712244,0.06950480468569159,-681.2349197700871,-1.5677471079645748,True
20260733,140,69,47,0.06255432421712244,0.06950480468569159,-728.4601596868196,-1.5677471079645748,True
20260733,140,69,48,0.06255432421712244,0.06950480468569159,-696.0831668603302,-1.5677471079645748,True
20260733,140,69,49,0.06255432421712244,0.06950480468569159,-670.6349957047669,-1.5677471079645748,True
20260733,140,69,50,0.06255432421712244,0.06950480468569159,-658.4340428083299,-1.5677471079645748,True
20260733,140,69,51,0.06255432421712244,0.06950480468569159,-702.7135559522003,-1.5677471079645748,True
20260733,140,69,52,0.06255432421712244,0.06950480468569159,-741.1448927033417,-1.5677471079645748,True
20260733,140,69,53,0.06255432421712244,0.06950480468569159,-729.016846065012,-1.5677471079645748,True
20260733,140,69,54,0.06255432421712244,0.06950480468569159,-694.2150178865027,-1.5677471079645748,True
20260733,140,69,55,0.06255432421712244,0.06950480468569159,-724.1273781794114,-1.5677471079645748,True
20260733,140,69,56,0.06255432421712244,0.06950480468569159,-719.3799404916747,-1.5677471079645748,True
20260733,140,69,57,0.06255432421712244,0.06950480468569159,-705.9611182449078,-1.5677471079645748,True
20260733,140,69,58,0.06255432421712244,0.06950480468569159,-670.8954701580535,-1.5677471079645748,True
20260733,140,69,59,0.06255432421712244,0.06950480468569159,-704.5076025850682,-1.5677471079645748,True
20260733,140,69,60,0.06255432421712244,0.06950480468569159,-706.7331048033608,-1.5677471079645748,True
20260733,140,69,61,0.06255432421712244,0.06950480468569159,-695.9742524304502,-1.5677471079645748,True
20260733,140,69,62,0.06255432421712244,0.06950480468569159,-687.804756572547,-1.5677471079645748,True
20260733,140,69,63,0.06255432421712244,0.06950480468569159,-706.9676014675057,-1.5677471079645748,True
20260733,180,354,0,0.0276172385369497,0.030685820596610777,-888.7336499560327,-2.3853423122328326,True
20260733,180,354,1,0.0276172385369497,0.030685820596610777,-900.1340316170337,-2.3853423122328326,True
20260733,180,354,2,0.0276172385369497,0.030685820596610777,-780.2748417898522,-2.3853423122328326,True
20260733,180,354,3,0.0276172385369497,0.030685820596610777,-902.7003576261783,-2.3853423122328326,True
20260733,180,354,4,0.0276172385369497,0.030685820596610777,-890.2717187121507,-2.3853423122328326,True
20260733,180,354,5,0.0276172385369497,0.030685820596610777,-913.2066970197754,-2.3853423122328326,True
20260733,180,354,6,0.0276172385369497,0.030685820596610777,-898.4049752213073,-2.3853423122328326,True
20260733,180,354,7,0.0276172385369497,0.030685820596610777,-890.5642661741663,-2.3853423122328326,True
20260733,180,354,8,0.0276172385369497,0.030685820596610777,-915.381275383011,-2.3853423122328326,True
20260733,180,354,9,0.0276172385369497,0.030685820596610777,-889.0255269322168,-2.3853423122328326,True
20260733,180,354,10,0.0276172385369497,0.030685820596610777,-917.0103937197267,-2.3853423122328326,True
20260733,180,354,11,0.0276172385369497,0.030685820596610777,-873.0797102033969,-2.3853423122328326,True
20260733,180,354,12,0.0276172385369497,0.030685820596610777,-910.7416511928114,-2.3853423122328326,True
20260733,180,354,13,0.0276172385369497,0.030685820596610777,-885.8298710526453,-2.3853423122328326,True
20260733,180,354,14,0.0276172385369497,0.030685820596610777,-844.0972919325579,-2.3853423122328326,True
20260733,180,354,15,0.0276172385369497,0.030685820596610777,-885.0388017226537,-2.3853423122328326,True
20260733,180,354,16,0.0276172385369497,0.030685820596610777,-900.5508907898031,-2.3853423122328326,True
20260733,180,354,17,0.0276172385369497,0.030685820596610777,-906.8300244219736,-2.3853423122328326,True
20260733,180,354,18,0.0276172385369497,0.030685820596610777,-899.09135329367,-2.3853423122328326,True
20260733,180,354,19,0.0276172385369497,0.030685820596610777,-882.2725262268291,-2.3853423122328326,True
20260733,180,354,20,0.0276172385369497,0.030685820596610777,-869.1808296814636,-2.3853423122328326,True
20260733,180,354,21,0.0276172385369497,0.030685820596610777,-911.1916989256786,-2.3853423122328326,True
20260733,180,354,22,0.0276172385369497,0.030685820596610777,-844.5952851427838,-2.3853423122328326,True
20260733,180,354,23,0.0276172385369497,0.030685820596610777,-875.853349271982,-2.3853423122328326,True
20260733,180,354,24,0.0276172385369497,0.030685820596610777,-920.0062838397401,-2.3853423122328326,True
20260733,180,354,25,0.0276172385369497,0.030685820596610777,-909.9377064188598,-2.3853423122328326,True
20260733,180,354,26,0.0276172385369497,0.030685820596610777,-899.003898966666,-2.3853423122328326,True
20260733,180,354,27,0.0276172385369497,0.030685820596610777,-900.5364410455473,-2.3853423122328326,True
20260733,180,354,28,0.0276172385369497,0.030685820596610777,-864.1992780603999,-2.3853423122328326,True
20260733,180,354,29,0.0276172385369497,0.030685820596610777,-861.3389011288947,-2.3853423122328326,True
20260733,180,354,30,0.0276172385369497,0.030685820596610777,-928.4462696186524,-2.3853423122328326,True
20260733,180,354,31,0.0276172385369497,0.030685820596610777,-906.2579460985686,-2.3853423122328326,True
20260733,180,354,32,0.0276172385369497,0.030685820596610777,-885.5134728020586,-2.3853423122328326,True
20260733,180,354,33,0.0276172385369497,0.030685820596610777,-879.5184172574478,-2.3853423122328326,True
20260733,180,354,34,0.0276172385369497,0.030685820596610777,-860.7768854242175,-2.3853423122328326,True
20260733,180,354,35,0.0276172385369497,0.030685820596610777,-920.4857696665584,-2.3853423122328326,True
20260733,180,354,36,0.0276172385369497,0.030685820596610777,-879.5309927422202,-2.3853423122328326,True
20260733,180,354,37,0.0276172385369497,0.030685820596610777,-842.9732110778311,-2.3853423122328326,True
20260733,180,354,38,0.0276172385369497,0.030685820596610777,-840.119201319484,-2.3853423122328326,True
20260733,180,354,39,0.0276172385369497,0.030685820596610777,-868.8696360447726,-2.3853423122328326,True
20260733,180,354,40,0.0276172385369497,0.030685820596610777,-929.0109875397447,-2.3853423122328326,True
20260733,180,354,41,0.0276172385369497,0.030685820596610777,-864.7357781035666,-2.3853423122328326,True
20260733,180,354,42,0.0276172385369497,0.030685820596610777,-892.3554011394691,-2.3853423122328326,True
20260733,180,354,43,0.0276172385369497,0.030685820596610777,-899.8464678849431,-2.3853423122328326,True
20260733,180,354,44,0.0276172385369497,0.030685820596610777,-903.697549033642,-2.3853423122328326,True
20260733,180,354,45,0.0276172385369497,0.030685820596610777,-885.9633683011018,-2.3853423122328326,True
20260733,180,354,46,0.0276172385369497,0.030685820596610777,-904.589020217234,-2.3853423122328326,True
20260733,180,354,47,0.0276172385369497,0.030685820596610777,-867.0353751169781,-2.3853423122328326,True
20260733,180,354,48,0.0276172385369497,0.030685820596610777,-860.0291523492971,-2.3853423122328326,True
20260733,180,354,49,0.0276172385369497,0.030685820596610777,-918.4216134587807,-2.3853423122328326,True
20260733,180,354,50,0.0276172385369497,0.030685820596610777,-847.8705563083572,-2.3853423122328326,True
20260733,180,354,51,0.0276172385369497,0.030685820596610777,-886.0433727424958,-2.3853423122328326,True
20260733,180,354,52,0.0276172385369497,0.030685820596610777,-922.4218702679029,-2.3853423122328326,True
20260733,180,354,53,0.0276172385369497,0.030685820596610777,-842.9264499610009,-2.3853423122328326,True
20260733,180,354,54,0.0276172385369497,0.030685820596610777,-913.727588387439,-2.3853423122328326,True
20260733,180,354,55,0.0276172385369497,0.030685820596610777,-919.07741646696,-2.3853423122328326,True
20260733,180,354,56,0.0276172385369497,0.030685820596610777,-861.0414351368088,-2.3853423122328326,True
20260733,180,354,57,0.0276172385369497,0.030685820596610777,-908.2747788584488,-2.3853423122328326,True
20260733,180,354,58,0.0276172385369497,0.030685820596610777,-895.009140901531,-2.3853423122328326,True
20260733,180,354,59,0.0276172385369497,0.030685820596610777,-834.1056277064012,-2.3853423122328326,True
20260733,180,354,60,0.0276172385369497,0.030685820596610777,-898.3832356060958,-2.3853423122328326,True
20260733,180,354,61,0.0276172385369497,0.030685820596610777,-870.3224949829714,-2.3853423122328326,True
20260733,180,354,62,0.0276172385369497,0.030685820596610777,-881.8577308822886,-2.3853423122328326,True
20260733,180,354,63,0.0276172385369497,0.030685820596610777,-902.020755843099,-2.3853423122328326,True
20260733,220,1825,0,0.012163272811190748,0.01351474756798972,-1058.1927612596187,-3.205361488674241,True
20260733,220,1825,1,0.012163272811190748,0.01351474756798972,-1028.20132675641,-3.205361488674241,True
20260733,220,1825,2,0.012163272811190748,0.01351474756798972,-1047.7672653245234,-3.205361488674241,True
20260733,220,1825,3,0.012163272811190748,0.01351474756798972,-1078.9401499065575,-3.205361488674241,True
20260733,220,1825,4,0.012163272811190748,0.01351474756798972,-1047.7590239996598,-3.205361488674241,True
20260733,220,1825,5,0.012163272811190748,0.01351474756798972,-1108.2474775710452,-3.205361488674241,True
20260733,220,1825,6,0.012163272811190748,0.01351474756798972,-1095.6638174282084,-3.205361488674241,True
20260733,220,1825,7,0.012163272811190748,0.01351474756798972,-1097.3834585527559,-3.205361488674241,True
20260733,220,1825,8,0.012163272811190748,0.01351474756798972,-1056.853985711059,-3.205361488674241,True
20260733,220,1825,9,0.012163272811190748,0.01351474756798972,-1065.3774827675581,-3.205361488674241,True
20260733,220,1825,10,0.012163272811190748,0.01351474756798972,-1083.4346294497225,-3.205361488674241,True
20260733,220,1825,11,0.012163272811190748,0.01351474756798972,-1017.8384321518438,-3.205361488674241,True
20260733,220,1825,12,0.012163272811190748,0.01351474756798972,-1096.7640790935816,-3.205361488674241,True
20260733,220,1825,13,0.012163272811190748,0.01351474756798972,-1070.641798530099,-3.205361488674241,True
20260733,220,1825,14,0.012163272811190748,0.01351474756798972,-1108.79909029819,-3.205361488674241,True
20260733,220,1825,15,0.012163272811190748,0.01351474756798972,-1055.4480640660017,-3.205361488674241,True
20260733,220,1825,16,0.012163272811190748,0.01351474756798972,-1057.5234050011943,-3.205361488674241,True
20260733,220,1825,17,0.012163272811190748,0.01351474756798972,-1059.5247006399331,-3.205361488674241,True
20260733,220,1825,18,0.012163272811190748,0.01351474756798972,-1023.7590836107942,-3.205361488674241,True
20260733,220,1825,19,0.012163272811190748,0.01351474756798972,-1036.704530753679,-3.205361488674241,True
20260733,220,1825,20,0.012163272811190748,0.01351474756798972,-1086.0570726278213,-3.205361488674241,True
20260733,220,1825,21,0.012163272811190748,0.01351474756798972,-1061.7431630343365,-3.205361488674241,True
20260733,220,1825,22,0.012163272811190748,0.01351474756798972,-1080.7888793056327,-3.205361488674241,True
20260733,220,1825,23,0.012163272811190748,0.01351474756798972,-1046.016665635934,-3.205361488674241,True
20260733,220,1825,24,0.012163272811190748,0.01351474756798972,-1040.4449193198336,-3.205361488674241,True
20260733,220,1825,25,0.012163272811190748,0.01351474756798972,-1112.6803336838557,-3.205361488674241,True
20260733,220,1825,26,0.012163272811190748,0.01351474756798972,-1116.9315961669315,-3.205361488674241,True
20260733,220,1825,27,0.012163272811190748,0.01351474756798972,-1054.9641904258547,-3.205361488674241,True
20260733,220,1825,28,0.012163272811190748,0.01351474756798972,-1048.094334424547,-3.205361488674241,True
20260733,220,1825,29,0.012163272811190748,0.01351474756798972,-1060.7560233928482,-3.205361488674241,True
20260733,220,1825,30,0.012163272811190748,0.01351474756798972,-1092.7683450934917,-3.205361488674241,True
20260733,220,1825,31,0.012163272811190748,0.01351474756798972,-1076.3017595720885,-3.205361488674241,True
20260733,220,1825,32,0.012163272811190748,0.01351474756798972,-1094.5350894953579,-3.205361488674241,True
20260733,220,1825,33,0.012163272811190748,0.01351474756798972,-1084.3050552597917,-3.205361488674241,True
20260733,220,1825,34,0.012163272811190748,0.01351474756798972,-1091.230371488014,-3.205361488674241,True
20260733,220,1825,35,0.012163272811190748,0.01351474756798972,-1086.9365703574904,-3.205361488674241,True
20260733,220,1825,36,0.012163272811190748,0.01351474756798972,-1101.4634673581631,-3.205361488674241,True
20260733,220,1825,37,0.012163272811190748,0.01351474756798972,-1077.3642505711687,-3.205361488674241,True
20260733,220,1825,38,0.012163272811190748,0.01351474756798972,-1035.3495203465295,-3.205361488674241,True
20260733,220,1825,39,0.012163272811190748,0.01351474756798972,-1103.615867432059,-3.205361488674241,True
20260733,220,1825,40,0.012163272811190748,0.01351474756798972,-1031.719585638666,-3.205361488674241,True
20260733,220,1825,41,0.012163272811190748,0.01351474756798972,-1029.4733414697537,-3.205361488674241,True
20260733,220,1825,42,0.012163272811190748,0.01351474756798972,-1049.7683333552377,-3.205361488674241,True
20260733,220,1825,43,0.012163272811190748,0.01351474756798972,-1075.1810115112287,-3.205361488674241,True
20260733,220,1825,44,0.012163272811190748,0.01351474756798972,-1051.9371809000472,-3.205361488674241,True
20260733,220,1825,45,0.012163272811190748,0.01351474756798972,-1067.5024290399044,-3.205361488674241,True
20260733,220,1825,46,0.012163272811190748,0.01351474756798972,-1079.5351008576645,-3.205361488674241,True
20260733,220,1825,47,0.012163272811190748,0.01351474756798972,-1065.9910901226672,-3.205361488674241,True
20260733,220,1825,48,0.012163272811190748,0.01351474756798972,-1075.7626408399838,-3.205361488674241,True
20260733,220,1825,49,0.012163272811190748,0.01351474756798972,-1092.470866910321,-3.205361488674241,True
20260733,220,1825,50,0.012163272811190748,0.01351474756798972,-994.5138150714054,-3.205361488674241,True
20260733,220,1825,51,0.012163272811190748,0.01351474756798972,-1096.3282162505009,-3.205361488674241,True
20260733,220,1825,52,0.012163272811190748,0.01351474756798972,-1064.1811341490247,-3.205361488674241,True
20260733,220,1825,53,0.012163272811190748,0.01351474756798972,-1063.8642449446675,-3.205361488674241,True
20260733,220,1825,54,0.012163272811190748,0.01351474756798972,-1051.9636720569563,-3.205361488674241,True
20260733,220,1825,55,0.012163272811190748,0.01351474756798972,-1069.772902050199,-3.205361488674241,True
20260733,220,1825,56,0.012163272811190748,0.01351474756798972,-1086.5577277278621,-3.205361488674241,True
20260733,220,1825,57,0.012163272811190748,0.01351474756798972,-1088.5972434422558,-3.205361488674241,True
20260733,220,1825,58,0.012163272811190748,0.01351474756798972,-1066.7557317728051,-3.205361488674241,True
20260733,220,1825,59,0.012163272811190748,0.01351474756798972,-1075.8949039763215,-3.205361488674241,True
20260733,220,1825,60,0.012163272811190748,0.01351474756798972,-993.081921441802,-3.205361488674241,True
20260733,220,1825,61,0.012163272811190748,0.01351474756798972,-1064.7920872825412,-3.205361488674241,True
20260733,220,1825,62,0.012163272811190748,0.01351474756798972,-1065.4974772458584,-3.205361488674241,True
20260733,220,1825,63,0.012163272811190748,0.01351474756798972,-1105.4340329525917,-3.205361488674241,True
20260733,260,9390,0,0.005362275040523719,0.005958083378359687,-1259.3888429172712,-4.024394141767099,True
20260733,260,9390,1,0.005362275040523719,0.005958083378359687,-1228.756942613789,-4.024394141767099,True
20260733,260,9390,2,0.005362275040523719,0.005958083378359687,-1260.6027977469707,-4.024394141767099,True
20260733,260,9390,3,0.005362275040523719,0.005958083378359687,-1263.46038336806,-4.024394141767099,True
20260733,260,9390,4,0.005362275040523719,0.005958083378359687,-1244.0596882913867,-4.024394141767099,True
20260733,260,9390,5,0.005362275040523719,0.005958083378359687,-1197.0522654238196,-4.024394141767099,True
20260733,260,9390,6,0.005362275040523719,0.005958083378359687,-1255.165213944515,-4.024394141767099,True
20260733,260,9390,7,0.005362275040523719,0.005958083378359687,-1247.989030357916,-4.024394141767099,True
20260733,260,9390,8,0.005362275040523719,0.005958083378359687,-1223.3624760469902,-4.024394141767099,True
20260733,260,9390,9,0.005362275040523719,0.005958083378359687,-1219.9166434763154,-4.024394141767099,True
20260733,260,9390,10,0.005362275040523719,0.005958083378359687,-1249.5753211695803,-4.024394141767099,True
20260733,260,9390,11,0.005362275040523719,0.005958083378359687,-1285.4293019804575,-4.024394141767099,True
20260733,260,9390,12,0.005362275040523719,0.005958083378359687,-1251.6527134939504,-4.024394141767099,True
20260733,260,9390,13,0.005362275040523719,0.005958083378359687,-1260.0834362860533,-4.024394141767099,True
20260733,260,9390,14,0.005362275040523719,0.005958083378359687,-1258.6447656574578,-4.024394141767099,True
20260733,260,9390,15,0.005362275040523719,0.005958083378359687,-1276.7557162682292,-4.024394141767099,True
20260733,260,9390,16,0.005362275040523719,0.005958083378359687,-1278.0229283499489,-4.024394141767099,True
20260733,260,9390,17,0.005362275040523719,0.005958083378359687,-1255.0796508835995,-4.024394141767099,True
20260733,260,9390,18,0.005362275040523719,0.005958083378359687,-1274.7598930657255,-4.024394141767099,True
20260733,260,9390,19,0.005362275040523719,0.005958083378359687,-1265.4650230011084,-4.024394141767099,True
20260733,260,9390,20,0.005362275040523719,0.005958083378359687,-1279.4647715352924,-4.024394141767099,True
20260733,260,9390,21,0.005362275040523719,0.005958083378359687,-1227.707232728704,-4.024394141767099,True
20260733,260,9390,22,0.005362275040523719,0.005958083378359687,-1259.4896760989457,-4.024394141767099,True
20260733,260,9390,23,0.005362275040523719,0.005958083378359687,-1217.6003975657054,-4.024394141767099,True
20260733,260,9390,24,0.005362275040523719,0.005958083378359687,-1258.3797891351708,-4.024394141767099,True
20260733,260,9390,25,0.005362275040523719,0.005958083378359687,-1252.0732362836968,-4.024394141767099,True
20260733,260,9390,26,0.005362275040523719,0.005958083378359687,-1171.5242701418463,-4.024394141767099,True
20260733,260,9390,27,0.005362275040523719,0.005958083378359687,-1293.3952722454142,-4.024394141767099,True
20260733,260,9390,28,0.005362275040523719,0.005958083378359687,-1219.9349880081124,-4.024394141767099,True
20260733,260,9390,29,0.005362275040523719,0.005958083378359687,-1243.0228424637676,-4.024394141767099,True
20260733,260,9390,30,0.005362275040523719,0.005958083378359687,-1274.3308887236112,-4.024394141767099,True
20260733,260,9390,31,0.005362275040523719,0.005958083378359687,-1227.3087670804396,-4.024394141767099,True
20260733,260,9390,32,0.005362275040523719,0.005958083378359687,-1242.9815138210388,-4.024394141767099,True
20260733,260,9390,33,0.005362275040523719,0.005958083378359687,-1164.8112682376109,-4.024394141767099,True
20260733,260,9390,34,0.005362275040523719,0.005958083378359687,-1291.3712768788243,-4.024394141767099,True
20260733,260,9390,35,0.005362275040523719,0.005958083378359687,-1286.003232070413,-4.024394141767099,True
20260733,260,9390,36,0.005362275040523719,0.005958083378359687,-1233.6268973959839,-4.024394141767099,True
20260733,260,9390,37,0.005362275040523719,0.005958083378359687,-1192.6392186848784,-4.024394141767099,True
20260733,260,9390,38,0.005362275040523719,0.005958083378359687,-1269.8951691245427,-4.024394141767099,True
20260733,260,9390,39,0.005362275040523719,0.005958083378359687,-1245.5322797152148,-4.024394141767099,True
20260733,260,9390,40,0.005362275040523719,0.005958083378359687,-1285.950301181478,-4.024394141767099,True
20260733,260,9390,41,0.005362275040523719,0.005958083378359687,-1257.751549723203,-4.024394141767099,True
20260733,260,9390,42,0.005362275040523719,0.005958083378359687,-1268.465317651829,-4.024394141767099,True
20260733,260,9390,43,0.005362275040523719,0.005958083378359687,-1248.2943228822196,-4.024394141767099,True
20260733,260,9390,44,0.005362275040523719,0.005958083378359687,-1209.2632234408677,-4.024394141767099,True
20260733,260,9390,45,0.005362275040523719,0.005958083378359687,-1247.7139262464657,-4.024394141767099,True
20260733,260,9390,46,0.005362275040523719,0.005958083378359687,-1258.3735488570956,-4.024394141767099,True
20260733,260,9390,47,0.005362275040523719,0.005958083378359687,-1232.9305760841976,-4.024394141767099,True
20260733,260,9390,48,0.005362275040523719,0.005958083378359687,-1298.5771900991758,-4.024394141767099,True
20260733,260,9390,49,0.005362275040523719,0.005958083378359687,-1236.4813926883164,-4.024394141767099,True
20260733,260,9390,50,0.005362275040523719,0.005958083378359687,-1275.8848524455816,-4.024394141767099,True
20260733,260,9390,51,0.005362275040523719,0.005958083378359687,-1233.7342510277967,-4.024394141767099,True
20260733,260,9390,52,0.005362275040523719,0.005958083378359687,-1203.226651376363,-4.024394141767099,True
20260733,260,9390,53,0.005362275040523719,0.005958083378359687,-1208.3075909674117,-4.024394141767099,True
20260733,260,9390,54,0.005362275040523719,0.005958083378359687,-1264.2634980311648,-4.024394141767099,True
20260733,260,9390,55,0.005362275040523719,0.005958083378359687,-1203.5978467944747,-4.024394141767099,True
20260733,260,9390,56,0.005362275040523719,0.005958083378359687,-1188.5347629336263,-4.024394141767099,True
20260733,260,9390,57,0.005362275040523719,0.005958083378359687,-1257.8747699499004,-4.024394141767099,True
20260733,260,9390,58,0.005362275040523719,0.005958083378359687,-1246.6689322252546,-4.024394141767099,True
20260733,260,9390,59,0.005362275040523719,0.005958083378359687,-1256.3912644512673,-4.024394141767099,True
20260733,260,9390,60,0.005362275040523719,0.005958083378359687,-1302.824788730053,-4.024394141767099,True
20260733,260,9390,61,0.005362275040523719,0.005958083378359687,-1236.2655257800877,-4.024394141767099,True
20260733,260,9390,62,0.005362275040523719,0.005958083378359687,-1279.5173453960597,-4.024394141767099,True
20260733,260,9390,63,0.005362275040523719,0.005958083378359687,-1266.0597654928815,-4.024394141767099,True
20260734,100,13,0,0.1441153384245784,0.16012815380508713,-556.7204067109076,-0.7331685343967136,True
20260734,100,13,1,0.1441153384245784,0.16012815380508713,-520.8764579436593,-0.7331685343967136,True
20260734,100,13,2,0.1441153384245784,0.16012815380508713,-520.8811561735743,-0.7331685343967136,True
20260734,100,13,3,0.1441153384245784,0.16012815380508713,-580.9537531971789,-0.7331685343967136,True
20260734,100,13,4,0.1441153384245784,0.16012815380508713,-543.622108236141,-0.7331685343967136,True
20260734,100,13,5,0.1441153384245784,0.16012815380508713,-522.1980682424467,-0.7331685343967136,True
20260734,100,13,6,0.1441153384245784,0.16012815380508713,-569.3609588038871,-0.7331685343967136,True
20260734,100,13,7,0.1441153384245784,0.16012815380508713,-558.2335556453559,-0.7331685343967136,True
20260734,100,13,8,0.1441153384245784,0.16012815380508713,-580.0378550872138,-0.7331685343967136,True
20260734,100,13,9,0.1441153384245784,0.16012815380508713,-573.1187708577334,-0.7331685343967136,True
20260734,100,13,10,0.1441153384245784,0.16012815380508713,-525.5249800201796,-0.7331685343967136,True
20260734,100,13,11,0.1441153384245784,0.16012815380508713,-546.6129638259584,-0.7331685343967136,True
20260734,100,13,12,0.1441153384245784,0.16012815380508713,-525.5076967014178,-0.7331685343967136,True
20260734,140,69,0,0.06255432421712244,0.06950480468569159,-676.5558540314527,-1.5677471079645748,True
20260734,140,69,1,0.06255432421712244,0.06950480468569159,-710.7661302804836,-1.5677471079645748,True
20260734,140,69,2,0.06255432421712244,0.06950480468569159,-725.9982038555823,-1.5677471079645748,True
20260734,140,69,3,0.06255432421712244,0.06950480468569159,-673.04164048582,-1.5677471079645748,True
20260734,140,69,4,0.06255432421712244,0.06950480468569159,-699.4404170823914,-1.5677471079645748,True
20260734,140,69,5,0.06255432421712244,0.06950480468569159,-676.8226022970317,-1.5677471079645748,True
20260734,140,69,6,0.06255432421712244,0.06950480468569159,-717.4453328418948,-1.5677471079645748,True
20260734,140,69,7,0.06255432421712244,0.06950480468569159,-741.4204366232632,-1.5677471079645748,True
20260734,140,69,8,0.06255432421712244,0.06950480468569159,-704.9111464041799,-1.5677471079645748,True
20260734,140,69,9,0.06255432421712244,0.06950480468569159,-664.4734837772135,-1.5677471079645748,True
20260734,140,69,10,0.06255432421712244,0.06950480468569159,-696.4092401170806,-1.5677471079645748,True
20260734,140,69,11,0.06255432421712244,0.06950480468569159,-665.6883108727161,-1.5677471079645748,True
20260734,140,69,12,0.06255432421712244,0.06950480468569159,-672.3159848070227,-1.5677471079645748,True
20260734,140,69,13,0.06255432421712244,0.06950480468569159,-672.5382649552131,-1.5677471079645748,True
20260734,140,69,14,0.06255432421712244,0.06950480468569159,-676.8404646206211,-1.5677471079645748,True
20260734,140,69,15,0.06255432421712244,0.06950480468569159,-720.072352721298,-1.5677471079645748,True
20260734,140,69,16,0.06255432421712244,0.06950480468569159,-720.9501183015807,-1.5677471079645748,True
20260734,140,69,17,0.06255432421712244,0.06950480468569159,-696.3505763319281,-1.5677471079645748,True
20260734,140,69,18,0.06255432421712244,0.06950480468569159,-676.7030924551118,-1.5677471079645748,True
20260734,140,69,19,0.06255432421712244,0.06950480468569159,-670.2378663977157,-1.5677471079645748,True
20260734,140,69,20,0.06255432421712244,0.06950480468569159,-747.116783073631,-1.5677471079645748,True
20260734,140,69,21,0.06255432421712244,0.06950480468569159,-710.6710672149563,-1.5677471079645748,True
20260734,140,69,22,0.06255432421712244,0.06950480468569159,-726.7207720049673,-1.5677471079645748,True
20260734,140,69,23,0.06255432421712244,0.06950480468569159,-682.284687118616,-1.5677471079645748,True
20260734,140,69,24,0.06255432421712244,0.06950480468569159,-748.2433860040834,-1.5677471079645748,True
20260734,140,69,25,0.06255432421712244,0.06950480468569159,-715.8398919257944,-1.5677471079645748,True
20260734,140,69,26,0.06255432421712244,0.06950480468569159,-671.7474597752007,-1.5677471079645748,True
20260734,140,69,27,0.06255432421712244,0.06950480468569159,-668.9107488029513,-1.5677471079645748,True
20260734,140,69,28,0.06255432421712244,0.06950480468569159,-732.4706088882367,-1.5677471079645748,True
20260734,140,69,29,0.06255432421712244,0.06950480468569159,-668.9920080593118,-1.5677471079645748,True
20260734,140,69,30,0.06255432421712244,0.06950480468569159,-700.623403261413,-1.5677471079645748,True
20260734,140,69,31,0.06255432421712244,0.06950480468569159,-704.5009707276276,-1.5677471079645748,True
20260734,140,69,32,0.06255432421712244,0.06950480468569159,-668.8284910275597,-1.5677471079645748,True
20260734,140,69,33,0.06255432421712244,0.06950480468569159,-693.7912035769865,-1.5677471079645748,True
20260734,140,69,34,0.06255432421712244,0.06950480468569159,-707.9234433257222,-1.5677471079645748,True
20260734,140,69,35,0.06255432421712244,0.06950480468569159,-704.1949809376189,-1.5677471079645748,True
20260734,140,69,36,0.06255432421712244,0.06950480468569159,-694.0417609616512,-1.5677471079645748,True
20260734,140,69,37,0.06255432421712244,0.06950480468569159,-675.9728994617102,-1.5677471079645748,True
20260734,140,69,38,0.06255432421712244,0.06950480468569159,-693.2621733715138,-1.5677471079645748,True
20260734,140,69,39,0.06255432421712244,0.06950480468569159,-716.2437630708644,-1.5677471079645748,True
20260734,140,69,40,0.06255432421712244,0.06950480468569159,-725.3494694169098,-1.5677471079645748,True
20260734,140,69,41,0.06255432421712244,0.06950480468569159,-670.0109490367304,-1.5677471079645748,True
20260734,140,69,42,0.06255432421712244,0.06950480468569159,-746.1288621520499,-1.5677471079645748,True
20260734,140,69,43,0.06255432421712244,0.06950480468569159,-699.7957627717356,-1.5677471079645748,True
20260734,140,69,44,0.06255432421712244,0.06950480468569159,-695.493893707302,-1.5677471079645748,True
20260734,140,69,45,0.06255432421712244,0.06950480468569159,-672.5945715151545,-1.5677471079645748,True
20260734,140,69,46,0.06255432421712244,0.06950480468569159,-715.6154295812742,-1.5677471079645748,True
20260734,140,69,47,0.06255432421712244,0.06950480468569159,-673.4621823720362,-1.5677471079645748,True
20260734,140,69,48,0.06255432421712244,0.06950480468569159,-733.9268186616079,-1.5677471079645748,True
20260734,140,69,49,0.06255432421712244,0.06950480468569159,-676.8866702855473,-1.5677471079645748,True
20260734,140,69,50,0.06255432421712244,0.06950480468569159,-734.4217804883261,-1.5677471079645748,True
20260734,140,69,51,0.06255432421712244,0.06950480468569159,-729.7918097332872,-1.5677471079645748,True
20260734,140,69,52,0.06255432421712244,0.06950480468569159,-693.259080069144,-1.5677471079645748,True
20260734,140,69,53,0.06255432421712244,0.06950480468569159,-680.7597566503886,-1.5677471079645748,True
20260734,140,69,54,0.06255432421712244,0.06950480468569159,-749.9343387035815,-1.5677471079645748,True
20260734,140,69,55,0.06255432421712244,0.06950480468569159,-725.9987050070483,-1.5677471079645748,True
20260734,140,69,56,0.06255432421712244,0.06950480468569159,-725.4152644399984,-1.5677471079645748,True
20260734,140,69,57,0.06255432421712244,0.06950480468569159,-746.1248867248527,-1.5677471079645748,True
20260734,140,69,58,0.06255432421712244,0.06950480468569159,-708.7184790637348,-1.5677471079645748,True
20260734,140,69,59,0.06255432421712244,0.06950480468569159,-712.1505542336467,-1.5677471079645748,True
20260734,140,69,60,0.06255432421712244,0.06950480468569159,-709.5249881530174,-1.5677471079645748,True
20260734,140,69,61,0.06255432421712244,0.06950480468569159,-708.2056608968394,-1.5677471079645748,True
20260734,140,69,62,0.06255432421712244,0.06950480468569159,-725.068220665902,-1.5677471079645748,True
20260734,140,69,63,0.06255432421712244,0.06950480468569159,-729.0547653306953,-1.5677471079645748,True
20260734,180,354,0,0.0276172385369497,0.030685820596610777,-899.4539297956169,-2.3853423122328326,True
20260734,180,354,1,0.0276172385369497,0.030685820596610777,-821.6292852549582,-2.3853423122328326,True
20260734,180,354,2,0.0276172385369497,0.030685820596610777,-855.4144995686922,-2.3853423122328326,True
20260734,180,354,3,0.0276172385369497,0.030685820596610777,-846.7447283999952,-2.3853423122328326,True
20260734,180,354,4,0.0276172385369497,0.030685820596610777,-893.8432554086686,-2.3853423122328326,True
20260734,180,354,5,0.0276172385369497,0.030685820596610777,-918.9973595090078,-2.3853423122328326,True
20260734,180,354,6,0.0276172385369497,0.030685820596610777,-917.7497246564277,-2.3853423122328326,True
20260734,180,354,7,0.0276172385369497,0.030685820596610777,-916.0915116673212,-2.3853423122328326,True
20260734,180,354,8,0.0276172385369497,0.030685820596610777,-905.2667848927165,-2.3853423122328326,True
20260734,180,354,9,0.0276172385369497,0.030685820596610777,-878.312352666239,-2.3853423122328326,True
20260734,180,354,10,0.0276172385369497,0.030685820596610777,-886.1005082249584,-2.3853423122328326,True
20260734,180,354,11,0.0276172385369497,0.030685820596610777,-921.8175842505334,-2.3853423122328326,True
20260734,180,354,12,0.0276172385369497,0.030685820596610777,-893.1739933614473,-2.3853423122328326,True
20260734,180,354,13,0.0276172385369497,0.030685820596610777,-872.927448231253,-2.3853423122328326,True
20260734,180,354,14,0.0276172385369497,0.030685820596610777,-889.5830532942742,-2.3853423122328326,True
20260734,180,354,15,0.0276172385369497,0.030685820596610777,-879.9838360100472,-2.3853423122328326,True
20260734,180,354,16,0.0276172385369497,0.030685820596610777,-919.3426803767796,-2.3853423122328326,True
20260734,180,354,17,0.0276172385369497,0.030685820596610777,-881.4140447232817,-2.3853423122328326,True
20260734,180,354,18,0.0276172385369497,0.030685820596610777,-934.4510598409439,-2.3853423122328326,True
20260734,180,354,19,0.0276172385369497,0.030685820596610777,-886.7592976904596,-2.3853423122328326,True
20260734,180,354,20,0.0276172385369497,0.030685820596610777,-938.0264250785269,-2.3853423122328326,True
20260734,180,354,21,0.0276172385369497,0.030685820596610777,-871.3232361639109,-2.3853423122328326,True
20260734,180,354,22,0.0276172385369497,0.030685820596610777,-901.195751728224,-2.3853423122328326,True
20260734,180,354,23,0.0276172385369497,0.030685820596610777,-909.2717819172302,-2.3853423122328326,True
20260734,180,354,24,0.0276172385369497,0.030685820596610777,-924.5383436295883,-2.3853423122328326,True
20260734,180,354,25,0.0276172385369497,0.030685820596610777,-860.2354924954731,-2.3853423122328326,True
20260734,180,354,26,0.0276172385369497,0.030685820596610777,-875.7513025248039,-2.3853423122328326,True
20260734,180,354,27,0.0276172385369497,0.030685820596610777,-891.8498839888524,-2.3853423122328326,True
20260734,180,354,28,0.0276172385369497,0.030685820596610777,-899.8894352121787,-2.3853423122328326,True
20260734,180,354,29,0.0276172385369497,0.030685820596610777,-849.8221459419493,-2.3853423122328326,True
20260734,180,354,30,0.0276172385369497,0.030685820596610777,-913.210938070917,-2.3853423122328326,True
20260734,180,354,31,0.0276172385369497,0.030685820596610777,-901.3077025082144,-2.3853423122328326,True
20260734,180,354,32,0.0276172385369497,0.030685820596610777,-884.7175310326317,-2.3853423122328326,True
20260734,180,354,33,0.0276172385369497,0.030685820596610777,-897.8502110494255,-2.3853423122328326,True
20260734,180,354,34,0.0276172385369497,0.030685820596610777,-910.817800291632,-2.3853423122328326,True
20260734,180,354,35,0.0276172385369497,0.030685820596610777,-918.6308152004883,-2.3853423122328326,True
20260734,180,354,36,0.0276172385369497,0.030685820596610777,-905.9234758099349,-2.3853423122328326,True
20260734,180,354,37,0.0276172385369497,0.030685820596610777,-914.8946874535299,-2.3853423122328326,True
20260734,180,354,38,0.0276172385369497,0.030685820596610777,-915.8957010270342,-2.3853423122328326,True
20260734,180,354,39,0.0276172385369497,0.030685820596610777,-869.1066414835547,-2.3853423122328326,True
20260734,180,354,40,0.0276172385369497,0.030685820596610777,-910.7832936805293,-2.3853423122328326,True
20260734,180,354,41,0.0276172385369497,0.030685820596610777,-891.2928259235347,-2.3853423122328326,True
20260734,180,354,42,0.0276172385369497,0.030685820596610777,-886.4785670087251,-2.3853423122328326,True
20260734,180,354,43,0.0276172385369497,0.030685820596610777,-901.1462534608868,-2.3853423122328326,True
20260734,180,354,44,0.0276172385369497,0.030685820596610777,-896.8759674952792,-2.3853423122328326,True
20260734,180,354,45,0.0276172385369497,0.030685820596610777,-915.6573294694205,-2.3853423122328326,True
20260734,180,354,46,0.0276172385369497,0.030685820596610777,-895.7113983950883,-2.3853423122328326,True
20260734,180,354,47,0.0276172385369497,0.030685820596610777,-895.0919520810008,-2.3853423122328326,True
20260734,180,354,48,0.0276172385369497,0.030685820596610777,-888.4312441479476,-2.3853423122328326,True
20260734,180,354,49,0.0276172385369497,0.030685820596610777,-883.2140135599678,-2.3853423122328326,True
20260734,180,354,50,0.0276172385369497,0.030685820596610777,-909.7230008029105,-2.3853423122328326,True
20260734,180,354,51,0.0276172385369497,0.030685820596610777,-897.9522521329542,-2.3853423122328326,True
20260734,180,354,52,0.0276172385369497,0.030685820596610777,-936.6332415376738,-2.3853423122328326,True
20260734,180,354,53,0.0276172385369497,0.030685820596610777,-894.1955489447703,-2.3853423122328326,True
20260734,180,354,54,0.0276172385369497,0.030685820596610777,-875.3422606592842,-2.3853423122328326,True
20260734,180,354,55,0.0276172385369497,0.030685820596610777,-904.0954850378143,-2.3853423122328326,True
20260734,180,354,56,0.0276172385369497,0.030685820596610777,-840.152863485525,-2.3853423122328326,True
20260734,180,354,57,0.0276172385369497,0.030685820596610777,-875.8586915701055,-2.3853423122328326,True
20260734,180,354,58,0.0276172385369497,0.030685820596610777,-874.3558474501243,-2.3853423122328326,True
20260734,180,354,59,0.0276172385369497,0.030685820596610777,-816.1403528211416,-2.3853423122328326,True
20260734,180,354,60,0.0276172385369497,0.030685820596610777,-927.4960555947971,-2.3853423122328326,True
20260734,180,354,61,0.0276172385369497,0.030685820596610777,-917.8209030929135,-2.3853423122328326,True
20260734,180,354,62,0.0276172385369497,0.030685820596610777,-888.5084458380262,-2.3853423122328326,True
20260734,180,354,63,0.0276172385369497,0.030685820596610777,-889.1281829459256,-2.3853423122328326,True
20260734,220,1825,0,0.012163272811190748,0.01351474756798972,-1079.9779576508547,-3.205361488674241,True
20260734,220,1825,1,0.012163272811190748,0.01351474756798972,-1070.7743114052687,-3.205361488674241,True
20260734,220,1825,2,0.012163272811190748,0.01351474756798972,-988.6928268671785,-3.205361488674241,True
20260734,220,1825,3,0.012163272811190748,0.01351474756798972,-1075.050998689272,-3.205361488674241,True
20260734,220,1825,4,0.012163272811190748,0.01351474756798972,-1058.3286475763507,-3.205361488674241,True
20260734,220,1825,5,0.012163272811190748,0.01351474756798972,-1099.2163444899893,-3.205361488674241,True
20260734,220,1825,6,0.012163272811190748,0.01351474756798972,-1023.2984924566217,-3.205361488674241,True
20260734,220,1825,7,0.012163272811190748,0.01351474756798972,-1079.9657385240102,-3.205361488674241,True
20260734,220,1825,8,0.012163272811190748,0.01351474756798972,-1085.6055174074565,-3.205361488674241,True
20260734,220,1825,9,0.012163272811190748,0.01351474756798972,-1023.1094971788622,-3.205361488674241,True
20260734,220,1825,10,0.012163272811190748,0.01351474756798972,-1045.3135896839517,-3.205361488674241,True
20260734,220,1825,11,0.012163272811190748,0.01351474756798972,-1096.7201363237173,-3.205361488674241,True
20260734,220,1825,12,0.012163272811190748,0.01351474756798972,-1084.390168155161,-3.205361488674241,True
20260734,220,1825,13,0.012163272811190748,0.01351474756798972,-1051.4859926759646,-3.205361488674241,True
20260734,220,1825,14,0.012163272811190748,0.01351474756798972,-1013.8967643831273,-3.205361488674241,True
20260734,220,1825,15,0.012163272811190748,0.01351474756798972,-1076.226111407524,-3.205361488674241,True
20260734,220,1825,16,0.012163272811190748,0.01351474756798972,-1088.9079550999659,-3.205361488674241,True
20260734,220,1825,17,0.012163272811190748,0.01351474756798972,-1083.9707765277665,-3.205361488674241,True
20260734,220,1825,18,0.012163272811190748,0.01351474756798972,-1004.2111863616001,-3.205361488674241,True
20260734,220,1825,19,0.012163272811190748,0.01351474756798972,-1065.1542081402372,-3.205361488674241,True
20260734,220,1825,20,0.012163272811190748,0.01351474756798972,-1087.25707127743,-3.205361488674241,True
20260734,220,1825,21,0.012163272811190748,0.01351474756798972,-1069.7201152403782,-3.205361488674241,True
20260734,220,1825,22,0.012163272811190748,0.01351474756798972,-1014.3958379659978,-3.205361488674241,True
20260734,220,1825,23,0.012163272811190748,0.01351474756798972,-1009.5514579913774,-3.205361488674241,True
20260734,220,1825,24,0.012163272811190748,0.01351474756798972,-1057.8530032083459,-3.205361488674241,True
20260734,220,1825,25,0.012163272811190748,0.01351474756798972,-1107.2307728276392,-3.205361488674241,True
20260734,220,1825,26,0.012163272811190748,0.01351474756798972,-1044.1733524292076,-3.205361488674241,True
20260734,220,1825,27,0.012163272811190748,0.01351474756798972,-1089.3394041768838,-3.205361488674241,True
20260734,220,1825,28,0.012163272811190748,0.01351474756798972,-1055.3586426644379,-3.205361488674241,True
20260734,220,1825,29,0.012163272811190748,0.01351474756798972,-1077.2778659438673,-3.205361488674241,True
20260734,220,1825,30,0.012163272811190748,0.01351474756798972,-1033.0890451593534,-3.205361488674241,True
20260734,220,1825,31,0.012163272811190748,0.01351474756798972,-1081.339302144575,-3.205361488674241,True
20260734,220,1825,32,0.012163272811190748,0.01351474756798972,-1069.8482154398064,-3.205361488674241,True
20260734,220,1825,33,0.012163272811190748,0.01351474756798972,-1105.3001146579113,-3.205361488674241,True
20260734,220,1825,34,0.012163272811190748,0.01351474756798972,-1016.9114310021346,-3.205361488674241,True
20260734,220,1825,35,0.012163272811190748,0.01351474756798972,-1074.442132544209,-3.205361488674241,True
20260734,220,1825,36,0.012163272811190748,0.01351474756798972,-1079.26009965387,-3.205361488674241,True
20260734,220,1825,37,0.012163272811190748,0.01351474756798972,-1022.772135127267,-3.205361488674241,True
20260734,220,1825,38,0.012163272811190748,0.01351474756798972,-1070.5048953488126,-3.205361488674241,True
20260734,220,1825,39,0.012163272811190748,0.01351474756798972,-1080.0687468073074,-3.205361488674241,True
20260734,220,1825,40,0.012163272811190748,0.01351474756798972,-1041.74304629466,-3.205361488674241,True
20260734,220,1825,41,0.012163272811190748,0.01351474756798972,-1045.2907280127042,-3.205361488674241,True
20260734,220,1825,42,0.012163272811190748,0.01351474756798972,-1066.645892592592,-3.205361488674241,True
20260734,220,1825,43,0.012163272811190748,0.01351474756798972,-1066.069442882474,-3.205361488674241,True
20260734,220,1825,44,0.012163272811190748,0.01351474756798972,-1073.1956842510385,-3.205361488674241,True
20260734,220,1825,45,0.012163272811190748,0.01351474756798972,-1076.8941444508378,-3.205361488674241,True
20260734,220,1825,46,0.012163272811190748,0.01351474756798972,-1061.4189960942053,-3.205361488674241,True
20260734,220,1825,47,0.012163272811190748,0.01351474756798972,-1107.4395651832651,-3.205361488674241,True
20260734,220,1825,48,0.012163272811190748,0.01351474756798972,-1079.8801313133702,-3.205361488674241,True
20260734,220,1825,49,0.012163272811190748,0.01351474756798972,-1046.2434270127299,-3.205361488674241,True
20260734,220,1825,50,0.012163272811190748,0.01351474756798972,-1096.3629533215199,-3.205361488674241,True
20260734,220,1825,51,0.012163272811190748,0.01351474756798972,-1022.9065382846741,-3.205361488674241,True
20260734,220,1825,52,0.012163272811190748,0.01351474756798972,-1087.3168056746483,-3.205361488674241,True
20260734,220,1825,53,0.012163272811190748,0.01351474756798972,-1054.2091484538341,-3.205361488674241,True
20260734,220,1825,54,0.012163272811190748,0.01351474756798972,-1087.0031434528246,-3.205361488674241,True
20260734,220,1825,55,0.012163272811190748,0.01351474756798972,-1069.0896475055906,-3.205361488674241,True
20260734,220,1825,56,0.012163272811190748,0.01351474756798972,-1075.1195232094337,-3.205361488674241,True
20260734,220,1825,57,0.012163272811190748,0.01351474756798972,-1090.3581811201125,-3.205361488674241,True
20260734,220,1825,58,0.012163272811190748,0.01351474756798972,-1086.744743896773,-3.205361488674241,True
20260734,220,1825,59,0.012163272811190748,0.01351474756798972,-1064.9860064405934,-3.205361488674241,True
20260734,220,1825,60,0.012163272811190748,0.01351474756798972,-1035.0369588323122,-3.205361488674241,True
20260734,220,1825,61,0.012163272811190748,0.01351474756798972,-1078.41952826563,-3.205361488674241,True
20260734,220,1825,62,0.012163272811190748,0.01351474756798972,-1063.0729388822385,-3.205361488674241,True
20260734,220,1825,63,0.012163272811190748,0.01351474756798972,-1028.3427253852367,-3.205361488674241,True
20260734,260,9390,0,0.005362275040523719,0.005958083378359687,-1265.0285056190683,-4.024394141767099,True
20260734,260,9390,1,0.005362275040523719,0.005958083378359687,-1224.0132834067138,-4.024394141767099,True
20260734,260,9390,2,0.005362275040523719,0.005958083378359687,-1274.8277084363592,-4.024394141767099,True
20260734,260,9390,3,0.005362275040523719,0.005958083378359687,-1245.314548588347,-4.024394141767099,True
20260734,260,9390,4,0.005362275040523719,0.005958083378359687,-1235.9745110089923,-4.024394141767099,True
20260734,260,9390,5,0.005362275040523719,0.005958083378359687,-1264.36137933798,-4.024394141767099,True
20260734,260,9390,6,0.005362275040523719,0.005958083378359687,-1299.254340825697,-4.024394141767099,True
20260734,260,9390,7,0.005362275040523719,0.005958083378359687,-1248.7352373610609,-4.024394141767099,True
20260734,260,9390,8,0.005362275040523719,0.005958083378359687,-1283.3568111244392,-4.024394141767099,True
20260734,260,9390,9,0.005362275040523719,0.005958083378359687,-1191.2246151481415,-4.024394141767099,True
20260734,260,9390,10,0.005362275040523719,0.005958083378359687,-1243.097415447622,-4.024394141767099,True
20260734,260,9390,11,0.005362275040523719,0.005958083378359687,-1256.6562080343647,-4.024394141767099,True
20260734,260,9390,12,0.005362275040523719,0.005958083378359687,-1266.312594349434,-4.024394141767099,True
20260734,260,9390,13,0.005362275040523719,0.005958083378359687,-1171.4727420944027,-4.024394141767099,True
20260734,260,9390,14,0.005362275040523719,0.005958083378359687,-1224.340634958961,-4.024394141767099,True
20260734,260,9390,15,0.005362275040523719,0.005958083378359687,-1278.9683500780757,-4.024394141767099,True
20260734,260,9390,16,0.005362275040523719,0.005958083378359687,-1281.206145712317,-4.024394141767099,True
20260734,260,9390,17,0.005362275040523719,0.005958083378359687,-1280.0161347129067,-4.024394141767099,True
20260734,260,9390,18,0.005362275040523719,0.005958083378359687,-1256.6086819754892,-4.024394141767099,True
20260734,260,9390,19,0.005362275040523719,0.005958083378359687,-1177.3562585319582,-4.024394141767099,True
20260734,260,9390,20,0.005362275040523719,0.005958083378359687,-1217.852329261794,-4.024394141767099,True
20260734,260,9390,21,0.005362275040523719,0.005958083378359687,-1246.3420336405106,-4.024394141767099,True
20260734,260,9390,22,0.005362275040523719,0.005958083378359687,-1267.688999043336,-4.024394141767099,True
20260734,260,9390,23,0.005362275040523719,0.005958083378359687,-1277.8512888418097,-4.024394141767099,True
20260734,260,9390,24,0.005362275040523719,0.005958083378359687,-1247.930170687481,-4.024394141767099,True
20260734,260,9390,25,0.005362275040523719,0.005958083378359687,-1179.126343172664,-4.024394141767099,True
20260734,260,9390,26,0.005362275040523719,0.005958083378359687,-1278.5628174393796,-4.024394141767099,True
20260734,260,9390,27,0.005362275040523719,0.005958083378359687,-1272.8111717705235,-4.024394141767099,True
20260734,260,9390,28,0.005362275040523719,0.005958083378359687,-1245.3029526591915,-4.024394141767099,True
20260734,260,9390,29,0.005362275040523719,0.005958083378359687,-1218.3044813392864,-4.024394141767099,True
20260734,260,9390,30,0.005362275040523719,0.005958083378359687,-1260.6691488227095,-4.024394141767099,True
20260734,260,9390,31,0.005362275040523719,0.005958083378359687,-1238.0534417072413,-4.024394141767099,True
20260734,260,9390,32,0.005362275040523719,0.005958083378359687,-1274.8380246369143,-4.024394141767099,True
20260734,260,9390,33,0.005362275040523719,0.005958083378359687,-1269.1733175075628,-4.024394141767099,True
20260734,260,9390,34,0.005362275040523719,0.005958083378359687,-1289.2411692238863,-4.024394141767099,True
20260734,260,9390,35,0.005362275040523719,0.005958083378359687,-1223.8959358697844,-4.024394141767099,True
20260734,260,9390,36,0.005362275040523719,0.005958083378359687,-1277.614552325058,-4.024394141767099,True
20260734,260,9390,37,0.005362275040523719,0.005958083378359687,-1265.122110480712,-4.024394141767099,True
20260734,260,9390,38,0.005362275040523719,0.005958083378359687,-1246.3901198054014,-4.024394141767099,True
20260734,260,9390,39,0.005362275040523719,0.005958083378359687,-1210.2849115158783,-4.024394141767099,True
20260734,260,9390,40,0.005362275040523719,0.005958083378359687,-1266.6068346019044,-4.024394141767099,True
20260734,260,9390,41,0.005362275040523719,0.005958083378359687,-1240.9295054960755,-4.024394141767099,True
20260734,260,9390,42,0.005362275040523719,0.005958083378359687,-1256.4249644434217,-4.024394141767099,True
20260734,260,9390,43,0.005362275040523719,0.005958083378359687,-1243.3404602538144,-4.024394141767099,True
20260734,260,9390,44,0.005362275040523719,0.005958083378359687,-1277.9571444177893,-4.024394141767099,True
20260734,260,9390,45,0.005362275040523719,0.005958083378359687,-1216.2694278925192,-4.024394141767099,True
20260734,260,9390,46,0.005362275040523719,0.005958083378359687,-1252.2254553515584,-4.024394141767099,True
20260734,260,9390,47,0.005362275040523719,0.005958083378359687,-1252.7975853567095,-4.024394141767099,True
20260734,260,9390,48,0.005362275040523719,0.005958083378359687,-1250.4942941828765,-4.024394141767099,True
20260734,260,9390,49,0.005362275040523719,0.005958083378359687,-1230.822033130866,-4.024394141767099,True
20260734,260,9390,50,0.005362275040523719,0.005958083378359687,-1293.9850490758079,-4.024394141767099,True
20260734,260,9390,51,0.005362275040523719,0.005958083378359687,-1277.7273223221125,-4.024394141767099,True
20260734,260,9390,52,0.005362275040523719,0.005958083378359687,-1189.3306894774928,-4.024394141767099,True
20260734,260,9390,53,0.005362275040523719,0.005958083378359687,-1213.9393346373922,-4.024394141767099,True
20260734,260,9390,54,0.005362275040523719,0.005958083378359687,-1260.2980888777943,-4.024394141767099,True
20260734,260,9390,55,0.005362275040523719,0.005958083378359687,-1251.2156204553899,-4.024394141767099,True
20260734,260,9390,56,0.005362275040523719,0.005958083378359687,-1169.0855312183555,-4.024394141767099,True
20260734,260,9390,57,0.005362275040523719,0.005958083378359687,-1261.510961465779,-4.024394141767099,True
20260734,260,9390,58,0.005362275040523719,0.005958083378359687,-1275.2960996347356,-4.024394141767099,True
20260734,260,9390,59,0.005362275040523719,0.005958083378359687,-1269.791712284689,-4.024394141767099,True
20260734,260,9390,60,0.005362275040523719,0.005958083378359687,-1225.1313747963534,-4.024394141767099,True
20260734,260,9390,61,0.005362275040523719,0.005958083378359687,-1258.9081141701695,-4.024394141767099,True
20260734,260,9390,62,0.005362275040523719,0.005958083378359687,-1270.5181531671549,-4.024394141767099,True
20260734,260,9390,63,0.005362275040523719,0.005958083378359687,-1224.6223404476577,-4.024394141767099,True
