"seed","beta","target","nearest","success","updates"
42,0.1,8532,4838,false,4
42,0.1,5780,4838,false,6
42,0.1,4867,4838,false,6
42,0.1,9318,4838,false,6
42,0.1,721,4838,false,6
42,0.1,3529,4838,false,6
42,0.1,9450,4838,false,6
42,0.1,6060,4838,false,6
42,0.1,8285,4838,false,5
42,0.1,9941,4838,false,6
42,0.1,7229,4838,false,7
42,0.1,3306,4838,false,6
42,0.1,1513,4838,false,7
42,0.1,2339,4838,false,6
42,0.1,3582,4838,false,6
42,0.1,2570,4838,false,6
42,0.1,7266,4838,false,6
42,0.1,7386,4838,false,6
42,0.1,7323,4838,false,6
42,0.1,1283,4838,false,6
42,0.1,889,4838,false,7
42,0.1,404,4838,false,6
42,0.1,8007,4838,false,6
42,0.1,4633,4838,false,7
42,0.1,6235,4838,false,6
42,0.1,2930,4838,false,7
42,0.1,6519,4838,false,6
42,0.1,9296,4838,false,6
42,0.1,7984,4838,false,6
42,0.1,3010,4838,false,6
42,0.1,4511,4838,false,6
42,0.1,3570,4838,false,6
42,0.1,7075,4838,false,6
42,0.1,8697,4838,false,7
42,0.1,7663,4838,false,6
42,0.1,196,4838,false,6
42,0.1,1997,4838,false,6
42,0.1,4771,4838,false,5
42,0.1,8845,4838,false,6
42,0.1,9150,4838,false,6
42,0.1,5436,4838,false,6
42,0.1,5930,4838,false,6
42,0.1,4404,4838,false,7
42,0.1,5174,4838,false,5
42,0.1,4641,4838,false,6
42,0.1,4756,4838,false,6
42,0.1,4240,4838,false,5
42,0.1,2351,4838,false,6
42,0.1,1579,4838,false,6
42,0.1,3126,4838,false,7
42,0.1,587,4838,false,6
42,0.1,7702,4838,false,6
42,0.1,460,4838,false,6
42,0.1,1249,4838,false,7
42,0.1,6186,4838,false,7
42,0.1,516,4838,false,4
42,0.1,9544,4838,false,6
42,0.1,5259,4838,false,7
42,0.1,5412,4838,false,6
42,0.1,956,4838,false,6
42,0.1,7957,4838,false,6
42,0.1,2227,4838,false,6
42,0.1,3640,4838,false,5
42,0.1,206,4838,false,6
42,0.1,8184,4838,false,6
42,0.1,6440,4838,false,6
42,0.1,133,4838,false,5
42,0.1,3218,4838,false,4
42,0.1,5428,4838,false,6
42,0.1,9011,4838,false,6
42,0.1,8994,4838,false,6
42,0.1,1455,4838,false,7
42,0.1,9591,4838,false,6
42,0.1,2336,4838,false,6
42,0.1,3117,4838,false,6
42,0.1,5649,4838,false,6
42,0.1,1693,4838,false,6
42,0.1,6680,4838,false,6
42,0.1,6612,4838,false,6
42,0.1,131,4838,false,5
42,0.1,6130,4838,false,6
42,0.1,4228,4838,false,6
42,0.1,690,4838,false,6
42,0.1,7929,4838,false,6
42,0.1,5570,4838,false,7
42,0.1,1784,4838,false,5
42,0.1,9734,4838,false,6
42,0.1,8192,4838,false,6
42,0.1,1324,4838,false,6
42,0.1,9211,4838,false,6
42,0.1,2507,4838,false,5
42,0.1,2458,4838,false,6
42,0.1,4333,4838,false,6
42,0.1,747,4838,false,6
42,0.1,2001,4838,false,6
42,0.1,1570,4838,false,5
42,0.1,3180,4838,false,6
42,0.1,139,4838,false,6
42,0.1,1962,4838,false,5
42,0.1,5369,4838,false,6
42,0.14384498882876628,8532,4838,false,5
42,0.14384498882876628,5780,4838,false,7
42,0.14384498882876628,4867,4838,false,7
42,0.14384498882876628,9318,4838,false,7
42,0.14384498882876628,721,4838,false,7
42,0.14384498882876628,3529,4838,false,7
42,0.14384498882876628,9450,4838,false,7
42,0.14384498882876628,6060,4838,false,7
42,0.14384498882876628,8285,4838,false,6
42,0.14384498882876628,9941,4838,false,7
42,0.14384498882876628,7229,4838,false,8
42,0.14384498882876628,3306,4838,false,7
42,0.14384498882876628,1513,4838,false,8
42,0.14384498882876628,2339,4838,false,7
42,0.14384498882876628,3582,4838,false,7
42,0.14384498882876628,2570,4838,false,7
42,0.14384498882876628,7266,4838,false,7
42,0.14384498882876628,7386,4838,false,6
42,0.14384498882876628,7323,4838,false,7
42,0.14384498882876628,1283,4838,false,7
42,0.14384498882876628,889,4838,false,8
42,0.14384498882876628,404,4838,false,7
42,0.14384498882876628,8007,4838,false,7
42,0.14384498882876628,4633,4838,false,8
42,0.14384498882876628,6235,4838,false,7
42,0.14384498882876628,2930,4838,false,8
42,0.14384498882876628,6519,4838,false,7
42,0.14384498882876628,9296,4838,false,7
42,0.14384498882876628,7984,4838,false,7
42,0.14384498882876628,3010,4838,false,7
42,0.14384498882876628,4511,4838,false,7
42,0.14384498882876628,3570,4838,false,7
42,0.14384498882876628,7075,4838,false,7
42,0.14384498882876628,8697,4838,false,8
42,0.14384498882876628,7663,4838,false,7
42,0.14384498882876628,196,4838,false,7
42,0.14384498882876628,1997,4838,false,7
42,0.14384498882876628,4771,4838,false,6
42,0.14384498882876628,8845,4838,false,7
42,0.14384498882876628,9150,4838,false,7
42,0.14384498882876628,5436,4838,false,7
42,0.14384498882876628,5930,4838,false,6
42,0.14384498882876628,4404,4838,false,8
42,0.14384498882876628,5174,4838,false,5
42,0.14384498882876628,4641,4838,false,7
42,0.14384498882876628,4756,4838,false,7
42,0.14384498882876628,4240,4838,false,6
42,0.14384498882876628,2351,4838,false,7
42,0.14384498882876628,1579,4838,false,7
42,0.14384498882876628,3126,4838,false,8
42,0.14384498882876628,587,4838,false,7
42,0.14384498882876628,7702,4838,false,6
42,0.14384498882876628,460,4838,false,7
42,0.14384498882876628,1249,4838,false,8
42,0.14384498882876628,6186,4838,false,8
42,0.14384498882876628,516,4838,false,4
42,0.14384498882876628,9544,4838,false,7
42,0.14384498882876628,5259,4838,false,8
42,0.14384498882876628,5412,4838,false,7
42,0.14384498882876628,956,4838,false,7
42,0.14384498882876628,7957,4838,false,7
42,0.14384498882876628,2227,4838,false,7
42,0.14384498882876628,3640,4838,false,6
42,0.14384498882876628,206,4838,false,7
42,0.14384498882876628,8184,4838,false,7
42,0.14384498882876628,6440,4838,false,7
42,0.14384498882876628,133,4838,false,6
42,0.14384498882876628,3218,4838,false,4
42,0.14384498882876628,5428,4838,false,7
42,0.14384498882876628,9011,4838,false,7
42,0.14384498882876628,8994,4838,false,7
42,0.14384498882876628,1455,4838,false,8
42,0.14384498882876628,9591,4838,false,7
42,0.14384498882876628,2336,4838,false,7
42,0.14384498882876628,3117,4838,false,7
42,0.14384498882876628,5649,4838,false,7
42,0.14384498882876628,1693,4838,false,6
42,0.14384498882876628,6680,4838,false,7
42,0.14384498882876628,6612,4838,false,7
42,0.14384498882876628,131,4838,false,6
42,0.14384498882876628,6130,4838,false,7
42,0.14384498882876628,4228,4838,false,6
42,0.14384498882876628,690,4838,false,7
42,0.14384498882876628,7929,4838,false,7
42,0.14384498882876628,5570,4838,false,8
42,0.14384498882876628,1784,4838,false,6
42,0.14384498882876628,9734,4838,false,7
42,0.14384498882876628,8192,4838,false,7
42,0.14384498882876628,1324,4838,false,7
42,0.14384498882876628,9211,4838,false,7
42,0.14384498882876628,2507,4838,false,5
42,0.14384498882876628,2458,4838,false,7
42,0.14384498882876628,4333,4838,false,7
42,0.14384498882876628,747,4838,false,7
42,0.14384498882876628,2001,4838,false,7
42,0.14384498882876628,1570,4838,false,6
42,0.14384498882876628,3180,4838,false,7
42,0.14384498882876628,139,4838,false,6
42,0.14384498882876628,1962,4838,false,6
42,0.14384498882876628,5369,4838,false,7
42,0.20691380811147897,8532,4838,false,6
42,0.20691380811147897,5780,4838,false,8
42,0.20691380811147897,4867,4838,false,9
42,0.20691380811147897,9318,4838,false,8
42,0.20691380811147897,721,4838,false,8
42,0.20691380811147897,3529,4838,false,8
42,0.20691380811147897,9450,4838,false,8
42,0.20691380811147897,6060,4838,false,8
42,0.20691380811147897,8285,4838,false,7
42,0.20691380811147897,9941,4838,false,8
42,0.20691380811147897,7229,4838,false,9
42,0.20691380811147897,3306,4838,false,8
42,0.20691380811147897,1513,4838,false,9
42,0.20691380811147897,2339,4838,false,8
42,0.20691380811147897,3582,4838,false,8
42,0.20691380811147897,2570,4838,false,8
42,0.20691380811147897,7266,4838,false,8
42,0.20691380811147897,7386,4838,false,7
42,0.20691380811147897,7323,4838,false,8
42,0.20691380811147897,1283,4838,false,9
42,0.20691380811147897,889,4838,false,9
42,0.20691380811147897,404,4838,false,8
42,0.20691380811147897,8007,4838,false,9
42,0.20691380811147897,4633,4838,false,9
42,0.20691380811147897,6235,4838,false,8
42,0.20691380811147897,2930,4838,false,9
42,0.20691380811147897,6519,4838,false,8
42,0.20691380811147897,9296,4838,false,8
42,0.20691380811147897,7984,4838,false,8
42,0.20691380811147897,3010,4838,false,8
42,0.20691380811147897,4511,4838,false,9
42,0.20691380811147897,3570,4838,false,8
42,0.20691380811147897,7075,4838,false,8
42,0.20691380811147897,8697,4838,false,9
42,0.20691380811147897,7663,4838,false,8
42,0.20691380811147897,196,4838,false,8
42,0.20691380811147897,1997,4838,false,9
42,0.20691380811147897,4771,4838,false,6
42,0.20691380811147897,8845,4838,false,9
42,0.20691380811147897,9150,4838,false,8
42,0.20691380811147897,5436,4838,false,8
42,0.20691380811147897,5930,4838,false,7
42,0.20691380811147897,4404,4838,false,9
42,0.20691380811147897,5174,4838,false,5
42,0.20691380811147897,4641,4838,false,8
42,0.20691380811147897,4756,4838,false,8
42,0.20691380811147897,4240,4838,false,7
42,0.20691380811147897,2351,4838,false,8
42,0.20691380811147897,1579,4838,false,8
42,0.20691380811147897,3126,4838,false,9
42,0.20691380811147897,587,4838,false,8
42,0.20691380811147897,7702,4838,false,7
42,0.20691380811147897,460,4838,false,8
42,0.20691380811147897,1249,4838,false,9
42,0.20691380811147897,6186,4838,false,9
42,0.20691380811147897,516,4838,false,6
42,0.20691380811147897,9544,4838,false,8
42,0.20691380811147897,5259,4838,false,9
42,0.20691380811147897,5412,4838,false,8
42,0.20691380811147897,956,4838,false,8
42,0.20691380811147897,7957,4838,false,8
42,0.20691380811147897,2227,4838,false,8
42,0.20691380811147897,3640,4838,false,7
42,0.20691380811147897,206,4838,false,8
42,0.20691380811147897,8184,4838,false,9
42,0.20691380811147897,6440,4838,false,8
42,0.20691380811147897,133,4838,false,7
42,0.20691380811147897,3218,4838,false,6
42,0.20691380811147897,5428,4838,false,8
42,0.20691380811147897,9011,4838,false,8
42,0.20691380811147897,8994,4838,false,8
42,0.20691380811147897,1455,4838,false,9
42,0.20691380811147897,9591,4838,false,8
42,0.20691380811147897,2336,4838,false,7
42,0.20691380811147897,3117,4838,false,9
42,0.20691380811147897,5649,4838,false,8
42,0.20691380811147897,1693,4838,false,8
42,0.20691380811147897,6680,4838,false,8
42,0.20691380811147897,6612,4838,false,8
42,0.20691380811147897,131,4838,false,6
42,0.20691380811147897,6130,4838,false,8
42,0.20691380811147897,4228,4838,false,7
42,0.20691380811147897,690,4838,false,8
42,0.20691380811147897,7929,4838,false,8
42,0.20691380811147897,5570,4838,false,9
42,0.20691380811147897,1784,4838,false,7
42,0.20691380811147897,9734,4838,false,8
42,0.20691380811147897,8192,4838,false,8
42,0.20691380811147897,1324,4838,false,8
42,0.20691380811147897,9211,4838,false,8
42,0.20691380811147897,2507,4838,false,7
42,0.20691380811147897,2458,4838,false,8
42,0.20691380811147897,4333,4838,false,8
42,0.20691380811147897,747,4838,false,8
42,0.20691380811147897,2001,4838,false,8
42,0.20691380811147897,1570,4838,false,7
42,0.20691380811147897,3180,4838,false,8
42,0.20691380811147897,139,4838,false,7
42,0.20691380811147897,1962,4838,false,7
42,0.20691380811147897,5369,4838,false,8
42,0.29763514416313175,8532,2799,false,8
42,0.29763514416313175,5780,2799,false,9
42,0.29763514416313175,4867,2799,false,10
42,0.29763514416313175,9318,2799,false,9
42,0.29763514416313175,721,2799,false,9
42,0.29763514416313175,3529,2799,false,9
42,0.29763514416313175,9450,2799,false,9
42,0.29763514416313175,6060,2799,false,9
42,0.29763514416313175,8285,2799,false,7
42,0.29763514416313175,9941,2799,false,9
42,0.29763514416313175,7229,2799,false,10
42,0.29763514416313175,3306,2799,false,9
42,0.29763514416313175,1513,2799,false,10
42,0.29763514416313175,2339,2799,false,9
42,0.29763514416313175,3582,2799,false,9
42,0.29763514416313175,2570,2799,false,9
42,0.29763514416313175,7266,2799,false,9
42,0.29763514416313175,7386,2799,false,8
42,0.29763514416313175,7323,2799,false,9
42,0.29763514416313175,1283,2799,false,10
42,0.29763514416313175,889,2799,false,10
42,0.29763514416313175,404,2799,false,10
42,0.29763514416313175,8007,2799,false,10
42,0.29763514416313175,4633,2799,false,10
42,0.29763514416313175,6235,2799,false,9
42,0.29763514416313175,2930,2799,false,10
42,0.29763514416313175,6519,2799,false,9
42,0.29763514416313175,9296,2799,false,9
42,0.29763514416313175,7984,2799,false,9
42,0.29763514416313175,3010,2799,false,9
42,0.29763514416313175,4511,2799,false,10
42,0.29763514416313175,3570,2799,false,9
42,0.29763514416313175,7075,2799,false,9
42,0.29763514416313175,8697,2799,false,10
42,0.29763514416313175,7663,2799,false,10
42,0.29763514416313175,196,2799,false,9
42,0.29763514416313175,1997,2799,false,10
42,0.29763514416313175,4771,2799,false,6
42,0.29763514416313175,8845,2799,false,10
42,0.29763514416313175,9150,2799,false,9
42,0.29763514416313175,5436,2799,false,10
42,0.29763514416313175,5930,2799,false,8
42,0.29763514416313175,4404,2799,false,10
42,0.29763514416313175,5174,2799,false,7
42,0.29763514416313175,4641,2799,false,9
42,0.29763514416313175,4756,2799,false,9
42,0.29763514416313175,4240,2799,false,7
42,0.29763514416313175,2351,2799,false,9
42,0.29763514416313175,1579,2799,false,9
42,0.29763514416313175,3126,2799,false,10
42,0.29763514416313175,587,2799,false,10
42,0.29763514416313175,7702,2799,false,9
42,0.29763514416313175,460,2799,false,9
42,0.29763514416313175,1249,2799,false,10
42,0.29763514416313175,6186,2799,false,10
42,0.29763514416313175,516,2799,false,8
42,0.29763514416313175,9544,2799,false,10
42,0.29763514416313175,5259,2799,false,10
42,0.29763514416313175,5412,2799,false,9
42,0.29763514416313175,956,2799,false,9
42,0.29763514416313175,7957,2799,false,9
42,0.29763514416313175,2227,2799,false,8
42,0.29763514416313175,3640,2799,false,9
42,0.29763514416313175,206,2799,false,10
42,0.29763514416313175,8184,2799,false,10
42,0.29763514416313175,6440,2799,false,9
42,0.29763514416313175,133,2799,false,8
42,0.29763514416313175,3218,2799,false,8
42,0.29763514416313175,5428,2799,false,9
42,0.29763514416313175,9011,2799,false,9
42,0.29763514416313175,8994,2799,false,9
42,0.29763514416313175,1455,2799,false,10
42,0.29763514416313175,9591,2799,false,9
42,0.29763514416313175,2336,2799,false,8
42,0.29763514416313175,3117,2799,false,10
42,0.29763514416313175,5649,2799,false,9
42,0.29763514416313175,1693,2799,false,9
42,0.29763514416313175,6680,2799,false,9
42,0.29763514416313175,6612,2799,false,9
42,0.29763514416313175,131,2799,false,6
42,0.29763514416313175,6130,2799,false,9
42,0.29763514416313175,4228,2799,false,8
42,0.29763514416313175,690,2799,false,9
42,0.29763514416313175,7929,2799,false,9
42,0.29763514416313175,5570,2799,false,10
42,0.29763514416313175,1784,2799,false,8
42,0.29763514416313175,9734,2799,false,9
42,0.29763514416313175,8192,2799,false,9
42,0.29763514416313175,1324,2799,false,9
42,0.29763514416313175,9211,2799,false,9
42,0.29763514416313175,2507,2799,false,8
42,0.29763514416313175,2458,2799,false,9
42,0.29763514416313175,4333,2799,false,9
42,0.29763514416313175,747,2799,false,10
42,0.29763514416313175,2001,2799,false,9
42,0.29763514416313175,1570,2799,false,7
42,0.29763514416313175,3180,2799,false,9
42,0.29763514416313175,139,2799,false,8
42,0.29763514416313175,1962,2799,false,7
42,0.29763514416313175,5369,2799,false,9
42,0.42813323987193935,8532,2799,false,9
42,0.42813323987193935,5780,2799,false,10
42,0.42813323987193935,4867,2799,false,10
42,0.42813323987193935,9318,2799,false,9
42,0.42813323987193935,721,2799,false,9
42,0.42813323987193935,3529,2799,false,10
42,0.42813323987193935,9450,2799,false,10
42,0.42813323987193935,6060,2799,false,10
42,0.42813323987193935,8285,2799,false,6
42,0.42813323987193935,9941,2799,false,9
42,0.42813323987193935,7229,2799,false,10
42,0.42813323987193935,3306,2799,false,10
42,0.42813323987193935,1513,2799,false,10
42,0.42813323987193935,2339,2799,false,9
42,0.42813323987193935,3582,2799,false,10
42,0.42813323987193935,2570,2799,false,10
42,0.42813323987193935,7266,2799,false,9
42,0.42813323987193935,7386,2799,false,8
42,0.42813323987193935,7323,2799,false,10
42,0.42813323987193935,1283,2799,false,10
42,0.42813323987193935,889,2799,false,10
42,0.42813323987193935,404,2799,false,10
42,0.42813323987193935,8007,2799,false,10
42,0.42813323987193935,4633,2799,false,10
42,0.42813323987193935,6235,2799,false,9
42,0.42813323987193935,2930,2799,false,10
42,0.42813323987193935,6519,2799,false,10
42,0.42813323987193935,9296,2799,false,10
42,0.42813323987193935,7984,2799,false,10
42,0.42813323987193935,3010,2799,false,10
42,0.42813323987193935,4511,2799,false,10
42,0.42813323987193935,3570,2799,false,10
42,0.42813323987193935,7075,2799,false,10
42,0.42813323987193935,8697,2799,false,10
42,0.42813323987193935,7663,2799,false,10
42,0.42813323987193935,196,2799,false,10
42,0.42813323987193935,1997,2799,false,10
42,0.42813323987193935,4771,2799,false,9
42,0.42813323987193935,8845,2799,false,10
42,0.42813323987193935,9150,2799,false,10
42,0.42813323987193935,5436,2799,false,10
42,0.42813323987193935,5930,2799,false,8
42,0.42813323987193935,4404,2799,false,10
42,0.42813323987193935,5174,2799,false,9
42,0.42813323987193935,4641,2799,false,9
42,0.42813323987193935,4756,2799,false,9
42,0.42813323987193935,4240,2799,false,8
42,0.42813323987193935,2351,2799,false,9
42,0.42813323987193935,1579,2799,false,10
42,0.42813323987193935,3126,2799,false,10
42,0.42813323987193935,587,2799,false,10
42,0.42813323987193935,7702,2799,false,10
42,0.42813323987193935,460,2799,false,9
42,0.42813323987193935,1249,2799,false,10
42,0.42813323987193935,6186,2799,false,10
42,0.42813323987193935,516,2799,false,9
42,0.42813323987193935,9544,2799,false,10
42,0.42813323987193935,5259,2799,false,10
42,0.42813323987193935,5412,2799,false,9
42,0.42813323987193935,956,2799,false,9
42,0.42813323987193935,7957,2799,false,10
42,0.42813323987193935,2227,2799,false,9
42,0.42813323987193935,3640,2799,false,10
42,0.42813323987193935,206,2799,false,10
42,0.42813323987193935,8184,2799,false,10
42,0.42813323987193935,6440,2799,false,10
42,0.42813323987193935,133,2799,false,10
42,0.42813323987193935,3218,2799,false,9
42,0.42813323987193935,5428,2799,false,10
42,0.42813323987193935,9011,2799,false,10
42,0.42813323987193935,8994,2799,false,9
42,0.42813323987193935,1455,2799,false,10
42,0.42813323987193935,9591,2799,false,10
42,0.42813323987193935,2336,2799,false,9
42,0.42813323987193935,3117,2799,false,10
42,0.42813323987193935,5649,2799,false,10
42,0.42813323987193935,1693,2799,false,10
42,0.42813323987193935,6680,2799,false,9
42,0.42813323987193935,6612,2799,false,10
42,0.42813323987193935,131,2799,false,8
42,0.42813323987193935,6130,2799,false,10
42,0.42813323987193935,4228,2799,false,8
42,0.42813323987193935,690,2799,false,10
42,0.42813323987193935,7929,2799,false,9
42,0.42813323987193935,5570,2799,false,10
42,0.42813323987193935,1784,2799,false,10
42,0.42813323987193935,9734,2799,false,10
42,0.42813323987193935,8192,2799,false,10
42,0.42813323987193935,1324,2799,false,10
42,0.42813323987193935,9211,2799,false,10
42,0.42813323987193935,2507,2799,false,10
42,0.42813323987193935,2458,2799,false,10
42,0.42813323987193935,4333,2799,false,9
42,0.42813323987193935,747,2799,false,10
42,0.42813323987193935,2001,2799,false,10
42,0.42813323987193935,1570,2799,false,6
42,0.42813323987193935,3180,2799,false,9
42,0.42813323987193935,139,2799,false,8
42,0.42813323987193935,1962,2799,false,6
42,0.42813323987193935,5369,2799,false,9
42,0.6158482110660264,8532,2799,false,10
42,0.6158482110660264,5780,2799,false,10
42,0.6158482110660264,4867,2799,false,10
42,0.6158482110660264,9318,2799,false,9
42,0.6158482110660264,721,2799,false,9
42,0.6158482110660264,3529,2799,false,10
42,0.6158482110660264,9450,2799,false,10
42,0.6158482110660264,6060,2799,false,10
42,0.6158482110660264,8285,2799,false,9
42,0.6158482110660264,9941,2799,false,9
42,0.6158482110660264,7229,2799,false,10
42,0.6158482110660264,3306,2799,false,10
42,0.6158482110660264,1513,2799,false,10
42,0.6158482110660264,2339,2799,false,9
42,0.6158482110660264,3582,2799,false,10
42,0.6158482110660264,2570,2799,false,10
42,0.6158482110660264,7266,2799,false,9
42,0.6158482110660264,7386,2799,false,8
42,0.6158482110660264,7323,2799,false,10
42,0.6158482110660264,1283,2799,false,10
42,0.6158482110660264,889,2799,false,10
42,0.6158482110660264,404,2799,false,10
42,0.6158482110660264,8007,2799,false,10
42,0.6158482110660264,4633,2799,false,10
42,0.6158482110660264,6235,2799,false,9
42,0.6158482110660264,2930,2799,false,10
42,0.6158482110660264,6519,2799,false,10
42,0.6158482110660264,9296,2799,false,10
42,0.6158482110660264,7984,2799,false,10
42,0.6158482110660264,3010,2799,false,10
42,0.6158482110660264,4511,2799,false,10
42,0.6158482110660264,3570,2799,false,10
42,0.6158482110660264,7075,2799,false,10
42,0.6158482110660264,8697,2799,false,10
42,0.6158482110660264,7663,2799,false,10
42,0.6158482110660264,196,2799,false,10
42,0.6158482110660264,1997,2799,false,10
42,0.6158482110660264,4771,2799,false,10
42,0.6158482110660264,8845,2799,false,10
42,0.6158482110660264,9150,2799,false,10
42,0.6158482110660264,5436,2799,false,10
42,0.6158482110660264,5930,2799,false,7
42,0.6158482110660264,4404,2799,false,10
42,0.6158482110660264,5174,2799,false,10
42,0.6158482110660264,4641,2799,false,9
42,0.6158482110660264,4756,2799,false,9
42,0.6158482110660264,4240,2799,false,9
42,0.6158482110660264,2351,2799,false,9
42,0.6158482110660264,1579,2799,false,10
42,0.6158482110660264,3126,2799,false,10
42,0.6158482110660264,587,2799,false,10
42,0.6158482110660264,7702,2799,false,10
42,0.6158482110660264,460,2799,false,9
42,0.6158482110660264,1249,2799,false,10
42,0.6158482110660264,6186,2799,false,10
42,0.6158482110660264,516,2799,false,10
42,0.6158482110660264,9544,2799,false,10
42,0.6158482110660264,5259,2799,false,10
42,0.6158482110660264,5412,2799,false,9
42,0.6158482110660264,956,2799,false,10
42,0.6158482110660264,7957,2799,false,10
42,0.6158482110660264,2227,2799,false,9
42,0.6158482110660264,3640,2799,false,10
42,0.6158482110660264,206,2799,false,10
42,0.6158482110660264,8184,2799,false,10
42,0.6158482110660264,6440,2799,false,10
42,0.6158482110660264,133,2799,false,10
42,0.6158482110660264,3218,2799,false,10
42,0.6158482110660264,5428,2799,false,10
42,0.6158482110660264,9011,2799,false,10
42,0.6158482110660264,8994,2799,false,9
42,0.6158482110660264,1455,2799,false,10
42,0.6158482110660264,9591,2799,false,10
42,0.6158482110660264,2336,2799,false,8
42,0.6158482110660264,3117,2799,false,10
42,0.6158482110660264,5649,2799,false,10
42,0.6158482110660264,1693,2799,false,10
42,0.6158482110660264,6680,2799,false,9
42,0.6158482110660264,6612,2799,false,10
42,0.6158482110660264,131,2799,false,9
42,0.6158482110660264,6130,2799,false,10
42,0.6158482110660264,4228,2799,false,5
42,0.6158482110660264,690,2799,false,10
42,0.6158482110660264,7929,2799,false,9
42,0.6158482110660264,5570,2799,false,10
42,0.6158482110660264,1784,2799,false,10
42,0.6158482110660264,9734,2799,false,10
42,0.6158482110660264,8192,2799,false,10
42,0.6158482110660264,1324,2799,false,10
42,0.6158482110660264,9211,2799,false,10
42,0.6158482110660264,2507,2799,false,10
42,0.6158482110660264,2458,2799,false,10
42,0.6158482110660264,4333,2799,false,9
42,0.6158482110660264,747,2799,false,10
42,0.6158482110660264,2001,2799,false,10
42,0.6158482110660264,1570,2799,false,9
42,0.6158482110660264,3180,2799,false,9
42,0.6158482110660264,139,2799,false,7
42,0.6158482110660264,1962,2799,false,9
42,0.6158482110660264,5369,2799,false,9
42,0.8858667904100825,8532,2799,false,10
42,0.8858667904100825,5780,2799,false,10
42,0.8858667904100825,4867,2799,false,10
42,0.8858667904100825,9318,2799,false,9
42,0.8858667904100825,721,2799,false,9
42,0.8858667904100825,3529,2799,false,10
42,0.8858667904100825,9450,2799,false,9
42,0.8858667904100825,6060,2799,false,9
42,0.8858667904100825,8285,2799,false,10
42,0.8858667904100825,9941,2799,false,8
42,0.8858667904100825,7229,2799,false,10
42,0.8858667904100825,3306,2799,false,10
42,0.8858667904100825,1513,2799,false,10
42,0.8858667904100825,2339,2799,false,7
42,0.8858667904100825,3582,2799,false,10
42,0.8858667904100825,2570,2799,false,10
42,0.8858667904100825,7266,2799,false,8
42,0.8858667904100825,7386,2799,false,9
42,0.8858667904100825,7323,2799,false,10
42,0.8858667904100825,1283,2799,false,10
42,0.8858667904100825,889,2799,false,10
42,0.8858667904100825,404,2799,false,10
42,0.8858667904100825,8007,2799,false,10
42,0.8858667904100825,4633,2799,false,10
42,0.8858667904100825,6235,2799,false,9
42,0.8858667904100825,2930,2799,false,10
42,0.8858667904100825,6519,2799,false,10
42,0.8858667904100825,9296,2799,false,10
42,0.8858667904100825,7984,2799,false,10
42,0.8858667904100825,3010,2799,false,10
42,0.8858667904100825,4511,2799,false,10
42,0.8858667904100825,3570,2799,false,9
42,0.8858667904100825,7075,2799,false,10
42,0.8858667904100825,8697,2799,false,10
42,0.8858667904100825,7663,2799,false,10
42,0.8858667904100825,196,2799,false,10
42,0.8858667904100825,1997,2799,false,10
42,0.8858667904100825,4771,2799,false,10
42,0.8858667904100825,8845,2799,false,10
42,0.8858667904100825,9150,2799,false,10
42,0.8858667904100825,5436,2799,false,10
42,0.8858667904100825,5930,2799,false,9
42,0.8858667904100825,4404,2799,false,10
42,0.8858667904100825,5174,2799,false,10
42,0.8858667904100825,4641,2799,false,9
42,0.8858667904100825,4756,2799,false,9
42,0.8858667904100825,4240,2799,false,10
42,0.8858667904100825,2351,2799,false,8
42,0.8858667904100825,1579,2799,false,9
42,0.8858667904100825,3126,2799,false,10
42,0.8858667904100825,587,2799,false,10
42,0.8858667904100825,7702,2799,false,10
42,0.8858667904100825,460,2799,false,9
42,0.8858667904100825,1249,2799,false,10
42,0.8858667904100825,6186,2799,false,10
42,0.8858667904100825,516,2799,false,10
42,0.8858667904100825,9544,2799,false,10
42,0.8858667904100825,5259,2799,false,10
42,0.8858667904100825,5412,2799,false,8
42,0.8858667904100825,956,2799,false,9
42,0.8858667904100825,7957,2799,false,10
42,0.8858667904100825,2227,2799,false,6
42,0.8858667904100825,3640,2799,false,10
42,0.8858667904100825,206,2799,false,10
42,0.8858667904100825,8184,2799,false,10
42,0.8858667904100825,6440,2799,false,9
42,0.8858667904100825,133,2799,false,10
42,0.8858667904100825,3218,2799,false,10
42,0.8858667904100825,5428,2799,false,10
42,0.8858667904100825,9011,2799,false,10
42,0.8858667904100825,8994,2799,false,8
42,0.8858667904100825,1455,2799,false,10
42,0.8858667904100825,9591,2799,false,10
42,0.8858667904100825,2336,2799,false,8
42,0.8858667904100825,3117,2799,false,10
42,0.8858667904100825,5649,2799,false,10
42,0.8858667904100825,1693,2799,false,10
42,0.8858667904100825,6680,2799,false,9
42,0.8858667904100825,6612,2799,false,10
42,0.8858667904100825,131,2799,false,10
42,0.8858667904100825,6130,2799,false,10
42,0.8858667904100825,4228,2799,false,9
42,0.8858667904100825,690,2799,false,10
42,0.8858667904100825,7929,2799,false,8
42,0.8858667904100825,5570,2799,false,10
42,0.8858667904100825,1784,2799,false,10
42,0.8858667904100825,9734,2799,false,10
42,0.8858667904100825,8192,2799,false,10
42,0.8858667904100825,1324,2799,false,10
42,0.8858667904100825,9211,2799,false,10
42,0.8858667904100825,2507,2799,false,10
42,0.8858667904100825,2458,2799,false,10
42,0.8858667904100825,4333,2799,false,9
42,0.8858667904100825,747,2799,false,10
42,0.8858667904100825,2001,2799,false,9
42,0.8858667904100825,1570,2799,false,10
42,0.8858667904100825,3180,2799,false,8
42,0.8858667904100825,139,2799,false,9
42,0.8858667904100825,1962,2799,false,10
42,0.8858667904100825,5369,2799,false,8
42,1.2742749857031335,8532,2799,false,10
42,1.2742749857031335,5780,2799,false,9
42,1.2742749857031335,4867,2799,false,10
42,1.2742749857031335,9318,2799,false,7
42,1.2742749857031335,721,2799,false,7
42,1.2742749857031335,3529,2799,false,9
42,1.2742749857031335,9450,2799,false,9
42,1.2742749857031335,6060,2799,false,8
42,1.2742749857031335,8285,2799,false,10
42,1.2742749857031335,9941,2799,false,7
42,1.2742749857031335,7229,7992,false,10
42,1.2742749857031335,3306,2799,false,9
42,1.2742749857031335,1513,6435,false,10
42,1.2742749857031335,2339,2799,false,8
42,1.2742749857031335,3582,2799,false,9
42,1.2742749857031335,2570,2799,false,9
42,1.2742749857031335,7266,2799,false,8
42,1.2742749857031335,7386,2799,false,10
42,1.2742749857031335,7323,2799,false,9
42,1.2742749857031335,1283,2799,false,10
42,1.2742749857031335,889,6435,false,10
42,1.2742749857031335,404,2799,false,10
42,1.2742749857031335,8007,2799,false,10
42,1.2742749857031335,4633,7992,false,10
42,1.2742749857031335,6235,2799,false,8
42,1.2742749857031335,2930,4643,false,10
42,1.2742749857031335,6519,2799,false,9
42,1.2742749857031335,9296,2799,false,9
42,1.2742749857031335,7984,2799,false,9
42,1.2742749857031335,3010,2799,false,10
42,1.2742749857031335,4511,2799,false,10
42,1.2742749857031335,3570,2799,false,8
42,1.2742749857031335,7075,2799,false,9
42,1.2742749857031335,8697,7992,false,10
42,1.2742749857031335,7663,2799,false,10
42,1.2742749857031335,196,2799,false,10
42,1.2742749857031335,1997,2799,false,10
42,1.2742749857031335,4771,2799,false,10
42,1.2742749857031335,8845,2799,false,10
42,1.2742749857031335,9150,2799,false,9
42,1.2742749857031335,5436,2799,false,10
42,1.2742749857031335,5930,2799,false,10
42,1.2742749857031335,4404,4838,false,10
42,1.2742749857031335,5174,2799,false,10
42,1.2742749857031335,4641,2799,false,8
42,1.2742749857031335,4756,2799,false,7
42,1.2742749857031335,4240,2799,false,10
42,1.2742749857031335,2351,2799,false,8
42,1.2742749857031335,1579,2799,false,9
42,1.2742749857031335,3126,6435,false,10
42,1.2742749857031335,587,2799,false,10
42,1.2742749857031335,7702,2799,false,10
42,1.2742749857031335,460,2799,false,8
42,1.2742749857031335,1249,7992,false,10
42,1.2742749857031335,6186,7992,false,10
42,1.2742749857031335,516,2799,false,10
42,1.2742749857031335,9544,2799,false,10
42,1.2742749857031335,5259,7992,false,10
42,1.2742749857031335,5412,2799,false,6
42,1.2742749857031335,956,2799,false,8
42,1.2742749857031335,7957,2799,false,9
42,1.2742749857031335,2227,2799,false,9
42,1.2742749857031335,3640,2799,false,10
42,1.2742749857031335,206,2799,false,10
42,1.2742749857031335,8184,2799,false,10
42,1.2742749857031335,6440,2799,false,9
42,1.2742749857031335,133,2799,false,10
42,1.2742749857031335,3218,2799,false,10
42,1.2742749857031335,5428,2799,false,9
42,1.2742749857031335,9011,2799,false,9
42,1.2742749857031335,8994,2799,false,8
42,1.2742749857031335,1455,4838,false,10
42,1.2742749857031335,9591,2799,false,9
42,1.2742749857031335,2336,2799,false,9
42,1.2742749857031335,3117,2799,false,10
42,1.2742749857031335,5649,2799,false,9
42,1.2742749857031335,1693,2799,false,10
42,1.2742749857031335,6680,2799,false,8
42,1.2742749857031335,6612,2799,false,9
42,1.2742749857031335,131,2799,false,10
42,1.2742749857031335,6130,2799,false,9
42,1.2742749857031335,4228,2799,false,10
42,1.2742749857031335,690,2799,false,10
42,1.2742749857031335,7929,2799,false,6
42,1.2742749857031335,5570,3655,false,10
42,1.2742749857031335,1784,2799,false,10
42,1.2742749857031335,9734,2799,false,9
42,1.2742749857031335,8192,2799,false,9
42,1.2742749857031335,1324,2799,false,10
42,1.2742749857031335,9211,2799,false,9
42,1.2742749857031335,2507,2799,false,10
42,1.2742749857031335,2458,2799,false,10
42,1.2742749857031335,4333,2799,false,7
42,1.2742749857031335,747,2799,false,10
42,1.2742749857031335,2001,2799,false,9
42,1.2742749857031335,1570,2799,false,10
42,1.2742749857031335,3180,2799,false,8
42,1.2742749857031335,139,2799,false,10
42,1.2742749857031335,1962,2799,false,10
42,1.2742749857031335,5369,2799,false,8
42,1.8329807108324356,8532,6157,false,10
42,1.8329807108324356,5780,6157,false,9
42,1.8329807108324356,4867,5214,false,10
42,1.8329807108324356,9318,6157,false,8
42,1.8329807108324356,721,6157,false,8
42,1.8329807108324356,3529,6157,false,9
42,1.8329807108324356,9450,6157,false,7
42,1.8329807108324356,6060,6157,false,6
42,1.8329807108324356,8285,6157,false,10
42,1.8329807108324356,9941,6157,false,9
42,1.8329807108324356,7229,5214,false,10
42,1.8329807108324356,3306,6157,false,9
42,1.8329807108324356,1513,5214,false,10
42,1.8329807108324356,2339,6157,false,9
42,1.8329807108324356,3582,6157,false,9
42,1.8329807108324356,2570,6157,false,9
42,1.8329807108324356,7266,6157,false,9
42,1.8329807108324356,7386,6157,false,10
42,1.8329807108324356,7323,6157,false,9
42,1.8329807108324356,1283,4643,false,10
42,1.8329807108324356,889,5214,false,10
42,1.8329807108324356,404,6157,false,10
42,1.8329807108324356,8007,7992,false,10
42,1.8329807108324356,4633,5214,false,10
42,1.8329807108324356,6235,6157,false,7
42,1.8329807108324356,2930,5214,false,10
42,1.8329807108324356,6519,6157,false,9
42,1.8329807108324356,9296,6157,false,9
42,1.8329807108324356,7984,6157,false,9
42,1.8329807108324356,3010,6157,false,10
42,1.8329807108324356,4511,4678,false,10
42,1.8329807108324356,3570,6157,false,6
42,1.8329807108324356,7075,6157,false,9
42,1.8329807108324356,8697,5214,false,10
42,1.8329807108324356,7663,6157,false,10
42,1.8329807108324356,196,6157,false,10
42,1.8329807108324356,1997,5214,false,10
42,1.8329807108324356,4771,6157,false,10
42,1.8329807108324356,8845,2799,false,10
42,1.8329807108324356,9150,6157,false,9
42,1.8329807108324356,5436,6157,false,10
42,1.8329807108324356,5930,6157,false,10
42,1.8329807108324356,4404,5214,false,10
42,1.8329807108324356,5174,6157,false,10
42,1.8329807108324356,4641,6157,false,8
42,1.8329807108324356,4756,6157,false,8
42,1.8329807108324356,4240,6157,false,10
42,1.8329807108324356,2351,6157,false,9
42,1.8329807108324356,1579,6157,false,9
42,1.8329807108324356,3126,5214,false,10
42,1.8329807108324356,587,6157,false,10
42,1.8329807108324356,7702,6157,false,10
42,1.8329807108324356,460,6157,false,8
42,1.8329807108324356,1249,5214,false,10
42,1.8329807108324356,6186,5214,false,10
42,1.8329807108324356,516,6157,false,10
42,1.8329807108324356,9544,6157,false,10
42,1.8329807108324356,5259,5214,false,10
42,1.8329807108324356,5412,6157,false,9
42,1.8329807108324356,956,6157,false,7
42,1.8329807108324356,7957,6157,false,9
42,1.8329807108324356,2227,6157,false,9
42,1.8329807108324356,3640,6157,false,10
42,1.8329807108324356,206,6157,false,10
42,1.8329807108324356,8184,5214,false,10
42,1.8329807108324356,6440,6157,false,7
42,1.8329807108324356,133,6157,false,10
42,1.8329807108324356,3218,6157,false,10
42,1.8329807108324356,5428,6157,false,9
42,1.8329807108324356,9011,6157,false,9
42,1.8329807108324356,8994,6157,false,9
42,1.8329807108324356,1455,5214,false,10
42,1.8329807108324356,9591,6157,false,9
42,1.8329807108324356,2336,6157,false,10
42,1.8329807108324356,3117,5214,false,10
42,1.8329807108324356,5649,6157,false,9
42,1.8329807108324356,1693,6157,false,10
42,1.8329807108324356,6680,6157,false,8
42,1.8329807108324356,6612,6157,false,9
42,1.8329807108324356,131,6157,false,10
42,1.8329807108324356,6130,6157,false,9
42,1.8329807108324356,4228,6157,false,10
42,1.8329807108324356,690,6157,false,10
42,1.8329807108324356,7929,6157,false,9
42,1.8329807108324356,5570,5214,false,10
42,1.8329807108324356,1784,6157,false,10
42,1.8329807108324356,9734,6157,false,9
42,1.8329807108324356,8192,6157,false,9
42,1.8329807108324356,1324,6157,false,10
42,1.8329807108324356,9211,6157,false,9
42,1.8329807108324356,2507,6157,false,10
42,1.8329807108324356,2458,6157,false,10
42,1.8329807108324356,4333,6157,false,8
42,1.8329807108324356,747,9282,false,10
42,1.8329807108324356,2001,6157,false,8
42,1.8329807108324356,1570,6157,false,10
42,1.8329807108324356,3180,6157,false,9
42,1.8329807108324356,139,6157,false,10
42,1.8329807108324356,1962,6157,false,10
42,1.8329807108324356,5369,6157,false,9
42,2.636650898730358,8532,6157,false,10
42,2.636650898730358,5780,6157,false,9
42,2.636650898730358,4867,8625,false,10
42,2.636650898730358,9318,6157,false,9
42,2.636650898730358,721,6157,false,9
42,2.636650898730358,3529,6157,false,9
42,2.636650898730358,9450,6157,false,8
42,2.636650898730358,6060,6157,false,8
42,2.636650898730358,8285,6157,false,10
42,2.636650898730358,9941,6157,false,9
42,2.636650898730358,7229,8625,false,10
42,2.636650898730358,3306,6157,false,8
42,2.636650898730358,1513,8625,false,10
42,2.636650898730358,2339,6157,false,9
42,2.636650898730358,3582,6157,false,8
42,2.636650898730358,2570,6157,false,8
42,2.636650898730358,7266,6157,false,9
42,2.636650898730358,7386,6157,false,10
42,2.636650898730358,7323,6157,false,8
42,2.636650898730358,1283,5214,false,10
42,2.636650898730358,889,8625,false,10
42,2.636650898730358,404,6157,false,10
42,2.636650898730358,8007,5214,false,10
42,2.636650898730358,4633,8625,false,10
42,2.636650898730358,6235,6157,false,8
42,2.636650898730358,2930,8625,false,10
42,2.636650898730358,6519,6157,false,9
42,2.636650898730358,9296,6157,false,9
42,2.636650898730358,7984,6157,false,8
42,2.636650898730358,3010,6157,false,10
42,2.636650898730358,4511,8625,false,10
42,2.636650898730358,3570,6157,false,8
42,2.636650898730358,7075,6157,false,8
42,2.636650898730358,8697,8625,false,10
42,2.636650898730358,7663,6157,false,10
42,2.636650898730358,196,6157,false,10
42,2.636650898730358,1997,8625,false,10
42,2.636650898730358,4771,6157,false,10
42,2.636650898730358,8845,5214,false,10
42,2.636650898730358,9150,6157,false,9
42,2.636650898730358,5436,6157,false,10
42,2.636650898730358,5930,6157,false,10
42,2.636650898730358,4404,8625,false,10
42,2.636650898730358,5174,6157,false,10
42,2.636650898730358,4641,6157,false,9
42,2.636650898730358,4756,6157,false,9
42,2.636650898730358,4240,6157,false,10
42,2.636650898730358,2351,6157,false,9
42,2.636650898730358,1579,6157,false,8
42,2.636650898730358,3126,8625,false,10
42,2.636650898730358,587,7992,false,10
42,2.636650898730358,7702,6157,false,10
42,2.636650898730358,460,6157,false,9
42,2.636650898730358,1249,8625,false,10
42,2.636650898730358,6186,8625,false,10
42,2.636650898730358,516,6157,false,10
42,2.636650898730358,9544,6157,false,10
42,2.636650898730358,5259,8625,false,10
42,2.636650898730358,5412,6157,false,9
42,2.636650898730358,956,6157,false,9
42,2.636650898730358,7957,6157,false,9
42,2.636650898730358,2227,6157,false,10
42,2.636650898730358,3640,6157,false,10
42,2.636650898730358,206,6157,false,10
42,2.636650898730358,8184,8625,false,10
42,2.636650898730358,6440,6157,false,8
42,2.636650898730358,133,6157,false,10
42,2.636650898730358,3218,6157,false,10
42,2.636650898730358,5428,6157,false,9
42,2.636650898730358,9011,6157,false,9
42,2.636650898730358,8994,6157,false,9
42,2.636650898730358,1455,8625,false,10
42,2.636650898730358,9591,6157,false,9
42,2.636650898730358,2336,6157,false,10
42,2.636650898730358,3117,8625,false,10
42,2.636650898730358,5649,6157,false,9
42,2.636650898730358,1693,6157,false,10
42,2.636650898730358,6680,6157,false,9
42,2.636650898730358,6612,6157,false,9
42,2.636650898730358,131,6157,false,10
42,2.636650898730358,6130,6157,false,8
42,2.636650898730358,4228,6157,false,10
42,2.636650898730358,690,6157,false,10
42,2.636650898730358,7929,6157,false,9
42,2.636650898730358,5570,8625,false,10
42,2.636650898730358,1784,6157,false,10
42,2.636650898730358,9734,6157,false,9
42,2.636650898730358,8192,6157,false,9
42,2.636650898730358,1324,6157,false,10
42,2.636650898730358,9211,6157,false,9
42,2.636650898730358,2507,6157,false,10
42,2.636650898730358,2458,6157,false,10
42,2.636650898730358,4333,6157,false,9
42,2.636650898730358,747,7992,false,10
42,2.636650898730358,2001,6157,false,7
42,2.636650898730358,1570,6157,false,10
42,2.636650898730358,3180,6157,false,9
42,2.636650898730358,139,6157,false,10
42,2.636650898730358,1962,6157,false,10
42,2.636650898730358,5369,6157,false,9
42,3.79269019073225,8532,6157,false,10
42,3.79269019073225,5780,6157,false,8
42,3.79269019073225,4867,8625,false,10
42,3.79269019073225,9318,6157,false,9
42,3.79269019073225,721,6157,false,9
42,3.79269019073225,3529,6157,false,8
42,3.79269019073225,9450,6157,false,8
42,3.79269019073225,6060,6157,false,8
42,3.79269019073225,8285,6157,false,10
42,3.79269019073225,9941,6157,false,9
42,3.79269019073225,7229,8625,false,10
42,3.79269019073225,3306,6157,false,7
42,3.79269019073225,1513,8625,false,10
42,3.79269019073225,2339,6157,false,9
42,3.79269019073225,3582,6157,false,8
42,3.79269019073225,2570,6157,false,7
42,3.79269019073225,7266,6157,false,9
42,3.79269019073225,7386,6157,false,10
42,3.79269019073225,7323,6157,false,7
42,3.79269019073225,1283,5214,false,10
42,3.79269019073225,889,8625,false,10
42,3.79269019073225,404,2799,false,10
42,3.79269019073225,8007,8625,false,10
42,3.79269019073225,4633,8625,false,10
42,3.79269019073225,6235,6157,false,8
42,3.79269019073225,2930,8625,false,10
42,3.79269019073225,6519,6157,false,8
42,3.79269019073225,9296,6157,false,8
42,3.79269019073225,7984,6157,false,7
42,3.79269019073225,3010,6157,false,10
42,3.79269019073225,4511,8625,false,10
42,3.79269019073225,3570,6157,false,8
42,3.79269019073225,7075,6157,false,7
42,3.79269019073225,8697,8625,false,10
42,3.79269019073225,7663,6435,false,10
42,3.79269019073225,196,6157,false,10
42,3.79269019073225,1997,8625,false,10
42,3.79269019073225,4771,6157,false,10
42,3.79269019073225,8845,5214,false,10
42,3.79269019073225,9150,6157,false,7
42,3.79269019073225,5436,6157,false,10
42,3.79269019073225,5930,6157,false,10
42,3.79269019073225,4404,8625,false,10
42,3.79269019073225,5174,6157,false,10
42,3.79269019073225,4641,6157,false,9
42,3.79269019073225,4756,6157,false,9
42,3.79269019073225,4240,6157,false,10
42,3.79269019073225,2351,6157,false,9
42,3.79269019073225,1579,6157,false,8
42,3.79269019073225,3126,8625,false,10
42,3.79269019073225,587,4678,false,10
42,3.79269019073225,7702,6157,false,10
42,3.79269019073225,460,6157,false,9
42,3.79269019073225,1249,8625,false,10
42,3.79269019073225,6186,8625,false,10
42,3.79269019073225,516,6157,false,10
42,3.79269019073225,9544,6435,false,10
42,3.79269019073225,5259,8625,false,10
42,3.79269019073225,5412,6157,false,9
42,3.79269019073225,956,6157,false,9
42,3.79269019073225,7957,6157,false,8
42,3.79269019073225,2227,6157,false,9
42,3.79269019073225,3640,6157,false,10
42,3.79269019073225,206,6157,false,10
42,3.79269019073225,8184,8625,false,10
42,3.79269019073225,6440,6157,false,8
42,3.79269019073225,133,6157,false,10
42,3.79269019073225,3218,6157,false,10
42,3.79269019073225,5428,6157,false,8
42,3.79269019073225,9011,6157,false,8
42,3.79269019073225,8994,6157,false,9
42,3.79269019073225,1455,8625,false,10
42,3.79269019073225,9591,6157,false,7
42,3.79269019073225,2336,6157,false,9
42,3.79269019073225,3117,8625,false,10
42,3.79269019073225,5649,6157,false,8
42,3.79269019073225,1693,6157,false,10
42,3.79269019073225,6680,6157,false,9
42,3.79269019073225,6612,6157,false,8
42,3.79269019073225,131,6157,false,10
42,3.79269019073225,6130,6157,false,7
42,3.79269019073225,4228,6157,false,10
42,3.79269019073225,690,6157,false,10
42,3.79269019073225,7929,6157,false,9
42,3.79269019073225,5570,8625,false,10
42,3.79269019073225,1784,6157,false,10
42,3.79269019073225,9734,6157,false,8
42,3.79269019073225,8192,6157,false,8
42,3.79269019073225,1324,6157,false,10
42,3.79269019073225,9211,6157,false,8
42,3.79269019073225,2507,6157,false,10
42,3.79269019073225,2458,6157,false,10
42,3.79269019073225,4333,6157,false,9
42,3.79269019073225,747,4678,false,10
42,3.79269019073225,2001,6157,false,8
42,3.79269019073225,1570,6157,false,10
42,3.79269019073225,3180,6157,false,9
42,3.79269019073225,139,6157,false,10
42,3.79269019073225,1962,6157,false,10
42,3.79269019073225,5369,6157,false,9
42,5.455594781168517,8532,6157,false,10
42,5.455594781168517,5780,6157,false,8
42,5.455594781168517,4867,9116,false,10
42,5.455594781168517,9318,6157,false,9
42,5.455594781168517,721,6157,false,10
42,5.455594781168517,3529,6157,false,8
42,5.455594781168517,9450,6157,false,8
42,5.455594781168517,6060,6157,false,8
42,5.455594781168517,8285,6157,false,10
42,5.455594781168517,9941,6157,false,9
42,5.455594781168517,7229,9116,false,10
42,5.455594781168517,3306,6157,false,8
42,5.455594781168517,1513,9116,false,10
42,5.455594781168517,2339,6157,false,9
42,5.455594781168517,3582,6157,false,8
42,5.455594781168517,2570,6157,false,8
42,5.455594781168517,7266,6157,false,10
42,5.455594781168517,7386,6157,false,9
42,5.455594781168517,7323,6157,false,8
42,5.455594781168517,1283,4678,false,10
42,5.455594781168517,889,9116,false,10
42,5.455594781168517,404,6435,false,10
42,5.455594781168517,8007,5214,false,10
42,5.455594781168517,4633,9116,false,10
42,5.455594781168517,6235,6157,false,8
42,5.455594781168517,2930,9116,false,10
42,5.455594781168517,6519,6157,false,8
42,5.455594781168517,9296,6157,false,8
42,5.455594781168517,7984,6157,false,8
42,5.455594781168517,3010,4838,false,10
42,5.455594781168517,4511,9116,false,10
42,5.455594781168517,3570,6157,false,9
42,5.455594781168517,7075,6157,false,8
42,5.455594781168517,8697,9116,false,10
42,5.455594781168517,7663,7992,false,10
42,5.455594781168517,196,2799,false,10
42,5.455594781168517,1997,9116,false,10
42,5.455594781168517,4771,6157,false,10
42,5.455594781168517,8845,4678,false,10
42,5.455594781168517,9150,6157,false,8
42,5.455594781168517,5436,4643,false,10
42,5.455594781168517,5930,6157,false,9
42,5.455594781168517,4404,9116,false,10
42,5.455594781168517,5174,6157,false,10
42,5.455594781168517,4641,6157,false,8
42,5.455594781168517,4756,6157,false,9
42,5.455594781168517,4240,6157,false,10
42,5.455594781168517,2351,6157,false,9
42,5.455594781168517,1579,6157,false,9
42,5.455594781168517,3126,9116,false,10
42,5.455594781168517,587,7992,false,10
42,5.455594781168517,7702,6157,false,10
42,5.455594781168517,460,6157,false,9
42,5.455594781168517,1249,9116,false,10
42,5.455594781168517,6186,9116,false,10
42,5.455594781168517,516,6157,false,10
42,5.455594781168517,9544,7992,false,10
42,5.455594781168517,5259,9116,false,10
42,5.455594781168517,5412,6157,false,9
42,5.455594781168517,956,6157,false,9
42,5.455594781168517,7957,6157,false,8
42,5.455594781168517,2227,6157,false,9
42,5.455594781168517,3640,6157,false,10
42,5.455594781168517,206,4643,false,10
42,5.455594781168517,8184,9116,false,10
42,5.455594781168517,6440,6157,false,9
42,5.455594781168517,133,6157,false,10
42,5.455594781168517,3218,6157,false,10
42,5.455594781168517,5428,6157,false,8
42,5.455594781168517,9011,6157,false,8
42,5.455594781168517,8994,6157,false,9
42,5.455594781168517,1455,9116,false,10
42,5.455594781168517,9591,6157,false,8
42,5.455594781168517,2336,6157,false,9
42,5.455594781168517,3117,9116,false,10
42,5.455594781168517,5649,6157,false,8
42,5.455594781168517,1693,6157,false,10
42,5.455594781168517,6680,6157,false,8
42,5.455594781168517,6612,6157,false,8
42,5.455594781168517,131,6157,false,10
42,5.455594781168517,6130,6157,false,9
42,5.455594781168517,4228,6157,false,10
42,5.455594781168517,690,4643,false,10
42,5.455594781168517,7929,6157,false,9
42,5.455594781168517,5570,9116,false,10
42,5.455594781168517,1784,6157,false,10
42,5.455594781168517,9734,6157,false,8
42,5.455594781168517,8192,6157,false,8
42,5.455594781168517,1324,4643,false,10
42,5.455594781168517,9211,6157,false,8
42,5.455594781168517,2507,6157,false,10
42,5.455594781168517,2458,4643,false,10
42,5.455594781168517,4333,6157,false,9
42,5.455594781168517,747,7992,false,10
42,5.455594781168517,2001,6157,false,8
42,5.455594781168517,1570,6157,false,10
42,5.455594781168517,3180,6157,false,9
42,5.455594781168517,139,6157,false,10
42,5.455594781168517,1962,6157,false,10
42,5.455594781168517,5369,6157,false,8
42,7.847599703514611,8532,6157,false,10
42,7.847599703514611,5780,6157,false,9
42,7.847599703514611,4867,4867,true,10
42,7.847599703514611,9318,9318,true,10
42,7.847599703514611,721,721,true,6
42,7.847599703514611,3529,6157,false,9
42,7.847599703514611,9450,6157,false,10
42,7.847599703514611,6060,6157,false,9
42,7.847599703514611,8285,6157,false,10
42,7.847599703514611,9941,6157,false,10
42,7.847599703514611,7229,9116,false,10
42,7.847599703514611,3306,6157,false,10
42,7.847599703514611,1513,1513,true,10
42,7.847599703514611,2339,2339,true,10
42,7.847599703514611,3582,6157,false,10
42,7.847599703514611,2570,6157,false,9
42,7.847599703514611,7266,7266,true,7
42,7.847599703514611,7386,6157,false,10
42,7.847599703514611,7323,6157,false,10
42,7.847599703514611,1283,1283,true,6
42,7.847599703514611,889,9116,false,10
42,7.847599703514611,404,404,true,5
42,7.847599703514611,8007,8007,true,10
42,7.847599703514611,4633,9116,false,10
42,7.847599703514611,6235,6157,false,10
42,7.847599703514611,2930,2930,true,4
42,7.847599703514611,6519,6157,false,9
42,7.847599703514611,9296,6157,false,9
42,7.847599703514611,7984,6157,false,10
42,7.847599703514611,3010,6435,false,10
42,7.847599703514611,4511,4678,false,10
42,7.847599703514611,3570,6157,false,10
42,7.847599703514611,7075,6157,false,10
42,7.847599703514611,8697,9116,false,10
42,7.847599703514611,7663,3655,false,10
42,7.847599703514611,196,4643,false,10
42,7.847599703514611,1997,9116,false,10
42,7.847599703514611,4771,6157,false,10
42,7.847599703514611,8845,7992,false,10
42,7.847599703514611,9150,6157,false,9
42,7.847599703514611,5436,5436,true,10
42,7.847599703514611,5930,6157,false,10
42,7.847599703514611,4404,9116,false,10
42,7.847599703514611,5174,5174,true,9
42,7.847599703514611,4641,6157,false,10
42,7.847599703514611,4756,6157,false,10
42,7.847599703514611,4240,4240,true,10
42,7.847599703514611,2351,2351,true,10
42,7.847599703514611,1579,1579,true,6
42,7.847599703514611,3126,9116,false,10
42,7.847599703514611,587,587,true,10
42,7.847599703514611,7702,7702,true,7
42,7.847599703514611,460,6157,false,10
42,7.847599703514611,1249,9116,false,10
42,7.847599703514611,6186,9116,false,10
42,7.847599703514611,516,516,true,10
42,7.847599703514611,9544,7992,false,10
42,7.847599703514611,5259,9116,false,10
42,7.847599703514611,5412,6157,false,10
42,7.847599703514611,956,956,true,9
42,7.847599703514611,7957,6157,false,10
42,7.847599703514611,2227,2227,true,10
42,7.847599703514611,3640,3640,true,5
42,7.847599703514611,206,206,true,9
42,7.847599703514611,8184,8184,true,10
42,7.847599703514611,6440,6440,true,10
42,7.847599703514611,133,133,true,4
42,7.847599703514611,3218,3218,true,10
42,7.847599703514611,5428,6157,false,9
42,7.847599703514611,9011,6157,false,10
42,7.847599703514611,8994,6157,false,10
42,7.847599703514611,1455,5214,false,10
42,7.847599703514611,9591,6157,false,9
42,7.847599703514611,2336,6157,false,10
42,7.847599703514611,3117,5214,false,10
42,7.847599703514611,5649,6157,false,9
42,7.847599703514611,1693,1693,true,10
42,7.847599703514611,6680,6157,false,10
42,7.847599703514611,6612,6157,false,9
42,7.847599703514611,131,131,true,10
42,7.847599703514611,6130,6157,false,10
42,7.847599703514611,4228,4228,true,6
42,7.847599703514611,690,690,true,6
42,7.847599703514611,7929,7929,true,10
42,7.847599703514611,5570,9116,false,10
42,7.847599703514611,1784,1784,true,4
42,7.847599703514611,9734,6157,false,9
42,7.847599703514611,8192,6157,false,9
42,7.847599703514611,1324,1324,true,6
42,7.847599703514611,9211,6157,false,10
42,7.847599703514611,2507,2507,true,10
42,7.847599703514611,2458,2458,true,5
42,7.847599703514611,4333,4333,true,10
42,7.847599703514611,747,7992,false,10
42,7.847599703514611,2001,6157,false,10
42,7.847599703514611,1570,1570,true,4
42,7.847599703514611,3180,6157,false,10
42,7.847599703514611,139,139,true,10
42,7.847599703514611,1962,6157,false,10
42,7.847599703514611,5369,6157,false,10
42,11.288378916846883,8532,8532,true,4
42,11.288378916846883,5780,6157,false,10
42,11.288378916846883,4867,4867,true,3
42,11.288378916846883,9318,9318,true,3
42,11.288378916846883,721,721,true,3
42,11.288378916846883,3529,6157,false,10
42,11.288378916846883,9450,9450,true,7
42,11.288378916846883,6060,6157,false,10
42,11.288378916846883,8285,8285,true,4
42,11.288378916846883,9941,9941,true,4
42,11.288378916846883,7229,7229,true,6
42,11.288378916846883,3306,3306,true,4
42,11.288378916846883,1513,1513,true,3
42,11.288378916846883,2339,2339,true,3
42,11.288378916846883,3582,3582,true,5
42,11.288378916846883,2570,6157,false,10
42,11.288378916846883,7266,7266,true,3
42,11.288378916846883,7386,7386,true,3
42,11.288378916846883,7323,7323,true,6
42,11.288378916846883,1283,1283,true,3
42,11.288378916846883,889,889,true,4
42,11.288378916846883,404,404,true,2
42,11.288378916846883,8007,8007,true,3
42,11.288378916846883,4633,9116,false,10
42,11.288378916846883,6235,6235,true,8
42,11.288378916846883,2930,2930,true,2
42,11.288378916846883,6519,6157,false,10
42,11.288378916846883,9296,6157,false,10
42,11.288378916846883,7984,7984,true,6
42,11.288378916846883,3010,3010,true,4
42,11.288378916846883,4511,4511,true,7
42,11.288378916846883,3570,3570,true,4
42,11.288378916846883,7075,7075,true,6
42,11.288378916846883,8697,8697,true,10
42,11.288378916846883,7663,7663,true,10
42,11.288378916846883,196,196,true,4
42,11.288378916846883,1997,1997,true,4
42,11.288378916846883,4771,4771,true,5
42,11.288378916846883,8845,8845,true,8
42,11.288378916846883,9150,6157,false,10
42,11.288378916846883,5436,5436,true,3
42,11.288378916846883,5930,5930,true,6
42,11.288378916846883,4404,4404,true,7
42,11.288378916846883,5174,5174,true,3
42,11.288378916846883,4641,4641,true,5
42,11.288378916846883,4756,4756,true,3
42,11.288378916846883,4240,4240,true,3
42,11.288378916846883,2351,2351,true,3
42,11.288378916846883,1579,1579,true,3
42,11.288378916846883,3126,3126,true,4
42,11.288378916846883,587,587,true,3
42,11.288378916846883,7702,7702,true,3
42,11.288378916846883,460,460,true,3
42,11.288378916846883,1249,1249,true,4
42,11.288378916846883,6186,9116,false,10
42,11.288378916846883,516,516,true,3
42,11.288378916846883,9544,9544,true,5
42,11.288378916846883,5259,5259,true,7
42,11.288378916846883,5412,5412,true,8
42,11.288378916846883,956,956,true,3
42,11.288378916846883,7957,7957,true,8
42,11.288378916846883,2227,2227,true,3
42,11.288378916846883,3640,3640,true,2
42,11.288378916846883,206,206,true,3
42,11.288378916846883,8184,8184,true,3
42,11.288378916846883,6440,6440,true,3
42,11.288378916846883,133,133,true,2
42,11.288378916846883,3218,3218,true,3
42,11.288378916846883,5428,6157,false,10
42,11.288378916846883,9011,6157,false,10
42,11.288378916846883,8994,8994,true,6
42,11.288378916846883,1455,1455,true,3
42,11.288378916846883,9591,6157,false,10
42,11.288378916846883,2336,2336,true,8
42,11.288378916846883,3117,3117,true,6
42,11.288378916846883,5649,6157,false,10
42,11.288378916846883,1693,1693,true,3
42,11.288378916846883,6680,6680,true,10
42,11.288378916846883,6612,6157,false,10
42,11.288378916846883,131,131,true,3
42,11.288378916846883,6130,6130,true,3
42,11.288378916846883,4228,4228,true,3
42,11.288378916846883,690,690,true,3
42,11.288378916846883,7929,7929,true,3
42,11.288378916846883,5570,5570,true,4
42,11.288378916846883,1784,1784,true,2
42,11.288378916846883,9734,6157,false,10
42,11.288378916846883,8192,6157,false,10
42,11.288378916846883,1324,1324,true,3
42,11.288378916846883,9211,6157,false,10
42,11.288378916846883,2507,2507,true,3
42,11.288378916846883,2458,2458,true,2
42,11.288378916846883,4333,4333,true,3
42,11.288378916846883,747,747,true,4
42,11.288378916846883,2001,2001,true,5
42,11.288378916846883,1570,1570,true,2
42,11.288378916846883,3180,3180,true,5
42,11.288378916846883,139,139,true,3
42,11.288378916846883,1962,1962,true,3
42,11.288378916846883,5369,5369,true,7
42,16.23776739188721,8532,8532,true,2
42,16.23776739188721,5780,5780,true,4
42,16.23776739188721,4867,4867,true,2
42,16.23776739188721,9318,9318,true,2
42,16.23776739188721,721,721,true,2
42,16.23776739188721,3529,3529,true,4
42,16.23776739188721,9450,9450,true,3
42,16.23776739188721,6060,6060,true,4
42,16.23776739188721,8285,8285,true,2
42,16.23776739188721,9941,9941,true,2
42,16.23776739188721,7229,7229,true,3
42,16.23776739188721,3306,3306,true,2
42,16.23776739188721,1513,1513,true,2
42,16.23776739188721,2339,2339,true,2
42,16.23776739188721,3582,3582,true,2
42,16.23776739188721,2570,2570,true,4
42,16.23776739188721,7266,7266,true,2
42,16.23776739188721,7386,7386,true,2
42,16.23776739188721,7323,7323,true,2
42,16.23776739188721,1283,1283,true,2
42,16.23776739188721,889,889,true,2
42,16.23776739188721,404,404,true,2
42,16.23776739188721,8007,8007,true,2
42,16.23776739188721,4633,4633,true,5
42,16.23776739188721,6235,6235,true,3
42,16.23776739188721,2930,2930,true,2
42,16.23776739188721,6519,6519,true,4
42,16.23776739188721,9296,9296,true,4
42,16.23776739188721,7984,7984,true,2
42,16.23776739188721,3010,3010,true,2
42,16.23776739188721,4511,4511,true,3
42,16.23776739188721,3570,3570,true,2
42,16.23776739188721,7075,7075,true,2
42,16.23776739188721,8697,8697,true,3
42,16.23776739188721,7663,7663,true,3
42,16.23776739188721,196,196,true,2
42,16.23776739188721,1997,1997,true,2
42,16.23776739188721,4771,4771,true,2
42,16.23776739188721,8845,8845,true,3
42,16.23776739188721,9150,9150,true,5
42,16.23776739188721,5436,5436,true,2
42,16.23776739188721,5930,5930,true,3
42,16.23776739188721,4404,4404,true,3
42,16.23776739188721,5174,5174,true,2
42,16.23776739188721,4641,4641,true,2
42,16.23776739188721,4756,4756,true,2
42,16.23776739188721,4240,4240,true,2
42,16.23776739188721,2351,2351,true,2
42,16.23776739188721,1579,1579,true,2
42,16.23776739188721,3126,3126,true,2
42,16.23776739188721,587,587,true,2
42,16.23776739188721,7702,7702,true,2
42,16.23776739188721,460,460,true,2
42,16.23776739188721,1249,1249,true,2
42,16.23776739188721,6186,6186,true,4
42,16.23776739188721,516,516,true,2
42,16.23776739188721,9544,9544,true,2
42,16.23776739188721,5259,5259,true,3
42,16.23776739188721,5412,5412,true,3
42,16.23776739188721,956,956,true,2
42,16.23776739188721,7957,7957,true,3
42,16.23776739188721,2227,2227,true,2
42,16.23776739188721,3640,3640,true,2
42,16.23776739188721,206,206,true,2
42,16.23776739188721,8184,8184,true,2
42,16.23776739188721,6440,6440,true,2
42,16.23776739188721,133,133,true,2
42,16.23776739188721,3218,3218,true,2
42,16.23776739188721,5428,5428,true,6
42,16.23776739188721,9011,9011,true,3
42,16.23776739188721,8994,8994,true,3
42,16.23776739188721,1455,1455,true,2
42,16.23776739188721,9591,9591,true,5
42,16.23776739188721,2336,2336,true,3
42,16.23776739188721,3117,3117,true,3
42,16.23776739188721,5649,5649,true,5
42,16.23776739188721,1693,1693,true,2
42,16.23776739188721,6680,6680,true,3
42,16.23776739188721,6612,6612,true,5
42,16.23776739188721,131,131,true,2
42,16.23776739188721,6130,6130,true,2
42,16.23776739188721,4228,4228,true,2
42,16.23776739188721,690,690,true,2
42,16.23776739188721,7929,7929,true,2
42,16.23776739188721,5570,5570,true,2
42,16.23776739188721,1784,1784,true,2
42,16.23776739188721,9734,9734,true,4
42,16.23776739188721,8192,8192,true,5
42,16.23776739188721,1324,1324,true,2
42,16.23776739188721,9211,9211,true,4
42,16.23776739188721,2507,2507,true,2
42,16.23776739188721,2458,2458,true,2
42,16.23776739188721,4333,4333,true,2
42,16.23776739188721,747,747,true,2
42,16.23776739188721,2001,2001,true,3
42,16.23776739188721,1570,1570,true,2
42,16.23776739188721,3180,3180,true,2
42,16.23776739188721,139,139,true,2
42,16.23776739188721,1962,1962,true,2
42,16.23776739188721,5369,5369,true,3
42,23.357214690901213,8532,8532,true,2
42,23.357214690901213,5780,5780,true,2
42,23.357214690901213,4867,4867,true,2
42,23.357214690901213,9318,9318,true,2
42,23.357214690901213,721,721,true,2
42,23.357214690901213,3529,3529,true,2
42,23.357214690901213,9450,9450,true,2
42,23.357214690901213,6060,6060,true,2
42,23.357214690901213,8285,8285,true,2
42,23.357214690901213,9941,9941,true,2
42,23.357214690901213,7229,7229,true,2
42,23.357214690901213,3306,3306,true,2
42,23.357214690901213,1513,1513,true,2
42,23.357214690901213,2339,2339,true,2
42,23.357214690901213,3582,3582,true,2
42,23.357214690901213,2570,2570,true,2
42,23.357214690901213,7266,7266,true,2
42,23.357214690901213,7386,7386,true,2
42,23.357214690901213,7323,7323,true,2
42,23.357214690901213,1283,1283,true,2
42,23.357214690901213,889,889,true,2
42,23.357214690901213,404,404,true,2
42,23.357214690901213,8007,8007,true,2
42,23.357214690901213,4633,4633,true,2
42,23.357214690901213,6235,6235,true,2
42,23.357214690901213,2930,2930,true,2
42,23.357214690901213,6519,6519,true,2
42,23.357214690901213,9296,9296,true,2
42,23.357214690901213,7984,7984,true,2
42,23.357214690901213,3010,3010,true,2
42,23.357214690901213,4511,4511,true,2
42,23.357214690901213,3570,3570,true,2
42,23.357214690901213,7075,7075,true,2
42,23.357214690901213,8697,8697,true,2
42,23.357214690901213,7663,7663,true,2
42,23.357214690901213,196,196,true,2
42,23.357214690901213,1997,1997,true,2
42,23.357214690901213,4771,4771,true,2
42,23.357214690901213,8845,8845,true,2
42,23.357214690901213,9150,9150,true,2
42,23.357214690901213,5436,5436,true,2
42,23.357214690901213,5930,5930,true,2
42,23.357214690901213,4404,4404,true,2
42,23.357214690901213,5174,5174,true,2
42,23.357214690901213,4641,4641,true,2
42,23.357214690901213,4756,4756,true,2
42,23.357214690901213,4240,4240,true,2
42,23.357214690901213,2351,2351,true,2
42,23.357214690901213,1579,1579,true,2
42,23.357214690901213,3126,3126,true,2
42,23.357214690901213,587,587,true,2
42,23.357214690901213,7702,7702,true,2
42,23.357214690901213,460,460,true,2
42,23.357214690901213,1249,1249,true,2
42,23.357214690901213,6186,6186,true,2
42,23.357214690901213,516,516,true,2
42,23.357214690901213,9544,9544,true,2
42,23.357214690901213,5259,5259,true,2
42,23.357214690901213,5412,5412,true,2
42,23.357214690901213,956,956,true,2
42,23.357214690901213,7957,7957,true,2
42,23.357214690901213,2227,2227,true,2
42,23.357214690901213,3640,3640,true,2
42,23.357214690901213,206,206,true,2
42,23.357214690901213,8184,8184,true,2
42,23.357214690901213,6440,6440,true,2
42,23.357214690901213,133,133,true,2
42,23.357214690901213,3218,3218,true,2
42,23.357214690901213,5428,5428,true,2
42,23.357214690901213,9011,9011,true,2
42,23.357214690901213,8994,8994,true,2
42,23.357214690901213,1455,1455,true,2
42,23.357214690901213,9591,9591,true,2
42,23.357214690901213,2336,2336,true,2
42,23.357214690901213,3117,3117,true,2
42,23.357214690901213,5649,5649,true,2
42,23.357214690901213,1693,1693,true,2
42,23.357214690901213,6680,6680,true,2
42,23.357214690901213,6612,6612,true,2
42,23.357214690901213,131,131,true,2
42,23.357214690901213,6130,6130,true,2
42,23.357214690901213,4228,4228,true,2
42,23.357214690901213,690,690,true,2
42,23.357214690901213,7929,7929,true,2
42,23.357214690901213,5570,5570,true,2
42,23.357214690901213,1784,1784,true,2
42,23.357214690901213,9734,9734,true,2
42,23.357214690901213,8192,8192,true,2
42,23.357214690901213,1324,1324,true,2
42,23.357214690901213,9211,9211,true,2
42,23.357214690901213,2507,2507,true,2
42,23.357214690901213,2458,2458,true,2
42,23.357214690901213,4333,4333,true,2
42,23.357214690901213,747,747,true,2
42,23.357214690901213,2001,2001,true,2
42,23.357214690901213,1570,1570,true,2
42,23.357214690901213,3180,3180,true,2
42,23.357214690901213,139,139,true,2
42,23.357214690901213,1962,1962,true,2
42,23.357214690901213,5369,5369,true,2
42,33.59818286283781,8532,8532,true,2
42,33.59818286283781,5780,5780,true,2
42,33.59818286283781,4867,4867,true,2
42,33.59818286283781,9318,9318,true,2
42,33.59818286283781,721,721,true,2
42,33.59818286283781,3529,3529,true,2
42,33.59818286283781,9450,9450,true,2
42,33.59818286283781,6060,6060,true,2
42,33.59818286283781,8285,8285,true,2
42,33.59818286283781,9941,9941,true,2
42,33.59818286283781,7229,7229,true,2
42,33.59818286283781,3306,3306,true,2
42,33.59818286283781,1513,1513,true,2
42,33.59818286283781,2339,2339,true,2
42,33.59818286283781,3582,3582,true,2
42,33.59818286283781,2570,2570,true,2
42,33.59818286283781,7266,7266,true,2
42,33.59818286283781,7386,7386,true,2
42,33.59818286283781,7323,7323,true,2
42,33.59818286283781,1283,1283,true,2
42,33.59818286283781,889,889,true,2
42,33.59818286283781,404,404,true,2
42,33.59818286283781,8007,8007,true,2
42,33.59818286283781,4633,4633,true,2
42,33.59818286283781,6235,6235,true,2
42,33.59818286283781,2930,2930,true,2
42,33.59818286283781,6519,6519,true,2
42,33.59818286283781,9296,9296,true,2
42,33.59818286283781,7984,7984,true,2
42,33.59818286283781,3010,3010,true,2
42,33.59818286283781,4511,4511,true,2
42,33.59818286283781,3570,3570,true,2
42,33.59818286283781,7075,7075,true,2
42,33.59818286283781,8697,8697,true,2
42,33.59818286283781,7663,7663,true,2
42,33.59818286283781,196,196,true,2
42,33.59818286283781,1997,1997,true,2
42,33.59818286283781,4771,4771,true,2
42,33.59818286283781,8845,8845,true,2
42,33.59818286283781,9150,9150,true,2
42,33.59818286283781,5436,5436,true,2
42,33.59818286283781,5930,5930,true,2
42,33.59818286283781,4404,4404,true,2
42,33.59818286283781,5174,5174,true,2
42,33.59818286283781,4641,4641,true,2
42,33.59818286283781,4756,4756,true,2
42,33.59818286283781,4240,4240,true,2
42,33.59818286283781,2351,2351,true,2
42,33.59818286283781,1579,1579,true,2
42,33.59818286283781,3126,3126,true,2
42,33.59818286283781,587,587,true,2
42,33.59818286283781,7702,7702,true,2
42,33.59818286283781,460,460,true,2
42,33.59818286283781,1249,1249,true,2
42,33.59818286283781,6186,6186,true,2
42,33.59818286283781,516,516,true,2
42,33.59818286283781,9544,9544,true,2
42,33.59818286283781,5259,5259,true,2
42,33.59818286283781,5412,5412,true,2
42,33.59818286283781,956,956,true,2
42,33.59818286283781,7957,7957,true,2
42,33.59818286283781,2227,2227,true,2
42,33.59818286283781,3640,3640,true,2
42,33.59818286283781,206,206,true,2
42,33.59818286283781,8184,8184,true,2
42,33.59818286283781,6440,6440,true,2
42,33.59818286283781,133,133,true,2
42,33.59818286283781,3218,3218,true,2
42,33.59818286283781,5428,5428,true,2
42,33.59818286283781,9011,9011,true,2
42,33.59818286283781,8994,8994,true,2
42,33.59818286283781,1455,1455,true,2
42,33.59818286283781,9591,9591,true,2
42,33.59818286283781,2336,2336,true,2
42,33.59818286283781,3117,3117,true,2
42,33.59818286283781,5649,5649,true,2
42,33.59818286283781,1693,1693,true,2
42,33.59818286283781,6680,6680,true,2
42,33.59818286283781,6612,6612,true,2
42,33.59818286283781,131,131,true,2
42,33.59818286283781,6130,6130,true,2
42,33.59818286283781,4228,4228,true,2
42,33.59818286283781,690,690,true,2
42,33.59818286283781,7929,7929,true,2
42,33.59818286283781,5570,5570,true,2
42,33.59818286283781,1784,1784,true,2
42,33.59818286283781,9734,9734,true,2
42,33.59818286283781,8192,8192,true,2
42,33.59818286283781,1324,1324,true,2
42,33.59818286283781,9211,9211,true,2
42,33.59818286283781,2507,2507,true,2
42,33.59818286283781,2458,2458,true,2
42,33.59818286283781,4333,4333,true,2
42,33.59818286283781,747,747,true,2
42,33.59818286283781,2001,2001,true,2
42,33.59818286283781,1570,1570,true,2
42,33.59818286283781,3180,3180,true,2
42,33.59818286283781,139,139,true,2
42,33.59818286283781,1962,1962,true,2
42,33.59818286283781,5369,5369,true,2
42,48.32930238571752,8532,8532,true,2
42,48.32930238571752,5780,5780,true,2
42,48.32930238571752,4867,4867,true,2
42,48.32930238571752,9318,9318,true,2
42,48.32930238571752,721,721,true,2
42,48.32930238571752,3529,3529,true,2
42,48.32930238571752,9450,9450,true,2
42,48.32930238571752,6060,6060,true,2
42,48.32930238571752,8285,8285,true,2
42,48.32930238571752,9941,9941,true,2
42,48.32930238571752,7229,7229,true,2
42,48.32930238571752,3306,3306,true,2
42,48.32930238571752,1513,1513,true,2
42,48.32930238571752,2339,2339,true,2
42,48.32930238571752,3582,3582,true,2
42,48.32930238571752,2570,2570,true,2
42,48.32930238571752,7266,7266,true,2
42,48.32930238571752,7386,7386,true,2
42,48.32930238571752,7323,7323,true,2
42,48.32930238571752,1283,1283,true,2
42,48.32930238571752,889,889,true,2
42,48.32930238571752,404,404,true,2
42,48.32930238571752,8007,8007,true,2
42,48.32930238571752,4633,4633,true,2
42,48.32930238571752,6235,6235,true,2
42,48.32930238571752,2930,2930,true,2
42,48.32930238571752,6519,6519,true,2
42,48.32930238571752,9296,9296,true,2
42,48.32930238571752,7984,7984,true,2
42,48.32930238571752,3010,3010,true,2
42,48.32930238571752,4511,4511,true,2
42,48.32930238571752,3570,3570,true,2
42,48.32930238571752,7075,7075,true,2
42,48.32930238571752,8697,8697,true,2
42,48.32930238571752,7663,7663,true,2
42,48.32930238571752,196,196,true,2
42,48.32930238571752,1997,1997,true,2
42,48.32930238571752,4771,4771,true,2
42,48.32930238571752,8845,8845,true,2
42,48.32930238571752,9150,9150,true,2
42,48.32930238571752,5436,5436,true,2
42,48.32930238571752,5930,5930,true,2
42,48.32930238571752,4404,4404,true,2
42,48.32930238571752,5174,5174,true,2
42,48.32930238571752,4641,4641,true,2
42,48.32930238571752,4756,4756,true,2
42,48.32930238571752,4240,4240,true,2
42,48.32930238571752,2351,2351,true,2
42,48.32930238571752,1579,1579,true,2
42,48.32930238571752,3126,3126,true,2
42,48.32930238571752,587,587,true,2
42,48.32930238571752,7702,7702,true,2
42,48.32930238571752,460,460,true,2
42,48.32930238571752,1249,1249,true,2
42,48.32930238571752,6186,6186,true,2
42,48.32930238571752,516,516,true,2
42,48.32930238571752,9544,9544,true,2
42,48.32930238571752,5259,5259,true,2
42,48.32930238571752,5412,5412,true,2
42,48.32930238571752,956,956,true,2
42,48.32930238571752,7957,7957,true,2
42,48.32930238571752,2227,2227,true,2
42,48.32930238571752,3640,3640,true,2
42,48.32930238571752,206,206,true,2
42,48.32930238571752,8184,8184,true,2
42,48.32930238571752,6440,6440,true,2
42,48.32930238571752,133,133,true,2
42,48.32930238571752,3218,3218,true,2
42,48.32930238571752,5428,5428,true,2
42,48.32930238571752,9011,9011,true,2
42,48.32930238571752,8994,8994,true,2
42,48.32930238571752,1455,1455,true,2
42,48.32930238571752,9591,9591,true,2
42,48.32930238571752,2336,2336,true,2
42,48.32930238571752,3117,3117,true,2
42,48.32930238571752,5649,5649,true,2
42,48.32930238571752,1693,1693,true,2
42,48.32930238571752,6680,6680,true,2
42,48.32930238571752,6612,6612,true,2
42,48.32930238571752,131,131,true,2
42,48.32930238571752,6130,6130,true,2
42,48.32930238571752,4228,4228,true,2
42,48.32930238571752,690,690,true,2
42,48.32930238571752,7929,7929,true,2
42,48.32930238571752,5570,5570,true,2
42,48.32930238571752,1784,1784,true,2
42,48.32930238571752,9734,9734,true,2
42,48.32930238571752,8192,8192,true,2
42,48.32930238571752,1324,1324,true,2
42,48.32930238571752,9211,9211,true,2
42,48.32930238571752,2507,2507,true,2
42,48.32930238571752,2458,2458,true,2
42,48.32930238571752,4333,4333,true,2
42,48.32930238571752,747,747,true,2
42,48.32930238571752,2001,2001,true,2
42,48.32930238571752,1570,1570,true,2
42,48.32930238571752,3180,3180,true,2
42,48.32930238571752,139,139,true,2
42,48.32930238571752,1962,1962,true,2
42,48.32930238571752,5369,5369,true,2
42,69.51927961775606,8532,8532,true,2
42,69.51927961775606,5780,5780,true,2
42,69.51927961775606,4867,4867,true,2
42,69.51927961775606,9318,9318,true,2
42,69.51927961775606,721,721,true,2
42,69.51927961775606,3529,3529,true,2
42,69.51927961775606,9450,9450,true,2
42,69.51927961775606,6060,6060,true,2
42,69.51927961775606,8285,8285,true,2
42,69.51927961775606,9941,9941,true,2
42,69.51927961775606,7229,7229,true,2
42,69.51927961775606,3306,3306,true,2
42,69.51927961775606,1513,1513,true,2
42,69.51927961775606,2339,2339,true,2
42,69.51927961775606,3582,3582,true,2
42,69.51927961775606,2570,2570,true,2
42,69.51927961775606,7266,7266,true,2
42,69.51927961775606,7386,7386,true,2
42,69.51927961775606,7323,7323,true,2
42,69.51927961775606,1283,1283,true,2
42,69.51927961775606,889,889,true,2
42,69.51927961775606,404,404,true,2
42,69.51927961775606,8007,8007,true,2
42,69.51927961775606,4633,4633,true,2
42,69.51927961775606,6235,6235,true,2
42,69.51927961775606,2930,2930,true,2
42,69.51927961775606,6519,6519,true,2
42,69.51927961775606,9296,9296,true,2
42,69.51927961775606,7984,7984,true,2
42,69.51927961775606,3010,3010,true,2
42,69.51927961775606,4511,4511,true,2
42,69.51927961775606,3570,3570,true,2
42,69.51927961775606,7075,7075,true,2
42,69.51927961775606,8697,8697,true,2
42,69.51927961775606,7663,7663,true,2
42,69.51927961775606,196,196,true,2
42,69.51927961775606,1997,1997,true,2
42,69.51927961775606,4771,4771,true,2
42,69.51927961775606,8845,8845,true,2
42,69.51927961775606,9150,9150,true,2
42,69.51927961775606,5436,5436,true,2
42,69.51927961775606,5930,5930,true,2
42,69.51927961775606,4404,4404,true,2
42,69.51927961775606,5174,5174,true,2
42,69.51927961775606,4641,4641,true,2
42,69.51927961775606,4756,4756,true,2
42,69.51927961775606,4240,4240,true,2
42,69.51927961775606,2351,2351,true,2
42,69.51927961775606,1579,1579,true,2
42,69.51927961775606,3126,3126,true,2
42,69.51927961775606,587,587,true,2
42,69.51927961775606,7702,7702,true,2
42,69.51927961775606,460,460,true,2
42,69.51927961775606,1249,1249,true,2
42,69.51927961775606,6186,6186,true,2
42,69.51927961775606,516,516,true,2
42,69.51927961775606,9544,9544,true,2
42,69.51927961775606,5259,5259,true,2
42,69.51927961775606,5412,5412,true,2
42,69.51927961775606,956,956,true,2
42,69.51927961775606,7957,7957,true,2
42,69.51927961775606,2227,2227,true,2
42,69.51927961775606,3640,3640,true,2
42,69.51927961775606,206,206,true,2
42,69.51927961775606,8184,8184,true,2
42,69.51927961775606,6440,6440,true,2
42,69.51927961775606,133,133,true,2
42,69.51927961775606,3218,3218,true,2
42,69.51927961775606,5428,5428,true,2
42,69.51927961775606,9011,9011,true,2
42,69.51927961775606,8994,8994,true,2
42,69.51927961775606,1455,1455,true,2
42,69.51927961775606,9591,9591,true,2
42,69.51927961775606,2336,2336,true,2
42,69.51927961775606,3117,3117,true,2
42,69.51927961775606,5649,5649,true,2
42,69.51927961775606,1693,1693,true,2
42,69.51927961775606,6680,6680,true,2
42,69.51927961775606,6612,6612,true,2
42,69.51927961775606,131,131,true,2
42,69.51927961775606,6130,6130,true,2
42,69.51927961775606,4228,4228,true,2
42,69.51927961775606,690,690,true,2
42,69.51927961775606,7929,7929,true,2
42,69.51927961775606,5570,5570,true,2
42,69.51927961775606,1784,1784,true,2
42,69.51927961775606,9734,9734,true,2
42,69.51927961775606,8192,8192,true,2
42,69.51927961775606,1324,1324,true,2
42,69.51927961775606,9211,9211,true,2
42,69.51927961775606,2507,2507,true,2
42,69.51927961775606,2458,2458,true,2
42,69.51927961775606,4333,4333,true,2
42,69.51927961775606,747,747,true,2
42,69.51927961775606,2001,2001,true,2
42,69.51927961775606,1570,1570,true,2
42,69.51927961775606,3180,3180,true,2
42,69.51927961775606,139,139,true,2
42,69.51927961775606,1962,1962,true,2
42,69.51927961775606,5369,5369,true,2
42,100.0,8532,8532,true,2
42,100.0,5780,5780,true,2
42,100.0,4867,4867,true,2
42,100.0,9318,9318,true,2
42,100.0,721,721,true,2
42,100.0,3529,3529,true,2
42,100.0,9450,9450,true,2
42,100.0,6060,6060,true,2
42,100.0,8285,8285,true,2
42,100.0,9941,9941,true,2
42,100.0,7229,7229,true,2
42,100.0,3306,3306,true,2
42,100.0,1513,1513,true,2
42,100.0,2339,2339,true,2
42,100.0,3582,3582,true,2
42,100.0,2570,2570,true,2
42,100.0,7266,7266,true,2
42,100.0,7386,7386,true,2
42,100.0,7323,7323,true,2
42,100.0,1283,1283,true,2
42,100.0,889,889,true,2
42,100.0,404,404,true,2
42,100.0,8007,8007,true,2
42,100.0,4633,4633,true,2
42,100.0,6235,6235,true,2
42,100.0,2930,2930,true,2
42,100.0,6519,6519,true,2
42,100.0,9296,9296,true,2
42,100.0,7984,7984,true,2
42,100.0,3010,3010,true,2
42,100.0,4511,4511,true,2
42,100.0,3570,3570,true,2
42,100.0,7075,7075,true,2
42,100.0,8697,8697,true,2
42,100.0,7663,7663,true,2
42,100.0,196,196,true,2
42,100.0,1997,1997,true,2
42,100.0,4771,4771,true,2
42,100.0,8845,8845,true,2
42,100.0,9150,9150,true,2
42,100.0,5436,5436,true,2
42,100.0,5930,5930,true,2
42,100.0,4404,4404,true,2
42,100.0,5174,5174,true,2
42,100.0,4641,4641,true,2
42,100.0,4756,4756,true,2
42,100.0,4240,4240,true,2
42,100.0,2351,2351,true,2
42,100.0,1579,1579,true,2
42,100.0,3126,3126,true,2
42,100.0,587,587,true,2
42,100.0,7702,7702,true,2
42,100.0,460,460,true,2
42,100.0,1249,1249,true,2
42,100.0,6186,6186,true,2
42,100.0,516,516,true,2
42,100.0,9544,9544,true,2
42,100.0,5259,5259,true,2
42,100.0,5412,5412,true,2
42,100.0,956,956,true,2
42,100.0,7957,7957,true,2
42,100.0,2227,2227,true,2
42,100.0,3640,3640,true,2
42,100.0,206,206,true,2
42,100.0,8184,8184,true,2
42,100.0,6440,6440,true,2
42,100.0,133,133,true,2
42,100.0,3218,3218,true,2
42,100.0,5428,5428,true,2
42,100.0,9011,9011,true,2
42,100.0,8994,8994,true,2
42,100.0,1455,1455,true,2
42,100.0,9591,9591,true,2
42,100.0,2336,2336,true,2
42,100.0,3117,3117,true,2
42,100.0,5649,5649,true,2
42,100.0,1693,1693,true,2
42,100.0,6680,6680,true,2
42,100.0,6612,6612,true,2
42,100.0,131,131,true,2
42,100.0,6130,6130,true,2
42,100.0,4228,4228,true,2
42,100.0,690,690,true,2
42,100.0,7929,7929,true,2
42,100.0,5570,5570,true,2
42,100.0,1784,1784,true,2
42,100.0,9734,9734,true,2
42,100.0,8192,8192,true,2
42,100.0,1324,1324,true,2
42,100.0,9211,9211,true,2
42,100.0,2507,2507,true,2
42,100.0,2458,2458,true,2
42,100.0,4333,4333,true,2
42,100.0,747,747,true,2
42,100.0,2001,2001,true,2
42,100.0,1570,1570,true,2
42,100.0,3180,3180,true,2
42,100.0,139,139,true,2
42,100.0,1962,1962,true,2
42,100.0,5369,5369,true,2
43,0.1,8890,4838,false,6
43,0.1,3302,4838,false,4
43,0.1,525,4838,false,6
43,0.1,3820,4838,false,6
43,0.1,2854,4838,false,6
43,0.1,6139,4838,false,7
43,0.1,6420,4838,false,6
43,0.1,7395,4838,false,6
43,0.1,2601,4838,false,6
43,0.1,9388,4838,false,6
43,0.1,6114,4838,false,6
43,0.1,2028,4838,false,6
43,0.1,8987,4838,false,6
43,0.1,5808,4838,false,6
43,0.1,7545,4838,false,6
43,0.1,9392,4838,false,6
43,0.1,974,4838,false,4
43,0.1,9820,4838,false,6
43,0.1,142,4838,false,6
43,0.1,7588,4838,false,6
43,0.1,2428,4838,false,5
43,0.1,2926,4838,false,7
43,0.1,794,4838,false,6
43,0.1,4250,4838,false,7
43,0.1,742,4838,false,6
43,0.1,7919,4838,false,6
43,0.1,5338,4838,false,6
43,0.1,4014,4838,false,6
43,0.1,2397,4838,false,5
43,0.1,3218,4838,false,4
43,0.1,658,4838,false,5
43,0.1,1979,4838,false,7
43,0.1,7535,4838,false,7
43,0.1,8533,4838,false,6
43,0.1,6450,4838,false,6
43,0.1,9189,4838,false,6
43,0.1,9294,4838,false,5
43,0.1,8928,4838,false,5
43,0.1,7356,4838,false,7
43,0.1,4249,4838,false,6
43,0.1,8243,4838,false,6
43,0.1,8142,4838,false,7
43,0.1,2551,4838,false,6
43,0.1,1335,4838,false,5
43,0.1,3846,4838,false,6
43,0.1,7749,4838,false,7
43,0.1,5092,4838,false,6
43,0.1,9645,4838,false,6
43,0.1,2775,4838,false,6
43,0.1,5164,4838,false,6
43,0.1,2273,4838,false,6
43,0.1,8780,4838,false,7
43,0.1,4387,4838,false,7
43,0.1,4548,4838,false,6
43,0.1,6290,4838,false,6
43,0.1,7023,4838,false,6
43,0.1,344,4838,false,5
43,0.1,5470,4838,false,7
43,0.1,2923,4838,false,5
43,0.1,6505,4838,false,6
43,0.1,9304,4838,false,5
43,0.1,414,4838,false,6
43,0.1,7337,4838,false,6
43,0.1,5047,4838,false,6
43,0.1,3937,4838,false,6
43,0.1,7049,4838,false,6
43,0.1,4903,4838,false,7
43,0.1,7152,4838,false,7
43,0.1,1970,4838,false,6
43,0.1,3597,4838,false,6
43,0.1,3388,4838,false,6
43,0.1,3874,4838,false,7
43,0.1,6460,4838,false,6
43,0.1,3809,4838,false,6
43,0.1,9618,4838,false,6
43,0.1,2827,4838,false,5
43,0.1,4334,4838,false,6
43,0.1,1305,4838,false,6
43,0.1,5448,4838,false,5
43,0.1,4309,4838,false,5
43,0.1,7364,4838,false,6
43,0.1,207,4838,false,5
43,0.1,9132,4838,false,5
43,0.1,8297,4838,false,6
43,0.1,1330,4838,false,6
43,0.1,3555,4838,false,6
43,0.1,5956,4838,false,5
43,0.1,2026,4838,false,7
43,0.1,2702,4838,false,6
43,0.1,1352,4838,false,7
43,0.1,5604,4838,false,5
43,0.1,119,4838,false,5
43,0.1,4329,4838,false,6
43,0.1,2220,4838,false,6
43,0.1,2758,4838,false,6
43,0.1,1539,4838,false,6
43,0.1,977,4838,false,5
43,0.1,4960,4838,false,6
43,0.1,7610,4838,false,6
43,0.1,8629,4838,false,6
43,0.14384498882876628,8890,4838,false,7
43,0.14384498882876628,3302,4838,false,4
43,0.14384498882876628,525,4838,false,7
43,0.14384498882876628,3820,4838,false,6
43,0.14384498882876628,2854,4838,false,7
43,0.14384498882876628,6139,4838,false,8
43,0.14384498882876628,6420,4838,false,7
43,0.14384498882876628,7395,4838,false,7
43,0.14384498882876628,2601,4838,false,7
43,0.14384498882876628,9388,4838,false,7
43,0.14384498882876628,6114,4838,false,7
43,0.14384498882876628,2028,4838,false,7
43,0.14384498882876628,8987,4838,false,6
43,0.14384498882876628,5808,4838,false,7
43,0.14384498882876628,7545,4838,false,7
43,0.14384498882876628,9392,4838,false,7
43,0.14384498882876628,974,4838,false,5
43,0.14384498882876628,9820,4838,false,7
43,0.14384498882876628,142,4838,false,7
43,0.14384498882876628,7588,4838,false,6
43,0.14384498882876628,2428,4838,false,6
43,0.14384498882876628,2926,4838,false,8
43,0.14384498882876628,794,4838,false,7
43,0.14384498882876628,4250,4838,false,8
43,0.14384498882876628,742,4838,false,7
43,0.14384498882876628,7919,4838,false,7
43,0.14384498882876628,5338,4838,false,7
43,0.14384498882876628,4014,4838,false,7
43,0.14384498882876628,2397,4838,false,6
43,0.14384498882876628,3218,4838,false,4
43,0.14384498882876628,658,4838,false,6
43,0.14384498882876628,1979,4838,false,8
43,0.14384498882876628,7535,4838,false,8
43,0.14384498882876628,8533,4838,false,7
43,0.14384498882876628,6450,4838,false,7
43,0.14384498882876628,9189,4838,false,7
43,0.14384498882876628,9294,4838,false,6
43,0.14384498882876628,8928,4838,false,6
43,0.14384498882876628,7356,4838,false,8
43,0.14384498882876628,4249,4838,false,7
43,0.14384498882876628,8243,4838,false,7
43,0.14384498882876628,8142,4838,false,8
43,0.14384498882876628,2551,4838,false,7
43,0.14384498882876628,1335,4838,false,6
43,0.14384498882876628,3846,4838,false,7
43,0.14384498882876628,7749,4838,false,8
43,0.14384498882876628,5092,4838,false,7
43,0.14384498882876628,9645,4838,false,7
43,0.14384498882876628,2775,4838,false,7
43,0.14384498882876628,5164,4838,false,7
43,0.14384498882876628,2273,4838,false,7
43,0.14384498882876628,8780,4838,false,8
43,0.14384498882876628,4387,4838,false,8
43,0.14384498882876628,4548,4838,false,7
43,0.14384498882876628,6290,4838,false,7
43,0.14384498882876628,7023,4838,false,7
43,0.14384498882876628,344,4838,false,6
43,0.14384498882876628,5470,4838,false,8
43,0.14384498882876628,2923,4838,false,5
43,0.14384498882876628,6505,4838,false,7
43,0.14384498882876628,9304,4838,false,6
43,0.14384498882876628,414,4838,false,6
43,0.14384498882876628,7337,4838,false,7
43,0.14384498882876628,5047,4838,false,7
43,0.14384498882876628,3937,4838,false,7
43,0.14384498882876628,7049,4838,false,7
43,0.14384498882876628,4903,4838,false,8
43,0.14384498882876628,7152,4838,false,8
43,0.14384498882876628,1970,4838,false,7
43,0.14384498882876628,3597,4838,false,7
43,0.14384498882876628,3388,4838,false,7
43,0.14384498882876628,3874,4838,false,8
43,0.14384498882876628,6460,4838,false,7
43,0.14384498882876628,3809,4838,false,7
43,0.14384498882876628,9618,4838,false,7
43,0.14384498882876628,2827,4838,false,6
43,0.14384498882876628,4334,4838,false,7
43,0.14384498882876628,1305,4838,false,7
43,0.14384498882876628,5448,4838,false,5
43,0.14384498882876628,4309,4838,false,6
43,0.14384498882876628,7364,4838,false,7
43,0.14384498882876628,207,4838,false,6
43,0.14384498882876628,9132,4838,false,6
43,0.14384498882876628,8297,4838,false,7
43,0.14384498882876628,1330,4838,false,7
43,0.14384498882876628,3555,4838,false,7
43,0.14384498882876628,5956,4838,false,6
43,0.14384498882876628,2026,4838,false,8
43,0.14384498882876628,2702,4838,false,7
43,0.14384498882876628,1352,4838,false,8
43,0.14384498882876628,5604,4838,false,6
43,0.14384498882876628,119,4838,false,6
43,0.14384498882876628,4329,4838,false,7
43,0.14384498882876628,2220,4838,false,7
43,0.14384498882876628,2758,4838,false,7
43,0.14384498882876628,1539,4838,false,7
43,0.14384498882876628,977,4838,false,6
43,0.14384498882876628,4960,4838,false,7
43,0.14384498882876628,7610,4838,false,7
43,0.14384498882876628,8629,4838,false,7
43,0.20691380811147897,8890,4838,false,9
43,0.20691380811147897,3302,4838,false,6
43,0.20691380811147897,525,4838,false,8
43,0.20691380811147897,3820,4838,false,7
43,0.20691380811147897,2854,4838,false,8
43,0.20691380811147897,6139,4838,false,9
43,0.20691380811147897,6420,4838,false,8
43,0.20691380811147897,7395,4838,false,8
43,0.20691380811147897,2601,4838,false,8
43,0.20691380811147897,9388,4838,false,8
43,0.20691380811147897,6114,4838,false,8
43,0.20691380811147897,2028,4838,false,8
43,0.20691380811147897,8987,4838,false,7
43,0.20691380811147897,5808,4838,false,8
43,0.20691380811147897,7545,4838,false,8
43,0.20691380811147897,9392,4838,false,8
43,0.20691380811147897,974,4838,false,6
43,0.20691380811147897,9820,4838,false,8
43,0.20691380811147897,142,4838,false,8
43,0.20691380811147897,7588,4838,false,7
43,0.20691380811147897,2428,4838,false,6
43,0.20691380811147897,2926,4838,false,9
43,0.20691380811147897,794,4838,false,7
43,0.20691380811147897,4250,4838,false,9
43,0.20691380811147897,742,4838,false,8
43,0.20691380811147897,7919,4838,false,9
43,0.20691380811147897,5338,4838,false,8
43,0.20691380811147897,4014,4838,false,9
43,0.20691380811147897,2397,4838,false,7
43,0.20691380811147897,3218,4838,false,6
43,0.20691380811147897,658,4838,false,7
43,0.20691380811147897,1979,4838,false,9
43,0.20691380811147897,7535,4838,false,9
43,0.20691380811147897,8533,4838,false,8
43,0.20691380811147897,6450,4838,false,8
43,0.20691380811147897,9189,4838,false,9
43,0.20691380811147897,9294,4838,false,7
43,0.20691380811147897,8928,4838,false,7
43,0.20691380811147897,7356,4838,false,9
43,0.20691380811147897,4249,4838,false,8
43,0.20691380811147897,8243,4838,false,8
43,0.20691380811147897,8142,4838,false,9
43,0.20691380811147897,2551,4838,false,7
43,0.20691380811147897,1335,4838,false,6
43,0.20691380811147897,3846,4838,false,8
43,0.20691380811147897,7749,4838,false,9
43,0.20691380811147897,5092,4838,false,9
43,0.20691380811147897,9645,4838,false,8
43,0.20691380811147897,2775,4838,false,8
43,0.20691380811147897,5164,4838,false,8
43,0.20691380811147897,2273,4838,false,8
43,0.20691380811147897,8780,4838,false,9
43,0.20691380811147897,4387,4838,false,9
43,0.20691380811147897,4548,4838,false,7
43,0.20691380811147897,6290,4838,false,9
43,0.20691380811147897,7023,4838,false,8
43,0.20691380811147897,344,4838,false,7
43,0.20691380811147897,5470,4838,false,9
43,0.20691380811147897,2923,4838,false,4
43,0.20691380811147897,6505,4838,false,8
43,0.20691380811147897,9304,4838,false,6
43,0.20691380811147897,414,4838,false,7
43,0.20691380811147897,7337,4838,false,8
43,0.20691380811147897,5047,4838,false,8
43,0.20691380811147897,3937,4838,false,8
43,0.20691380811147897,7049,4838,false,8
43,0.20691380811147897,4903,4838,false,9
43,0.20691380811147897,7152,4838,false,9
43,0.20691380811147897,1970,4838,false,9
43,0.20691380811147897,3597,4838,false,8
43,0.20691380811147897,3388,4838,false,8
43,0.20691380811147897,3874,4838,false,9
43,0.20691380811147897,6460,4838,false,8
43,0.20691380811147897,3809,4838,false,7
43,0.20691380811147897,9618,4838,false,8
43,0.20691380811147897,2827,4838,false,6
43,0.20691380811147897,4334,4838,false,8
43,0.20691380811147897,1305,4838,false,8
43,0.20691380811147897,5448,4838,false,5
43,0.20691380811147897,4309,4838,false,7
43,0.20691380811147897,7364,4838,false,8
43,0.20691380811147897,207,4838,false,7
43,0.20691380811147897,9132,4838,false,7
43,0.20691380811147897,8297,4838,false,8
43,0.20691380811147897,1330,4838,false,8
43,0.20691380811147897,3555,4838,false,8
43,0.20691380811147897,5956,4838,false,7
43,0.20691380811147897,2026,4838,false,9
43,0.20691380811147897,2702,4838,false,7
43,0.20691380811147897,1352,4838,false,9
43,0.20691380811147897,5604,4838,false,7
43,0.20691380811147897,119,4838,false,7
43,0.20691380811147897,4329,4838,false,8
43,0.20691380811147897,2220,4838,false,8
43,0.20691380811147897,2758,4838,false,8
43,0.20691380811147897,1539,4838,false,9
43,0.20691380811147897,977,4838,false,7
43,0.20691380811147897,4960,4838,false,7
43,0.20691380811147897,7610,4838,false,8
43,0.20691380811147897,8629,4838,false,8
43,0.29763514416313175,8890,2799,false,10
43,0.29763514416313175,3302,2799,false,8
43,0.29763514416313175,525,2799,false,9
43,0.29763514416313175,3820,2799,false,9
43,0.29763514416313175,2854,2799,false,10
43,0.29763514416313175,6139,2799,false,10
43,0.29763514416313175,6420,2799,false,9
43,0.29763514416313175,7395,2799,false,9
43,0.29763514416313175,2601,2799,false,9
43,0.29763514416313175,9388,2799,false,9
43,0.29763514416313175,6114,2799,false,9
43,0.29763514416313175,2028,2799,false,9
43,0.29763514416313175,8987,2799,false,8
43,0.29763514416313175,5808,2799,false,9
43,0.29763514416313175,7545,2799,false,8
43,0.29763514416313175,9392,2799,false,9
43,0.29763514416313175,974,2799,false,8
43,0.29763514416313175,9820,2799,false,9
43,0.29763514416313175,142,2799,false,9
43,0.29763514416313175,7588,2799,false,8
43,0.29763514416313175,2428,2799,false,6
43,0.29763514416313175,2926,2799,false,10
43,0.29763514416313175,794,2799,false,8
43,0.29763514416313175,4250,2799,false,10
43,0.29763514416313175,742,2799,false,10
43,0.29763514416313175,7919,2799,false,10
43,0.29763514416313175,5338,2799,false,9
43,0.29763514416313175,4014,2799,false,10
43,0.29763514416313175,2397,2799,false,7
43,0.29763514416313175,3218,2799,false,8
43,0.29763514416313175,658,2799,false,7
43,0.29763514416313175,1979,2799,false,10
43,0.29763514416313175,7535,2799,false,10
43,0.29763514416313175,8533,2799,false,9
43,0.29763514416313175,6450,2799,false,9
43,0.29763514416313175,9189,2799,false,10
43,0.29763514416313175,9294,2799,false,8
43,0.29763514416313175,8928,2799,false,8
43,0.29763514416313175,7356,2799,false,10
43,0.29763514416313175,4249,2799,false,9
43,0.29763514416313175,8243,2799,false,9
43,0.29763514416313175,8142,2799,false,10
43,0.29763514416313175,2551,2799,false,8
43,0.29763514416313175,1335,2799,false,6
43,0.29763514416313175,3846,2799,false,9
43,0.29763514416313175,7749,2799,false,10
43,0.29763514416313175,5092,2799,false,10
43,0.29763514416313175,9645,2799,false,9
43,0.29763514416313175,2775,2799,false,9
43,0.29763514416313175,5164,2799,false,9
43,0.29763514416313175,2273,2799,false,9
43,0.29763514416313175,8780,2799,false,10
43,0.29763514416313175,4387,2799,false,10
43,0.29763514416313175,4548,2799,false,8
43,0.29763514416313175,6290,2799,false,10
43,0.29763514416313175,7023,2799,false,9
43,0.29763514416313175,344,2799,false,9
43,0.29763514416313175,5470,2799,false,10
43,0.29763514416313175,2923,2799,false,7
43,0.29763514416313175,6505,2799,false,9
43,0.29763514416313175,9304,2799,false,6
43,0.29763514416313175,414,2799,false,9
43,0.29763514416313175,7337,2799,false,9
43,0.29763514416313175,5047,2799,false,10
43,0.29763514416313175,3937,2799,false,9
43,0.29763514416313175,7049,2799,false,9
43,0.29763514416313175,4903,2799,false,10
43,0.29763514416313175,7152,2799,false,10
43,0.29763514416313175,1970,2799,false,10
43,0.29763514416313175,3597,2799,false,9
43,0.29763514416313175,3388,2799,false,9
43,0.29763514416313175,3874,2799,false,10
43,0.29763514416313175,6460,2799,false,9
43,0.29763514416313175,3809,2799,false,8
43,0.29763514416313175,9618,2799,false,9
43,0.29763514416313175,2827,2799,false,6
43,0.29763514416313175,4334,2799,false,8
43,0.29763514416313175,1305,2799,false,9
43,0.29763514416313175,5448,2799,false,7
43,0.29763514416313175,4309,2799,false,9
43,0.29763514416313175,7364,2799,false,9
43,0.29763514416313175,207,2799,false,9
43,0.29763514416313175,9132,2799,false,9
43,0.29763514416313175,8297,2799,false,9
43,0.29763514416313175,1330,2799,false,10
43,0.29763514416313175,3555,2799,false,9
43,0.29763514416313175,5956,2799,false,9
43,0.29763514416313175,2026,2799,false,10
43,0.29763514416313175,2702,2799,false,8
43,0.29763514416313175,1352,2799,false,10
43,0.29763514416313175,5604,2799,false,8
43,0.29763514416313175,119,2799,false,8
43,0.29763514416313175,4329,2799,false,9
43,0.29763514416313175,2220,2799,false,8
43,0.29763514416313175,2758,2799,false,9
43,0.29763514416313175,1539,2799,false,10
43,0.29763514416313175,977,2799,false,9
43,0.29763514416313175,4960,2799,false,8
43,0.29763514416313175,7610,2799,false,9
43,0.29763514416313175,8629,2799,false,9
43,0.42813323987193935,8890,2799,false,10
43,0.42813323987193935,3302,2799,false,9
43,0.42813323987193935,525,2799,false,10
43,0.42813323987193935,3820,2799,false,10
43,0.42813323987193935,2854,2799,false,10
43,0.42813323987193935,6139,2799,false,10
43,0.42813323987193935,6420,2799,false,9
43,0.42813323987193935,7395,2799,false,10
43,0.42813323987193935,2601,2799,false,10
43,0.42813323987193935,9388,2799,false,10
43,0.42813323987193935,6114,2799,false,10
43,0.42813323987193935,2028,2799,false,10
43,0.42813323987193935,8987,2799,false,7
43,0.42813323987193935,5808,2799,false,9
43,0.42813323987193935,7545,2799,false,9
43,0.42813323987193935,9392,2799,false,10
43,0.42813323987193935,974,2799,false,9
43,0.42813323987193935,9820,2799,false,10
43,0.42813323987193935,142,2799,false,10
43,0.42813323987193935,7588,2799,false,8
43,0.42813323987193935,2428,2799,false,9
43,0.42813323987193935,2926,2799,false,10
43,0.42813323987193935,794,2799,false,9
43,0.42813323987193935,4250,2799,false,10
43,0.42813323987193935,742,2799,false,10
43,0.42813323987193935,7919,2799,false,10
43,0.42813323987193935,5338,2799,false,10
43,0.42813323987193935,4014,2799,false,10
43,0.42813323987193935,2397,2799,false,6
43,0.42813323987193935,3218,2799,false,9
43,0.42813323987193935,658,2799,false,8
43,0.42813323987193935,1979,2799,false,10
43,0.42813323987193935,7535,2799,false,10
43,0.42813323987193935,8533,2799,false,10
43,0.42813323987193935,6450,2799,false,10
43,0.42813323987193935,9189,2799,false,10
43,0.42813323987193935,9294,2799,false,10
43,0.42813323987193935,8928,2799,false,10
43,0.42813323987193935,7356,2799,false,10
43,0.42813323987193935,4249,2799,false,10
43,0.42813323987193935,8243,2799,false,10
43,0.42813323987193935,8142,2799,false,10
43,0.42813323987193935,2551,2799,false,9
43,0.42813323987193935,1335,2799,false,9
43,0.42813323987193935,3846,2799,false,10
43,0.42813323987193935,7749,2799,false,10
43,0.42813323987193935,5092,2799,false,10
43,0.42813323987193935,9645,2799,false,10
43,0.42813323987193935,2775,2799,false,9
43,0.42813323987193935,5164,2799,false,10
43,0.42813323987193935,2273,2799,false,10
43,0.42813323987193935,8780,2799,false,10
43,0.42813323987193935,4387,2799,false,10
43,0.42813323987193935,4548,2799,false,9
43,0.42813323987193935,6290,2799,false,10
43,0.42813323987193935,7023,2799,false,10
43,0.42813323987193935,344,2799,false,10
43,0.42813323987193935,5470,2799,false,10
43,0.42813323987193935,2923,2799,false,9
43,0.42813323987193935,6505,2799,false,10
43,0.42813323987193935,9304,2799,false,9
43,0.42813323987193935,414,2799,false,10
43,0.42813323987193935,7337,2799,false,10
43,0.42813323987193935,5047,2799,false,10
43,0.42813323987193935,3937,2799,false,10
43,0.42813323987193935,7049,2799,false,10
43,0.42813323987193935,4903,2799,false,10
43,0.42813323987193935,7152,2799,false,10
43,0.42813323987193935,1970,2799,false,10
43,0.42813323987193935,3597,2799,false,10
43,0.42813323987193935,3388,2799,false,10
43,0.42813323987193935,3874,2799,false,10
43,0.42813323987193935,6460,2799,false,9
43,0.42813323987193935,3809,2799,false,9
43,0.42813323987193935,9618,2799,false,10
43,0.42813323987193935,2827,2799,false,9
43,0.42813323987193935,4334,2799,false,9
43,0.42813323987193935,1305,2799,false,10
43,0.42813323987193935,5448,2799,false,9
43,0.42813323987193935,4309,2799,false,10
43,0.42813323987193935,7364,2799,false,10
43,0.42813323987193935,207,2799,false,10
43,0.42813323987193935,9132,2799,false,10
43,0.42813323987193935,8297,2799,false,10
43,0.42813323987193935,1330,2799,false,10
43,0.42813323987193935,3555,2799,false,9
43,0.42813323987193935,5956,2799,false,10
43,0.42813323987193935,2026,2799,false,10
43,0.42813323987193935,2702,2799,false,9
43,0.42813323987193935,1352,2799,false,10
43,0.42813323987193935,5604,2799,false,10
43,0.42813323987193935,119,2799,false,10
43,0.42813323987193935,4329,2799,false,10
43,0.42813323987193935,2220,2799,false,9
43,0.42813323987193935,2758,2799,false,9
43,0.42813323987193935,1539,2799,false,10
43,0.42813323987193935,977,2799,false,10
43,0.42813323987193935,4960,2799,false,9
43,0.42813323987193935,7610,2799,false,10
43,0.42813323987193935,8629,2799,false,10
43,0.6158482110660264,8890,2799,false,10
43,0.6158482110660264,3302,2799,false,10
43,0.6158482110660264,525,2799,false,10
43,0.6158482110660264,3820,2799,false,10
43,0.6158482110660264,2854,2799,false,10
43,0.6158482110660264,6139,2799,false,10
43,0.6158482110660264,6420,2799,false,9
43,0.6158482110660264,7395,2799,false,10
43,0.6158482110660264,2601,2799,false,10
43,0.6158482110660264,9388,2799,false,10
43,0.6158482110660264,6114,2799,false,10
43,0.6158482110660264,2028,2799,false,10
43,0.6158482110660264,8987,2799,false,9
43,0.6158482110660264,5808,2799,false,9
43,0.6158482110660264,7545,2799,false,9
43,0.6158482110660264,9392,2799,false,10
43,0.6158482110660264,974,2799,false,10
43,0.6158482110660264,9820,2799,false,10
43,0.6158482110660264,142,2799,false,10
43,0.6158482110660264,7588,2799,false,6
43,0.6158482110660264,2428,2799,false,10
43,0.6158482110660264,2926,2799,false,10
43,0.6158482110660264,794,2799,false,8
43,0.6158482110660264,4250,2799,false,10
43,0.6158482110660264,742,2799,false,10
43,0.6158482110660264,7919,2799,false,10
43,0.6158482110660264,5338,2799,false,10
43,0.6158482110660264,4014,2799,false,10
43,0.6158482110660264,2397,2799,false,9
43,0.6158482110660264,3218,2799,false,10
43,0.6158482110660264,658,2799,false,9
43,0.6158482110660264,1979,2799,false,10
43,0.6158482110660264,7535,2799,false,10
43,0.6158482110660264,8533,2799,false,10
43,0.6158482110660264,6450,2799,false,10
43,0.6158482110660264,9189,2799,false,10
43,0.6158482110660264,9294,2799,false,10
43,0.6158482110660264,8928,2799,false,10
43,0.6158482110660264,7356,2799,false,10
43,0.6158482110660264,4249,2799,false,10
43,0.6158482110660264,8243,2799,false,10
43,0.6158482110660264,8142,2799,false,10
43,0.6158482110660264,2551,2799,false,9
43,0.6158482110660264,1335,2799,false,10
43,0.6158482110660264,3846,2799,false,10
43,0.6158482110660264,7749,2799,false,10
43,0.6158482110660264,5092,2799,false,10
43,0.6158482110660264,9645,2799,false,10
43,0.6158482110660264,2775,2799,false,9
43,0.6158482110660264,5164,2799,false,10
43,0.6158482110660264,2273,2799,false,10
43,0.6158482110660264,8780,2799,false,10
43,0.6158482110660264,4387,2799,false,10
43,0.6158482110660264,4548,2799,false,8
43,0.6158482110660264,6290,2799,false,10
43,0.6158482110660264,7023,2799,false,10
43,0.6158482110660264,344,2799,false,10
43,0.6158482110660264,5470,2799,false,10
43,0.6158482110660264,2923,2799,false,10
43,0.6158482110660264,6505,2799,false,10
43,0.6158482110660264,9304,2799,false,10
43,0.6158482110660264,414,2799,false,10
43,0.6158482110660264,7337,2799,false,10
43,0.6158482110660264,5047,2799,false,10
43,0.6158482110660264,3937,2799,false,10
43,0.6158482110660264,7049,2799,false,10
43,0.6158482110660264,4903,2799,false,10
43,0.6158482110660264,7152,2799,false,10
43,0.6158482110660264,1970,2799,false,10
43,0.6158482110660264,3597,2799,false,10
43,0.6158482110660264,3388,2799,false,10
43,0.6158482110660264,3874,2799,false,10
43,0.6158482110660264,6460,2799,false,9
43,0.6158482110660264,3809,2799,false,8
43,0.6158482110660264,9618,2799,false,10
43,0.6158482110660264,2827,2799,false,10
43,0.6158482110660264,4334,2799,false,9
43,0.6158482110660264,1305,2799,false,10
43,0.6158482110660264,5448,2799,false,10
43,0.6158482110660264,4309,2799,false,10
43,0.6158482110660264,7364,2799,false,10
43,0.6158482110660264,207,2799,false,10
43,0.6158482110660264,9132,2799,false,10
43,0.6158482110660264,8297,2799,false,10
43,0.6158482110660264,1330,2799,false,10
43,0.6158482110660264,3555,2799,false,9
43,0.6158482110660264,5956,2799,false,10
43,0.6158482110660264,2026,2799,false,10
43,0.6158482110660264,2702,2799,false,8
43,0.6158482110660264,1352,2799,false,10
43,0.6158482110660264,5604,2799,false,10
43,0.6158482110660264,119,2799,false,10
43,0.6158482110660264,4329,2799,false,10
43,0.6158482110660264,2220,2799,false,9
43,0.6158482110660264,2758,2799,false,9
43,0.6158482110660264,1539,2799,false,10
43,0.6158482110660264,977,2799,false,10
43,0.6158482110660264,4960,2799,false,8
43,0.6158482110660264,7610,2799,false,10
43,0.6158482110660264,8629,2799,false,10
43,0.8858667904100825,8890,2799,false,10
43,0.8858667904100825,3302,2799,false,10
43,0.8858667904100825,525,2799,false,9
43,0.8858667904100825,3820,2799,false,10
43,0.8858667904100825,2854,2799,false,10
43,0.8858667904100825,6139,2799,false,10
43,0.8858667904100825,6420,2799,false,8
43,0.8858667904100825,7395,2799,false,10
43,0.8858667904100825,2601,2799,false,10
43,0.8858667904100825,9388,2799,false,10
43,0.8858667904100825,6114,2799,false,10
43,0.8858667904100825,2028,2799,false,9
43,0.8858667904100825,8987,2799,false,10
43,0.8858667904100825,5808,2799,false,8
43,0.8858667904100825,7545,2799,false,6
43,0.8858667904100825,9392,2799,false,10
43,0.8858667904100825,974,2799,false,10
43,0.8858667904100825,9820,2799,false,10
43,0.8858667904100825,142,2799,false,10
43,0.8858667904100825,7588,2799,false,9
43,0.8858667904100825,2428,2799,false,10
43,0.8858667904100825,2926,2799,false,10
43,0.8858667904100825,794,2799,false,7
43,0.8858667904100825,4250,2799,false,10
43,0.8858667904100825,742,2799,false,10
43,0.8858667904100825,7919,2799,false,10
43,0.8858667904100825,5338,2799,false,10
43,0.8858667904100825,4014,2799,false,10
43,0.8858667904100825,2397,2799,false,10
43,0.8858667904100825,3218,2799,false,10
43,0.8858667904100825,658,2799,false,10
43,0.8858667904100825,1979,2799,false,10
43,0.8858667904100825,7535,2799,false,10
43,0.8858667904100825,8533,2799,false,9
43,0.8858667904100825,6450,2799,false,10
43,0.8858667904100825,9189,2799,false,10
43,0.8858667904100825,9294,2799,false,10
43,0.8858667904100825,8928,2799,false,10
43,0.8858667904100825,7356,2799,false,10
43,0.8858667904100825,4249,2799,false,10
43,0.8858667904100825,8243,2799,false,10
43,0.8858667904100825,8142,2799,false,10
43,0.8858667904100825,2551,2799,false,6
43,0.8858667904100825,1335,2799,false,10
43,0.8858667904100825,3846,2799,false,9
43,0.8858667904100825,7749,2799,false,10
43,0.8858667904100825,5092,2799,false,10
43,0.8858667904100825,9645,2799,false,10
43,0.8858667904100825,2775,2799,false,9
43,0.8858667904100825,5164,2799,false,10
43,0.8858667904100825,2273,2799,false,10
43,0.8858667904100825,8780,2799,false,10
43,0.8858667904100825,4387,2799,false,10
43,0.8858667904100825,4548,2799,false,8
43,0.8858667904100825,6290,2799,false,10
43,0.8858667904100825,7023,2799,false,10
43,0.8858667904100825,344,2799,false,10
43,0.8858667904100825,5470,2799,false,10
43,0.8858667904100825,2923,2799,false,10
43,0.8858667904100825,6505,2799,false,10
43,0.8858667904100825,9304,2799,false,10
43,0.8858667904100825,414,2799,false,10
43,0.8858667904100825,7337,2799,false,10
43,0.8858667904100825,5047,2799,false,10
43,0.8858667904100825,3937,2799,false,9
43,0.8858667904100825,7049,2799,false,10
43,0.8858667904100825,4903,2799,false,10
43,0.8858667904100825,7152,2799,false,10
43,0.8858667904100825,1970,2799,false,10
43,0.8858667904100825,3597,2799,false,10
43,0.8858667904100825,3388,2799,false,10
43,0.8858667904100825,3874,2799,false,10
43,0.8858667904100825,6460,2799,false,9
43,0.8858667904100825,3809,2799,false,8
43,0.8858667904100825,9618,2799,false,9
43,0.8858667904100825,2827,2799,false,10
43,0.8858667904100825,4334,2799,false,7
43,0.8858667904100825,1305,2799,false,10
43,0.8858667904100825,5448,2799,false,10
43,0.8858667904100825,4309,2799,false,10
43,0.8858667904100825,7364,2799,false,10
43,0.8858667904100825,207,2799,false,10
43,0.8858667904100825,9132,2799,false,10
43,0.8858667904100825,8297,2799,false,10
43,0.8858667904100825,1330,2799,false,10
43,0.8858667904100825,3555,2799,false,9
43,0.8858667904100825,5956,2799,false,10
43,0.8858667904100825,2026,2799,false,10
43,0.8858667904100825,2702,2799,false,7
43,0.8858667904100825,1352,2799,false,10
43,0.8858667904100825,5604,2799,false,10
43,0.8858667904100825,119,2799,false,10
43,0.8858667904100825,4329,2799,false,10
43,0.8858667904100825,2220,2799,false,7
43,0.8858667904100825,2758,2799,false,8
43,0.8858667904100825,1539,2799,false,10
43,0.8858667904100825,977,2799,false,10
43,0.8858667904100825,4960,2799,false,8
43,0.8858667904100825,7610,2799,false,10
43,0.8858667904100825,8629,2799,false,10
43,1.2742749857031335,8890,2799,false,10
43,1.2742749857031335,3302,2799,false,10
43,1.2742749857031335,525,2799,false,9
43,1.2742749857031335,3820,2799,false,10
43,1.2742749857031335,2854,2799,false,10
43,1.2742749857031335,6139,4643,false,10
43,1.2742749857031335,6420,2799,false,8
43,1.2742749857031335,7395,2799,false,9
43,1.2742749857031335,2601,2799,false,9
43,1.2742749857031335,9388,2799,false,9
43,1.2742749857031335,6114,2799,false,9
43,1.2742749857031335,2028,2799,false,9
43,1.2742749857031335,8987,2799,false,10
43,1.2742749857031335,5808,2799,false,8
43,1.2742749857031335,7545,2799,false,9
43,1.2742749857031335,9392,2799,false,9
43,1.2742749857031335,974,2799,false,10
43,1.2742749857031335,9820,2799,false,9
43,1.2742749857031335,142,2799,false,10
43,1.2742749857031335,7588,2799,false,10
43,1.2742749857031335,2428,2799,false,10
43,1.2742749857031335,2926,7992,false,10
43,1.2742749857031335,794,2799,false,9
43,1.2742749857031335,4250,7992,false,10
43,1.2742749857031335,742,2799,false,10
43,1.2742749857031335,7919,2799,false,10
43,1.2742749857031335,5338,2799,false,9
43,1.2742749857031335,4014,2799,false,10
43,1.2742749857031335,2397,2799,false,10
43,1.2742749857031335,3218,2799,false,10
43,1.2742749857031335,658,2799,false,10
43,1.2742749857031335,1979,6435,false,10
43,1.2742749857031335,7535,7992,false,10
43,1.2742749857031335,8533,2799,false,9
43,1.2742749857031335,6450,2799,false,9
43,1.2742749857031335,9189,2799,false,10
43,1.2742749857031335,9294,2799,false,10
43,1.2742749857031335,8928,2799,false,10
43,1.2742749857031335,7356,3655,false,10
43,1.2742749857031335,4249,2799,false,9
43,1.2742749857031335,8243,2799,false,9
43,1.2742749857031335,8142,7992,false,10
43,1.2742749857031335,2551,2799,false,9
43,1.2742749857031335,1335,2799,false,10
43,1.2742749857031335,3846,2799,false,9
43,1.2742749857031335,7749,4643,false,10
43,1.2742749857031335,5092,2799,false,10
43,1.2742749857031335,9645,2799,false,9
43,1.2742749857031335,2775,2799,false,8
43,1.2742749857031335,5164,2799,false,9
43,1.2742749857031335,2273,2799,false,10
43,1.2742749857031335,8780,7992,false,10
43,1.2742749857031335,4387,7992,false,10
43,1.2742749857031335,4548,2799,false,9
43,1.2742749857031335,6290,2799,false,10
43,1.2742749857031335,7023,2799,false,9
43,1.2742749857031335,344,2799,false,10
43,1.2742749857031335,5470,7992,false,10
43,1.2742749857031335,2923,2799,false,10
43,1.2742749857031335,6505,2799,false,9
43,1.2742749857031335,9304,2799,false,10
43,1.2742749857031335,414,2799,false,10
43,1.2742749857031335,7337,2799,false,9
43,1.2742749857031335,5047,2799,false,10
43,1.2742749857031335,3937,2799,false,9
43,1.2742749857031335,7049,2799,false,9
43,1.2742749857031335,4903,7992,false,10
43,1.2742749857031335,7152,7992,false,10
43,1.2742749857031335,1970,2799,false,10
43,1.2742749857031335,3597,2799,false,9
43,1.2742749857031335,3388,2799,false,10
43,1.2742749857031335,3874,3655,false,10
43,1.2742749857031335,6460,2799,false,6
43,1.2742749857031335,3809,2799,false,9
43,1.2742749857031335,9618,2799,false,9
43,1.2742749857031335,2827,2799,false,10
43,1.2742749857031335,4334,2799,false,8
43,1.2742749857031335,1305,2799,false,10
43,1.2742749857031335,5448,2799,false,10
43,1.2742749857031335,4309,2799,false,10
43,1.2742749857031335,7364,2799,false,9
43,1.2742749857031335,207,2799,false,10
43,1.2742749857031335,9132,2799,false,10
43,1.2742749857031335,8297,2799,false,9
43,1.2742749857031335,1330,2799,false,10
43,1.2742749857031335,3555,2799,false,7
43,1.2742749857031335,5956,2799,false,10
43,1.2742749857031335,2026,3655,false,10
43,1.2742749857031335,2702,2799,false,9
43,1.2742749857031335,1352,6435,false,10
43,1.2742749857031335,5604,2799,false,10
43,1.2742749857031335,119,2799,false,10
43,1.2742749857031335,4329,2799,false,9
43,1.2742749857031335,2220,2799,false,8
43,1.2742749857031335,2758,2799,false,8
43,1.2742749857031335,1539,2799,false,10
43,1.2742749857031335,977,2799,false,10
43,1.2742749857031335,4960,2799,false,9
43,1.2742749857031335,7610,2799,false,9
43,1.2742749857031335,8629,2799,false,9
43,1.8329807108324356,8890,7992,false,10
43,1.8329807108324356,3302,6157,false,10
43,1.8329807108324356,525,6157,false,8
43,1.8329807108324356,3820,6157,false,10
43,1.8329807108324356,2854,6157,false,10
43,1.8329807108324356,6139,5214,false,10
43,1.8329807108324356,6420,6157,false,9
43,1.8329807108324356,7395,6157,false,9
43,1.8329807108324356,2601,6157,false,9
43,1.8329807108324356,9388,6157,false,9
43,1.8329807108324356,6114,6157,false,9
43,1.8329807108324356,2028,6157,false,8
43,1.8329807108324356,8987,6157,false,10
43,1.8329807108324356,5808,6157,false,9
43,1.8329807108324356,7545,6157,false,9
43,1.8329807108324356,9392,6157,false,9
43,1.8329807108324356,974,6157,false,10
43,1.8329807108324356,9820,6157,false,9
43,1.8329807108324356,142,6157,false,10
43,1.8329807108324356,7588,6157,false,10
43,1.8329807108324356,2428,6157,false,10
43,1.8329807108324356,2926,5214,false,10
43,1.8329807108324356,794,6157,false,9
43,1.8329807108324356,4250,5214,false,10
43,1.8329807108324356,742,2799,false,10
43,1.8329807108324356,7919,4678,false,10
43,1.8329807108324356,5338,6157,false,9
43,1.8329807108324356,4014,2799,false,10
43,1.8329807108324356,2397,6157,false,10
43,1.8329807108324356,3218,6157,false,10
43,1.8329807108324356,658,6157,false,10
43,1.8329807108324356,1979,5214,false,10
43,1.8329807108324356,7535,5214,false,10
43,1.8329807108324356,8533,6157,false,6
43,1.8329807108324356,6450,6157,false,9
43,1.8329807108324356,9189,5214,false,10
43,1.8329807108324356,9294,6157,false,10
43,1.8329807108324356,8928,6157,false,10
43,1.8329807108324356,7356,5214,false,10
43,1.8329807108324356,4249,6157,false,9
43,1.8329807108324356,8243,6157,false,9
43,1.8329807108324356,8142,5214,false,10
43,1.8329807108324356,2551,6157,false,9
43,1.8329807108324356,1335,6157,false,10
43,1.8329807108324356,3846,6157,false,8
43,1.8329807108324356,7749,5214,false,10
43,1.8329807108324356,5092,5214,false,10
43,1.8329807108324356,9645,6157,false,9
43,1.8329807108324356,2775,6157,false,8
43,1.8329807108324356,5164,6157,false,9
43,1.8329807108324356,2273,6157,false,10
43,1.8329807108324356,8780,5214,false,10
43,1.8329807108324356,4387,5214,false,10
43,1.8329807108324356,4548,6157,false,10
43,1.8329807108324356,6290,7992,false,10
43,1.8329807108324356,7023,6157,false,9
43,1.8329807108324356,344,6157,false,10
43,1.8329807108324356,5470,5214,false,10
43,1.8329807108324356,2923,6157,false,10
43,1.8329807108324356,6505,6157,false,9
43,1.8329807108324356,9304,6157,false,10
43,1.8329807108324356,414,6157,false,10
43,1.8329807108324356,7337,6157,false,9
43,1.8329807108324356,5047,6157,false,10
43,1.8329807108324356,3937,6157,false,8
43,1.8329807108324356,7049,6157,false,9
43,1.8329807108324356,4903,5214,false,10
43,1.8329807108324356,7152,5214,false,10
43,1.8329807108324356,1970,3655,false,10
43,1.8329807108324356,3597,6157,false,9
43,1.8329807108324356,3388,6157,false,10
43,1.8329807108324356,3874,5214,false,10
43,1.8329807108324356,6460,6157,false,9
43,1.8329807108324356,3809,6157,false,10
43,1.8329807108324356,9618,6157,false,8
43,1.8329807108324356,2827,6157,false,10
43,1.8329807108324356,4334,6157,false,9
43,1.8329807108324356,1305,6157,false,10
43,1.8329807108324356,5448,6157,false,10
43,1.8329807108324356,4309,6157,false,10
43,1.8329807108324356,7364,6157,false,9
43,1.8329807108324356,207,6157,false,10
43,1.8329807108324356,9132,6157,false,10
43,1.8329807108324356,8297,6157,false,9
43,1.8329807108324356,1330,6157,false,10
43,1.8329807108324356,3555,6157,false,9
43,1.8329807108324356,5956,6157,false,10
43,1.8329807108324356,2026,5214,false,10
43,1.8329807108324356,2702,6157,false,10
43,1.8329807108324356,1352,5214,false,10
43,1.8329807108324356,5604,6157,false,10
43,1.8329807108324356,119,6157,false,10
43,1.8329807108324356,4329,6157,false,9
43,1.8329807108324356,2220,6157,false,9
43,1.8329807108324356,2758,6157,false,9
43,1.8329807108324356,1539,4678,false,10
43,1.8329807108324356,977,6157,false,10
43,1.8329807108324356,4960,6157,false,10
43,1.8329807108324356,7610,6157,false,9
43,1.8329807108324356,8629,6157,false,9
43,2.636650898730358,8890,5214,false,10
43,2.636650898730358,3302,6157,false,10
43,2.636650898730358,525,6157,false,7
43,2.636650898730358,3820,6157,false,10
43,2.636650898730358,2854,6157,false,10
43,2.636650898730358,6139,8625,false,10
43,2.636650898730358,6420,6157,false,9
43,2.636650898730358,7395,6157,false,9
43,2.636650898730358,2601,6157,false,9
43,2.636650898730358,9388,6157,false,9
43,2.636650898730358,6114,6157,false,8
43,2.636650898730358,2028,6157,false,8
43,2.636650898730358,8987,6157,false,10
43,2.636650898730358,5808,6157,false,9
43,2.636650898730358,7545,6157,false,10
43,2.636650898730358,9392,6157,false,9
43,2.636650898730358,974,6157,false,10
43,2.636650898730358,9820,6157,false,9
43,2.636650898730358,142,6157,false,10
43,2.636650898730358,7588,6157,false,10
43,2.636650898730358,2428,6157,false,10
43,2.636650898730358,2926,8625,false,10
43,2.636650898730358,794,6157,false,10
43,2.636650898730358,4250,8625,false,10
43,2.636650898730358,742,7992,false,10
43,2.636650898730358,7919,8625,false,10
43,2.636650898730358,5338,6157,false,9
43,2.636650898730358,4014,5214,false,10
43,2.636650898730358,2397,6157,false,10
43,2.636650898730358,3218,6157,false,10
43,2.636650898730358,658,6157,false,10
43,2.636650898730358,1979,8625,false,10
43,2.636650898730358,7535,8625,false,10
43,2.636650898730358,8533,6157,false,8
43,2.636650898730358,6450,6157,false,9
43,2.636650898730358,9189,8625,false,10
43,2.636650898730358,9294,6157,false,10
43,2.636650898730358,8928,6157,false,10
43,2.636650898730358,7356,8625,false,10
43,2.636650898730358,4249,6157,false,9
43,2.636650898730358,8243,6157,false,9
43,2.636650898730358,8142,8625,false,10
43,2.636650898730358,2551,6157,false,10
43,2.636650898730358,1335,6157,false,10
43,2.636650898730358,3846,6157,false,8
43,2.636650898730358,7749,8625,false,10
43,2.636650898730358,5092,8625,false,10
43,2.636650898730358,9645,6157,false,8
43,2.636650898730358,2775,6157,false,9
43,2.636650898730358,5164,6157,false,8
43,2.636650898730358,2273,6157,false,10
43,2.636650898730358,8780,8625,false,10
43,2.636650898730358,4387,8625,false,10
43,2.636650898730358,4548,6157,false,10
43,2.636650898730358,6290,5214,false,10
43,2.636650898730358,7023,6157,false,9
43,2.636650898730358,344,6157,false,10
43,2.636650898730358,5470,8625,false,10
43,2.636650898730358,2923,6157,false,10
43,2.636650898730358,6505,6157,false,9
43,2.636650898730358,9304,6157,false,10
43,2.636650898730358,414,6157,false,10
43,2.636650898730358,7337,6157,false,8
43,2.636650898730358,5047,2799,false,10
43,2.636650898730358,3937,6157,false,7
43,2.636650898730358,7049,6157,false,8
43,2.636650898730358,4903,8625,false,10
43,2.636650898730358,7152,8625,false,10
43,2.636650898730358,1970,5214,false,10
43,2.636650898730358,3597,6157,false,8
43,2.636650898730358,3388,6157,false,10
43,2.636650898730358,3874,8625,false,10
43,2.636650898730358,6460,6157,false,9
43,2.636650898730358,3809,6157,false,10
43,2.636650898730358,9618,6157,false,8
43,2.636650898730358,2827,6157,false,10
43,2.636650898730358,4334,6157,false,9
43,2.636650898730358,1305,6157,false,10
43,2.636650898730358,5448,6157,false,10
43,2.636650898730358,4309,6157,false,10
43,2.636650898730358,7364,6157,false,9
43,2.636650898730358,207,6157,false,10
43,2.636650898730358,9132,6157,false,10
43,2.636650898730358,8297,6157,false,9
43,2.636650898730358,1330,3655,false,10
43,2.636650898730358,3555,6157,false,9
43,2.636650898730358,5956,6157,false,10
43,2.636650898730358,2026,8625,false,10
43,2.636650898730358,2702,6157,false,10
43,2.636650898730358,1352,8625,false,10
43,2.636650898730358,5604,6157,false,10
43,2.636650898730358,119,6157,false,10
43,2.636650898730358,4329,6157,false,9
43,2.636650898730358,2220,6157,false,9
43,2.636650898730358,2758,6157,false,9
43,2.636650898730358,1539,8625,false,10
43,2.636650898730358,977,6157,false,10
43,2.636650898730358,4960,6157,false,10
43,2.636650898730358,7610,6157,false,8
43,2.636650898730358,8629,6157,false,9
43,3.79269019073225,8890,8625,false,10
43,3.79269019073225,3302,6157,false,10
43,3.79269019073225,525,6157,false,8
43,3.79269019073225,3820,6157,false,10
43,3.79269019073225,2854,6157,false,10
43,3.79269019073225,6139,8625,false,10
43,3.79269019073225,6420,6157,false,9
43,3.79269019073225,7395,6157,false,7
43,3.79269019073225,2601,6157,false,8
43,3.79269019073225,9388,6157,false,7
43,3.79269019073225,6114,6157,false,7
43,3.79269019073225,2028,6157,false,8
43,3.79269019073225,8987,6157,false,10
43,3.79269019073225,5808,6157,false,9
43,3.79269019073225,7545,6157,false,9
43,3.79269019073225,9392,6157,false,8
43,3.79269019073225,974,6157,false,10
43,3.79269019073225,9820,6157,false,8
43,3.79269019073225,142,6157,false,10
43,3.79269019073225,7588,6157,false,10
43,3.79269019073225,2428,6157,false,10
43,3.79269019073225,2926,8625,false,10
43,3.79269019073225,794,6157,false,9
43,3.79269019073225,4250,8625,false,10
43,3.79269019073225,742,4678,false,10
43,3.79269019073225,7919,8625,false,10
43,3.79269019073225,5338,6157,false,8
43,3.79269019073225,4014,5214,false,10
43,3.79269019073225,2397,6157,false,10
43,3.79269019073225,3218,6157,false,10
43,3.79269019073225,658,6157,false,10
43,3.79269019073225,1979,8625,false,10
43,3.79269019073225,7535,8625,false,10
43,3.79269019073225,8533,6157,false,8
43,3.79269019073225,6450,6157,false,7
43,3.79269019073225,9189,8625,false,10
43,3.79269019073225,9294,6157,false,10
43,3.79269019073225,8928,6157,false,10
43,3.79269019073225,7356,8625,false,10
43,3.79269019073225,4249,6157,false,8
43,3.79269019073225,8243,6157,false,8
43,3.79269019073225,8142,8625,false,10
43,3.79269019073225,2551,6157,false,9
43,3.79269019073225,1335,6157,false,10
43,3.79269019073225,3846,6157,false,8
43,3.79269019073225,7749,8625,false,10
43,3.79269019073225,5092,8625,false,10
43,3.79269019073225,9645,6157,false,7
43,3.79269019073225,2775,6157,false,9
43,3.79269019073225,5164,6157,false,7
43,3.79269019073225,2273,6157,false,10
43,3.79269019073225,8780,8625,false,10
43,3.79269019073225,4387,8625,false,10
43,3.79269019073225,4548,6157,false,9
43,3.79269019073225,6290,8625,false,10
43,3.79269019073225,7023,6157,false,8
43,3.79269019073225,344,6157,false,10
43,3.79269019073225,5470,8625,false,10
43,3.79269019073225,2923,6157,false,10
43,3.79269019073225,6505,6157,false,8
43,3.79269019073225,9304,6157,false,10
43,3.79269019073225,414,6157,false,10
43,3.79269019073225,7337,6157,false,7
43,3.79269019073225,5047,7992,false,10
43,3.79269019073225,3937,6157,false,8
43,3.79269019073225,7049,6157,false,8
43,3.79269019073225,4903,8625,false,10
43,3.79269019073225,7152,8625,false,10
43,3.79269019073225,1970,8625,false,10
43,3.79269019073225,3597,6157,false,7
43,3.79269019073225,3388,6157,false,10
43,3.79269019073225,3874,8625,false,10
43,3.79269019073225,6460,6157,false,9
43,3.79269019073225,3809,6157,false,10
43,3.79269019073225,9618,6157,false,8
43,3.79269019073225,2827,6157,false,10
43,3.79269019073225,4334,6157,false,9
43,3.79269019073225,1305,6157,false,10
43,3.79269019073225,5448,6157,false,10
43,3.79269019073225,4309,6157,false,10
43,3.79269019073225,7364,6157,false,8
43,3.79269019073225,207,6157,false,10
43,3.79269019073225,9132,6157,false,10
43,3.79269019073225,8297,6157,false,8
43,3.79269019073225,1330,7992,false,10
43,3.79269019073225,3555,6157,false,9
43,3.79269019073225,5956,6157,false,10
43,3.79269019073225,2026,8625,false,10
43,3.79269019073225,2702,6157,false,9
43,3.79269019073225,1352,8625,false,10
43,3.79269019073225,5604,6157,false,10
43,3.79269019073225,119,6157,false,10
43,3.79269019073225,4329,6157,false,8
43,3.79269019073225,2220,6157,false,9
43,3.79269019073225,2758,6157,false,9
43,3.79269019073225,1539,8625,false,10
43,3.79269019073225,977,6157,false,10
43,3.79269019073225,4960,6157,false,9
43,3.79269019073225,7610,6157,false,8
43,3.79269019073225,8629,6157,false,8
43,5.455594781168517,8890,5214,false,10
43,5.455594781168517,3302,6157,false,10
43,5.455594781168517,525,6157,false,9
43,5.455594781168517,3820,6157,false,10
43,5.455594781168517,2854,4643,false,10
43,5.455594781168517,6139,9116,false,10
43,5.455594781168517,6420,6157,false,9
43,5.455594781168517,7395,6157,false,8
43,5.455594781168517,2601,6157,false,8
43,5.455594781168517,9388,6157,false,8
43,5.455594781168517,6114,6157,false,8
43,5.455594781168517,2028,6157,false,9
43,5.455594781168517,8987,6157,false,9
43,5.455594781168517,5808,6157,false,9
43,5.455594781168517,7545,6157,false,9
43,5.455594781168517,9392,6157,false,8
43,5.455594781168517,974,6157,false,10
43,5.455594781168517,9820,6157,false,8
43,5.455594781168517,142,2799,false,10
43,5.455594781168517,7588,6157,false,9
43,5.455594781168517,2428,6157,false,10
43,5.455594781168517,2926,9116,false,10
43,5.455594781168517,794,6157,false,9
43,5.455594781168517,4250,9116,false,10
43,5.455594781168517,742,7992,false,10
43,5.455594781168517,7919,9116,false,10
43,5.455594781168517,5338,6157,false,8
43,5.455594781168517,4014,4678,false,10
43,5.455594781168517,2397,6157,false,10
43,5.455594781168517,3218,6157,false,10
43,5.455594781168517,658,6157,false,10
43,5.455594781168517,1979,9116,false,10
43,5.455594781168517,7535,9116,false,10
43,5.455594781168517,8533,6157,false,8
43,5.455594781168517,6450,6157,false,8
43,5.455594781168517,9189,9116,false,10
43,5.455594781168517,9294,6157,false,10
43,5.455594781168517,8928,6157,false,10
43,5.455594781168517,7356,9116,false,10
43,5.455594781168517,4249,6157,false,8
43,5.455594781168517,8243,6157,false,8
43,5.455594781168517,8142,9116,false,10
43,5.455594781168517,2551,6157,false,10
43,5.455594781168517,1335,6157,false,10
43,5.455594781168517,3846,6157,false,9
43,5.455594781168517,7749,9116,false,10
43,5.455594781168517,5092,9116,false,10
43,5.455594781168517,9645,6157,false,8
43,5.455594781168517,2775,6157,false,8
43,5.455594781168517,5164,6157,false,8
43,5.455594781168517,2273,2799,false,10
43,5.455594781168517,8780,9116,false,10
43,5.455594781168517,4387,9116,false,10
43,5.455594781168517,4548,6157,false,9
43,5.455594781168517,6290,5214,false,10
43,5.455594781168517,7023,6157,false,9
43,5.455594781168517,344,6157,false,10
43,5.455594781168517,5470,9116,false,10
43,5.455594781168517,2923,6157,false,10
43,5.455594781168517,6505,6157,false,8
43,5.455594781168517,9304,6157,false,10
43,5.455594781168517,414,6157,false,10
43,5.455594781168517,7337,6157,false,8
43,5.455594781168517,5047,7992,false,10
43,5.455594781168517,3937,6157,false,9
43,5.455594781168517,7049,6157,false,9
43,5.455594781168517,4903,9116,false,10
43,5.455594781168517,7152,9116,false,10
43,5.455594781168517,1970,4678,false,10
43,5.455594781168517,3597,6157,false,8
43,5.455594781168517,3388,2799,false,10
43,5.455594781168517,3874,9116,false,10
43,5.455594781168517,6460,6157,false,9
43,5.455594781168517,3809,6157,false,10
43,5.455594781168517,9618,6157,false,8
43,5.455594781168517,2827,6157,false,10
43,5.455594781168517,4334,6157,false,9
43,5.455594781168517,1305,6157,false,10
43,5.455594781168517,5448,6157,false,10
43,5.455594781168517,4309,6157,false,10
43,5.455594781168517,7364,6157,false,8
43,5.455594781168517,207,6157,false,10
43,5.455594781168517,9132,6157,false,10
43,5.455594781168517,8297,6157,false,8
43,5.455594781168517,1330,7992,false,10
43,5.455594781168517,3555,6157,false,9
43,5.455594781168517,5956,6157,false,10
43,5.455594781168517,2026,9116,false,10
43,5.455594781168517,2702,6157,false,9
43,5.455594781168517,1352,9116,false,10
43,5.455594781168517,5604,6157,false,10
43,5.455594781168517,119,6157,false,10
43,5.455594781168517,4329,6157,false,8
43,5.455594781168517,2220,6157,false,9
43,5.455594781168517,2758,6157,false,9
43,5.455594781168517,1539,8625,false,10
43,5.455594781168517,977,6157,false,10
43,5.455594781168517,4960,6157,false,9
43,5.455594781168517,7610,6157,false,8
43,5.455594781168517,8629,6157,false,8
43,7.847599703514611,8890,7992,false,10
43,7.847599703514611,3302,6157,false,10
43,7.847599703514611,525,525,true,10
43,7.847599703514611,3820,3820,true,10
43,7.847599703514611,2854,6435,false,10
43,7.847599703514611,6139,9116,false,10
43,7.847599703514611,6420,6420,true,10
43,7.847599703514611,7395,6157,false,9
43,7.847599703514611,2601,6157,false,9
43,7.847599703514611,9388,6157,false,9
43,7.847599703514611,6114,6157,false,10
43,7.847599703514611,2028,6157,false,10
43,7.847599703514611,8987,6157,false,10
43,7.847599703514611,5808,5808,true,7
43,7.847599703514611,7545,6157,false,10
43,7.847599703514611,9392,6157,false,9
43,7.847599703514611,974,6157,false,10
43,7.847599703514611,9820,6157,false,9
43,7.847599703514611,142,142,true,10
43,7.847599703514611,7588,6157,false,10
43,7.847599703514611,2428,6157,false,10
43,7.847599703514611,2926,9116,false,10
43,7.847599703514611,794,6157,false,10
43,7.847599703514611,4250,9116,false,10
43,7.847599703514611,742,742,true,10
43,7.847599703514611,7919,4678,false,10
43,7.847599703514611,5338,6157,false,10
43,7.847599703514611,4014,4014,true,10
43,7.847599703514611,2397,2397,true,6
43,7.847599703514611,3218,3218,true,10
43,7.847599703514611,658,658,true,4
43,7.847599703514611,1979,1979,true,5
43,7.847599703514611,7535,9116,false,10
43,7.847599703514611,8533,6157,false,10
43,7.847599703514611,6450,6157,false,9
43,7.847599703514611,9189,9116,false,10
43,7.847599703514611,9294,6157,false,10
43,7.847599703514611,8928,6157,false,10
43,7.847599703514611,7356,9116,false,10
43,7.847599703514611,4249,6157,false,9
43,7.847599703514611,8243,6157,false,9
43,7.847599703514611,8142,9116,false,10
43,7.847599703514611,2551,2551,true,5
43,7.847599703514611,1335,1335,true,6
43,7.847599703514611,3846,6157,false,10
43,7.847599703514611,7749,9116,false,10
43,7.847599703514611,5092,5092,true,8
43,7.847599703514611,9645,6157,false,9
43,7.847599703514611,2775,6157,false,10
43,7.847599703514611,5164,6157,false,10
43,7.847599703514611,2273,2273,true,7
43,7.847599703514611,8780,9116,false,10
43,7.847599703514611,4387,9116,false,10
43,7.847599703514611,4548,6157,false,10
43,7.847599703514611,6290,7992,false,10
43,7.847599703514611,7023,6157,false,10
43,7.847599703514611,344,344,true,6
43,7.847599703514611,5470,9116,false,10
43,7.847599703514611,2923,2923,true,3
43,7.847599703514611,6505,6157,false,9
43,7.847599703514611,9304,6157,false,10
43,7.847599703514611,414,414,true,4
43,7.847599703514611,7337,6157,false,9
43,7.847599703514611,5047,5047,true,6
43,7.847599703514611,3937,6157,false,10
43,7.847599703514611,7049,6157,false,10
43,7.847599703514611,4903,9116,false,10
43,7.847599703514611,7152,9116,false,10
43,7.847599703514611,1970,1970,true,5
43,7.847599703514611,3597,6157,false,9
43,7.847599703514611,3388,3388,true,10
43,7.847599703514611,3874,9116,false,10
43,7.847599703514611,6460,6157,false,10
43,7.847599703514611,3809,3809,true,6
43,7.847599703514611,9618,6157,false,9
43,7.847599703514611,2827,2827,true,5
43,7.847599703514611,4334,6157,false,10
43,7.847599703514611,1305,4643,false,10
43,7.847599703514611,5448,6157,false,10
43,7.847599703514611,4309,6157,false,10
43,7.847599703514611,7364,6157,false,9
43,7.847599703514611,207,207,true,4
43,7.847599703514611,9132,9132,true,10
43,7.847599703514611,8297,6157,false,9
43,7.847599703514611,1330,1330,true,7
43,7.847599703514611,3555,3555,true,10
43,7.847599703514611,5956,6157,false,10
43,7.847599703514611,2026,9116,false,10
43,7.847599703514611,2702,6157,false,10
43,7.847599703514611,1352,9116,false,10
43,7.847599703514611,5604,5604,true,10
43,7.847599703514611,119,119,true,9
43,7.847599703514611,4329,6157,false,9
43,7.847599703514611,2220,6157,false,10
43,7.847599703514611,2758,6157,false,10
43,7.847599703514611,1539,1539,true,10
43,7.847599703514611,977,977,true,10
43,7.847599703514611,4960,4960,true,10
43,7.847599703514611,7610,6157,false,10
43,7.847599703514611,8629,6157,false,10
43,11.288378916846883,8890,8890,true,4
43,11.288378916846883,3302,3302,true,4
43,11.288378916846883,525,525,true,3
43,11.288378916846883,3820,3820,true,3
43,11.288378916846883,2854,2854,true,5
43,11.288378916846883,6139,6139,true,4
43,11.288378916846883,6420,6420,true,3
43,11.288378916846883,7395,6157,false,10
43,11.288378916846883,2601,6157,false,10
43,11.288378916846883,9388,6157,false,10
43,11.288378916846883,6114,6114,true,4
43,11.288378916846883,2028,2028,true,3
43,11.288378916846883,8987,8987,true,6
43,11.288378916846883,5808,5808,true,3
43,11.288378916846883,7545,7545,true,3
43,11.288378916846883,9392,6157,false,10
43,11.288378916846883,974,974,true,4
43,11.288378916846883,9820,6157,false,10
43,11.288378916846883,142,142,true,3
43,11.288378916846883,7588,7588,true,4
43,11.288378916846883,2428,2428,true,3
43,11.288378916846883,2926,2926,true,10
43,11.288378916846883,794,794,true,3
43,11.288378916846883,4250,4250,true,10
43,11.288378916846883,742,742,true,3
43,11.288378916846883,7919,7919,true,10
43,11.288378916846883,5338,5338,true,10
43,11.288378916846883,4014,4014,true,3
43,11.288378916846883,2397,2397,true,3
43,11.288378916846883,3218,3218,true,3
43,11.288378916846883,658,658,true,2
43,11.288378916846883,1979,1979,true,2
43,11.288378916846883,7535,7535,true,10
43,11.288378916846883,8533,8533,true,10
43,11.288378916846883,6450,8428,false,10
43,11.288378916846883,9189,9189,true,6
43,11.288378916846883,9294,9294,true,9
43,11.288378916846883,8928,8928,true,4
43,11.288378916846883,7356,7356,true,4
43,11.288378916846883,4249,6157,false,10
43,11.288378916846883,8243,6157,false,10
43,11.288378916846883,8142,8142,true,7
43,11.288378916846883,2551,2551,true,3
43,11.288378916846883,1335,1335,true,3
43,11.288378916846883,3846,3846,true,4
43,11.288378916846883,7749,7749,true,4
43,11.288378916846883,5092,5092,true,3
43,11.288378916846883,9645,6157,false,10
43,11.288378916846883,2775,2775,true,6
43,11.288378916846883,5164,5164,true,10
43,11.288378916846883,2273,2273,true,3
43,11.288378916846883,8780,8780,true,7
43,11.288378916846883,4387,4387,true,10
43,11.288378916846883,4548,4548,true,10
43,11.288378916846883,6290,6290,true,5
43,11.288378916846883,7023,7023,true,3
43,11.288378916846883,344,344,true,3
43,11.288378916846883,5470,5470,true,4
43,11.288378916846883,2923,2923,true,2
43,11.288378916846883,6505,6157,false,10
43,11.288378916846883,9304,9304,true,3
43,11.288378916846883,414,414,true,2
43,11.288378916846883,7337,6157,false,10
43,11.288378916846883,5047,5047,true,2
43,11.288378916846883,3937,3937,true,3
43,11.288378916846883,7049,7049,true,4
43,11.288378916846883,4903,4903,true,8
43,11.288378916846883,7152,7152,true,10
43,11.288378916846883,1970,1970,true,2
43,11.288378916846883,3597,6157,false,10
43,11.288378916846883,3388,3388,true,3
43,11.288378916846883,3874,3874,true,4
43,11.288378916846883,6460,6460,true,5
43,11.288378916846883,3809,3809,true,3
43,11.288378916846883,9618,6157,false,10
43,11.288378916846883,2827,2827,true,2
43,11.288378916846883,4334,4334,true,6
43,11.288378916846883,1305,1305,true,6
43,11.288378916846883,5448,5448,true,10
43,11.288378916846883,4309,4309,true,5
43,11.288378916846883,7364,6157,false,10
43,11.288378916846883,207,207,true,2
43,11.288378916846883,9132,9132,true,3
43,11.288378916846883,8297,6157,false,10
43,11.288378916846883,1330,1330,true,3
43,11.288378916846883,3555,3555,true,3
43,11.288378916846883,5956,5956,true,7
43,11.288378916846883,2026,2026,true,5
43,11.288378916846883,2702,2702,true,4
43,11.288378916846883,1352,1352,true,4
43,11.288378916846883,5604,5604,true,3
43,11.288378916846883,119,119,true,3
43,11.288378916846883,4329,6157,false,10
43,11.288378916846883,2220,2220,true,4
43,11.288378916846883,2758,2758,true,3
43,11.288378916846883,1539,1539,true,3
43,11.288378916846883,977,977,true,3
43,11.288378916846883,4960,4960,true,3
43,11.288378916846883,7610,7610,true,4
43,11.288378916846883,8629,6298,false,10
43,16.23776739188721,8890,8890,true,2
43,16.23776739188721,3302,3302,true,2
43,16.23776739188721,525,525,true,2
43,16.23776739188721,3820,3820,true,2
43,16.23776739188721,2854,2854,true,2
43,16.23776739188721,6139,6139,true,2
43,16.23776739188721,6420,6420,true,2
43,16.23776739188721,7395,7395,true,8
43,16.23776739188721,2601,2601,true,5
43,16.23776739188721,9388,9388,true,5
43,16.23776739188721,6114,6114,true,2
43,16.23776739188721,2028,2028,true,2
43,16.23776739188721,8987,8987,true,3
43,16.23776739188721,5808,5808,true,2
43,16.23776739188721,7545,7545,true,2
43,16.23776739188721,9392,9392,true,7
43,16.23776739188721,974,974,true,2
43,16.23776739188721,9820,9820,true,3
43,16.23776739188721,142,142,true,2
43,16.23776739188721,7588,7588,true,2
43,16.23776739188721,2428,2428,true,2
43,16.23776739188721,2926,2926,true,3
43,16.23776739188721,794,794,true,2
43,16.23776739188721,4250,4250,true,3
43,16.23776739188721,742,742,true,2
43,16.23776739188721,7919,7919,true,3
43,16.23776739188721,5338,5338,true,3
43,16.23776739188721,4014,4014,true,2
43,16.23776739188721,2397,2397,true,2
43,16.23776739188721,3218,3218,true,2
43,16.23776739188721,658,658,true,2
43,16.23776739188721,1979,1979,true,2
43,16.23776739188721,7535,7535,true,3
43,16.23776739188721,8533,8533,true,3
43,16.23776739188721,6450,6450,true,3
43,16.23776739188721,9189,9189,true,3
43,16.23776739188721,9294,9294,true,3
43,16.23776739188721,8928,8928,true,2
43,16.23776739188721,7356,7356,true,2
43,16.23776739188721,4249,4249,true,8
43,16.23776739188721,8243,8243,true,3
43,16.23776739188721,8142,8142,true,3
43,16.23776739188721,2551,2551,true,2
43,16.23776739188721,1335,1335,true,2
43,16.23776739188721,3846,3846,true,2
43,16.23776739188721,7749,7749,true,2
43,16.23776739188721,5092,5092,true,2
43,16.23776739188721,9645,9645,true,4
43,16.23776739188721,2775,2775,true,3
43,16.23776739188721,5164,5164,true,3
43,16.23776739188721,2273,2273,true,2
43,16.23776739188721,8780,8780,true,3
43,16.23776739188721,4387,4387,true,3
43,16.23776739188721,4548,4548,true,3
43,16.23776739188721,6290,6290,true,2
43,16.23776739188721,7023,7023,true,2
43,16.23776739188721,344,344,true,2
43,16.23776739188721,5470,5470,true,2
43,16.23776739188721,2923,2923,true,2
43,16.23776739188721,6505,6505,true,5
43,16.23776739188721,9304,9304,true,2
43,16.23776739188721,414,414,true,2
43,16.23776739188721,7337,7337,true,4
43,16.23776739188721,5047,5047,true,2
43,16.23776739188721,3937,3937,true,2
43,16.23776739188721,7049,7049,true,2
43,16.23776739188721,4903,4903,true,3
43,16.23776739188721,7152,7152,true,3
43,16.23776739188721,1970,1970,true,2
43,16.23776739188721,3597,3597,true,6
43,16.23776739188721,3388,3388,true,2
43,16.23776739188721,3874,3874,true,2
43,16.23776739188721,6460,6460,true,2
43,16.23776739188721,3809,3809,true,2
43,16.23776739188721,9618,9618,true,4
43,16.23776739188721,2827,2827,true,2
43,16.23776739188721,4334,4334,true,3
43,16.23776739188721,1305,1305,true,3
43,16.23776739188721,5448,5448,true,3
43,16.23776739188721,4309,4309,true,2
43,16.23776739188721,7364,7364,true,5
43,16.23776739188721,207,207,true,2
43,16.23776739188721,9132,9132,true,2
43,16.23776739188721,8297,8297,true,4
43,16.23776739188721,1330,1330,true,2
43,16.23776739188721,3555,3555,true,2
43,16.23776739188721,5956,5956,true,3
43,16.23776739188721,2026,2026,true,2
43,16.23776739188721,2702,2702,true,2
43,16.23776739188721,1352,1352,true,2
43,16.23776739188721,5604,5604,true,2
43,16.23776739188721,119,119,true,2
43,16.23776739188721,4329,4329,true,5
43,16.23776739188721,2220,2220,true,2
43,16.23776739188721,2758,2758,true,2
43,16.23776739188721,1539,1539,true,2
43,16.23776739188721,977,977,true,2
43,16.23776739188721,4960,4960,true,2
43,16.23776739188721,7610,7610,true,2
43,16.23776739188721,8629,8629,true,3
43,23.357214690901213,8890,8890,true,2
43,23.357214690901213,3302,3302,true,2
43,23.357214690901213,525,525,true,2
43,23.357214690901213,3820,3820,true,2
43,23.357214690901213,2854,2854,true,2
43,23.357214690901213,6139,6139,true,2
43,23.357214690901213,6420,6420,true,2
43,23.357214690901213,7395,7395,true,3
43,23.357214690901213,2601,2601,true,2
43,23.357214690901213,9388,9388,true,2
43,23.357214690901213,6114,6114,true,2
43,23.357214690901213,2028,2028,true,2
43,23.357214690901213,8987,8987,true,2
43,23.357214690901213,5808,5808,true,2
43,23.357214690901213,7545,7545,true,2
43,23.357214690901213,9392,9392,true,3
43,23.357214690901213,974,974,true,2
43,23.357214690901213,9820,9820,true,2
43,23.357214690901213,142,142,true,2
43,23.357214690901213,7588,7588,true,2
43,23.357214690901213,2428,2428,true,2
43,23.357214690901213,2926,2926,true,2
43,23.357214690901213,794,794,true,2
43,23.357214690901213,4250,4250,true,2
43,23.357214690901213,742,742,true,2
43,23.357214690901213,7919,7919,true,2
43,23.357214690901213,5338,5338,true,2
43,23.357214690901213,4014,4014,true,2
43,23.357214690901213,2397,2397,true,2
43,23.357214690901213,3218,3218,true,2
43,23.357214690901213,658,658,true,2
43,23.357214690901213,1979,1979,true,2
43,23.357214690901213,7535,7535,true,2
43,23.357214690901213,8533,8533,true,2
43,23.357214690901213,6450,6450,true,2
43,23.357214690901213,9189,9189,true,2
43,23.357214690901213,9294,9294,true,2
43,23.357214690901213,8928,8928,true,2
43,23.357214690901213,7356,7356,true,2
43,23.357214690901213,4249,4249,true,3
43,23.357214690901213,8243,8243,true,2
43,23.357214690901213,8142,8142,true,2
43,23.357214690901213,2551,2551,true,2
43,23.357214690901213,1335,1335,true,2
43,23.357214690901213,3846,3846,true,2
43,23.357214690901213,7749,7749,true,2
43,23.357214690901213,5092,5092,true,2
43,23.357214690901213,9645,9645,true,2
43,23.357214690901213,2775,2775,true,2
43,23.357214690901213,5164,5164,true,2
43,23.357214690901213,2273,2273,true,2
43,23.357214690901213,8780,8780,true,2
43,23.357214690901213,4387,4387,true,2
43,23.357214690901213,4548,4548,true,2
43,23.357214690901213,6290,6290,true,2
43,23.357214690901213,7023,7023,true,2
43,23.357214690901213,344,344,true,2
43,23.357214690901213,5470,5470,true,2
43,23.357214690901213,2923,2923,true,2
43,23.357214690901213,6505,6505,true,2
43,23.357214690901213,9304,9304,true,2
43,23.357214690901213,414,414,true,2
43,23.357214690901213,7337,7337,true,2
43,23.357214690901213,5047,5047,true,2
43,23.357214690901213,3937,3937,true,2
43,23.357214690901213,7049,7049,true,2
43,23.357214690901213,4903,4903,true,2
43,23.357214690901213,7152,7152,true,2
43,23.357214690901213,1970,1970,true,2
43,23.357214690901213,3597,3597,true,3
43,23.357214690901213,3388,3388,true,2
43,23.357214690901213,3874,3874,true,2
43,23.357214690901213,6460,6460,true,2
43,23.357214690901213,3809,3809,true,2
43,23.357214690901213,9618,9618,true,2
43,23.357214690901213,2827,2827,true,2
43,23.357214690901213,4334,4334,true,2
43,23.357214690901213,1305,1305,true,2
43,23.357214690901213,5448,5448,true,2
43,23.357214690901213,4309,4309,true,2
43,23.357214690901213,7364,7364,true,2
43,23.357214690901213,207,207,true,2
43,23.357214690901213,9132,9132,true,2
43,23.357214690901213,8297,8297,true,2
43,23.357214690901213,1330,1330,true,2
43,23.357214690901213,3555,3555,true,2
43,23.357214690901213,5956,5956,true,2
43,23.357214690901213,2026,2026,true,2
43,23.357214690901213,2702,2702,true,2
43,23.357214690901213,1352,1352,true,2
43,23.357214690901213,5604,5604,true,2
43,23.357214690901213,119,119,true,2
43,23.357214690901213,4329,4329,true,2
43,23.357214690901213,2220,2220,true,2
43,23.357214690901213,2758,2758,true,2
43,23.357214690901213,1539,1539,true,2
43,23.357214690901213,977,977,true,2
43,23.357214690901213,4960,4960,true,2
43,23.357214690901213,7610,7610,true,2
43,23.357214690901213,8629,8629,true,2
43,33.59818286283781,8890,8890,true,2
43,33.59818286283781,3302,3302,true,2
43,33.59818286283781,525,525,true,2
43,33.59818286283781,3820,3820,true,2
43,33.59818286283781,2854,2854,true,2
43,33.59818286283781,6139,6139,true,2
43,33.59818286283781,6420,6420,true,2
43,33.59818286283781,7395,7395,true,2
43,33.59818286283781,2601,2601,true,2
43,33.59818286283781,9388,9388,true,2
43,33.59818286283781,6114,6114,true,2
43,33.59818286283781,2028,2028,true,2
43,33.59818286283781,8987,8987,true,2
43,33.59818286283781,5808,5808,true,2
43,33.59818286283781,7545,7545,true,2
43,33.59818286283781,9392,9392,true,2
43,33.59818286283781,974,974,true,2
43,33.59818286283781,9820,9820,true,2
43,33.59818286283781,142,142,true,2
43,33.59818286283781,7588,7588,true,2
43,33.59818286283781,2428,2428,true,2
43,33.59818286283781,2926,2926,true,2
43,33.59818286283781,794,794,true,2
43,33.59818286283781,4250,4250,true,2
43,33.59818286283781,742,742,true,2
43,33.59818286283781,7919,7919,true,2
43,33.59818286283781,5338,5338,true,2
43,33.59818286283781,4014,4014,true,2
43,33.59818286283781,2397,2397,true,2
43,33.59818286283781,3218,3218,true,2
43,33.59818286283781,658,658,true,2
43,33.59818286283781,1979,1979,true,2
43,33.59818286283781,7535,7535,true,2
43,33.59818286283781,8533,8533,true,2
43,33.59818286283781,6450,6450,true,2
43,33.59818286283781,9189,9189,true,2
43,33.59818286283781,9294,9294,true,2
43,33.59818286283781,8928,8928,true,2
43,33.59818286283781,7356,7356,true,2
43,33.59818286283781,4249,4249,true,2
43,33.59818286283781,8243,8243,true,2
43,33.59818286283781,8142,8142,true,2
43,33.59818286283781,2551,2551,true,2
43,33.59818286283781,1335,1335,true,2
43,33.59818286283781,3846,3846,true,2
43,33.59818286283781,7749,7749,true,2
43,33.59818286283781,5092,5092,true,2
43,33.59818286283781,9645,9645,true,2
43,33.59818286283781,2775,2775,true,2
43,33.59818286283781,5164,5164,true,2
43,33.59818286283781,2273,2273,true,2
43,33.59818286283781,8780,8780,true,2
43,33.59818286283781,4387,4387,true,2
43,33.59818286283781,4548,4548,true,2
43,33.59818286283781,6290,6290,true,2
43,33.59818286283781,7023,7023,true,2
43,33.59818286283781,344,344,true,2
43,33.59818286283781,5470,5470,true,2
43,33.59818286283781,2923,2923,true,2
43,33.59818286283781,6505,6505,true,2
43,33.59818286283781,9304,9304,true,2
43,33.59818286283781,414,414,true,2
43,33.59818286283781,7337,7337,true,2
43,33.59818286283781,5047,5047,true,2
43,33.59818286283781,3937,3937,true,2
43,33.59818286283781,7049,7049,true,2
43,33.59818286283781,4903,4903,true,2
43,33.59818286283781,7152,7152,true,2
43,33.59818286283781,1970,1970,true,2
43,33.59818286283781,3597,3597,true,2
43,33.59818286283781,3388,3388,true,2
43,33.59818286283781,3874,3874,true,2
43,33.59818286283781,6460,6460,true,2
43,33.59818286283781,3809,3809,true,2
43,33.59818286283781,9618,9618,true,2
43,33.59818286283781,2827,2827,true,2
43,33.59818286283781,4334,4334,true,2
43,33.59818286283781,1305,1305,true,2
43,33.59818286283781,5448,5448,true,2
43,33.59818286283781,4309,4309,true,2
43,33.59818286283781,7364,7364,true,2
43,33.59818286283781,207,207,true,2
43,33.59818286283781,9132,9132,true,2
43,33.59818286283781,8297,8297,true,2
43,33.59818286283781,1330,1330,true,2
43,33.59818286283781,3555,3555,true,2
43,33.59818286283781,5956,5956,true,2
43,33.59818286283781,2026,2026,true,2
43,33.59818286283781,2702,2702,true,2
43,33.59818286283781,1352,1352,true,2
43,33.59818286283781,5604,5604,true,2
43,33.59818286283781,119,119,true,2
43,33.59818286283781,4329,4329,true,2
43,33.59818286283781,2220,2220,true,2
43,33.59818286283781,2758,2758,true,2
43,33.59818286283781,1539,1539,true,2
43,33.59818286283781,977,977,true,2
43,33.59818286283781,4960,4960,true,2
43,33.59818286283781,7610,7610,true,2
43,33.59818286283781,8629,8629,true,2
43,48.32930238571752,8890,8890,true,2
43,48.32930238571752,3302,3302,true,2
43,48.32930238571752,525,525,true,2
43,48.32930238571752,3820,3820,true,2
43,48.32930238571752,2854,2854,true,2
43,48.32930238571752,6139,6139,true,2
43,48.32930238571752,6420,6420,true,2
43,48.32930238571752,7395,7395,true,2
43,48.32930238571752,2601,2601,true,2
43,48.32930238571752,9388,9388,true,2
43,48.32930238571752,6114,6114,true,2
43,48.32930238571752,2028,2028,true,2
43,48.32930238571752,8987,8987,true,2
43,48.32930238571752,5808,5808,true,2
43,48.32930238571752,7545,7545,true,2
43,48.32930238571752,9392,9392,true,2
43,48.32930238571752,974,974,true,2
43,48.32930238571752,9820,9820,true,2
43,48.32930238571752,142,142,true,2
43,48.32930238571752,7588,7588,true,2
43,48.32930238571752,2428,2428,true,2
43,48.32930238571752,2926,2926,true,2
43,48.32930238571752,794,794,true,2
43,48.32930238571752,4250,4250,true,2
43,48.32930238571752,742,742,true,2
43,48.32930238571752,7919,7919,true,2
43,48.32930238571752,5338,5338,true,2
43,48.32930238571752,4014,4014,true,2
43,48.32930238571752,2397,2397,true,2
43,48.32930238571752,3218,3218,true,2
43,48.32930238571752,658,658,true,2
43,48.32930238571752,1979,1979,true,2
43,48.32930238571752,7535,7535,true,2
43,48.32930238571752,8533,8533,true,2
43,48.32930238571752,6450,6450,true,2
43,48.32930238571752,9189,9189,true,2
43,48.32930238571752,9294,9294,true,2
43,48.32930238571752,8928,8928,true,2
43,48.32930238571752,7356,7356,true,2
43,48.32930238571752,4249,4249,true,2
43,48.32930238571752,8243,8243,true,2
43,48.32930238571752,8142,8142,true,2
43,48.32930238571752,2551,2551,true,2
43,48.32930238571752,1335,1335,true,2
43,48.32930238571752,3846,3846,true,2
43,48.32930238571752,7749,7749,true,2
43,48.32930238571752,5092,5092,true,2
43,48.32930238571752,9645,9645,true,2
43,48.32930238571752,2775,2775,true,2
43,48.32930238571752,5164,5164,true,2
43,48.32930238571752,2273,2273,true,2
43,48.32930238571752,8780,8780,true,2
43,48.32930238571752,4387,4387,true,2
43,48.32930238571752,4548,4548,true,2
43,48.32930238571752,6290,6290,true,2
43,48.32930238571752,7023,7023,true,2
43,48.32930238571752,344,344,true,2
43,48.32930238571752,5470,5470,true,2
43,48.32930238571752,2923,2923,true,2
43,48.32930238571752,6505,6505,true,2
43,48.32930238571752,9304,9304,true,2
43,48.32930238571752,414,414,true,2
43,48.32930238571752,7337,7337,true,2
43,48.32930238571752,5047,5047,true,2
43,48.32930238571752,3937,3937,true,2
43,48.32930238571752,7049,7049,true,2
43,48.32930238571752,4903,4903,true,2
43,48.32930238571752,7152,7152,true,2
43,48.32930238571752,1970,1970,true,2
43,48.32930238571752,3597,3597,true,2
43,48.32930238571752,3388,3388,true,2
43,48.32930238571752,3874,3874,true,2
43,48.32930238571752,6460,6460,true,2
43,48.32930238571752,3809,3809,true,2
43,48.32930238571752,9618,9618,true,2
43,48.32930238571752,2827,2827,true,2
43,48.32930238571752,4334,4334,true,2
43,48.32930238571752,1305,1305,true,2
43,48.32930238571752,5448,5448,true,2
43,48.32930238571752,4309,4309,true,2
43,48.32930238571752,7364,7364,true,2
43,48.32930238571752,207,207,true,2
43,48.32930238571752,9132,9132,true,2
43,48.32930238571752,8297,8297,true,2
43,48.32930238571752,1330,1330,true,2
43,48.32930238571752,3555,3555,true,2
43,48.32930238571752,5956,5956,true,2
43,48.32930238571752,2026,2026,true,2
43,48.32930238571752,2702,2702,true,2
43,48.32930238571752,1352,1352,true,2
43,48.32930238571752,5604,5604,true,2
43,48.32930238571752,119,119,true,2
43,48.32930238571752,4329,4329,true,2
43,48.32930238571752,2220,2220,true,2
43,48.32930238571752,2758,2758,true,2
43,48.32930238571752,1539,1539,true,2
43,48.32930238571752,977,977,true,2
43,48.32930238571752,4960,4960,true,2
43,48.32930238571752,7610,7610,true,2
43,48.32930238571752,8629,8629,true,2
43,69.51927961775606,8890,8890,true,2
43,69.51927961775606,3302,3302,true,2
43,69.51927961775606,525,525,true,2
43,69.51927961775606,3820,3820,true,2
43,69.51927961775606,2854,2854,true,2
43,69.51927961775606,6139,6139,true,2
43,69.51927961775606,6420,6420,true,2
43,69.51927961775606,7395,7395,true,2
43,69.51927961775606,2601,2601,true,2
43,69.51927961775606,9388,9388,true,2
43,69.51927961775606,6114,6114,true,2
43,69.51927961775606,2028,2028,true,2
43,69.51927961775606,8987,8987,true,2
43,69.51927961775606,5808,5808,true,2
43,69.51927961775606,7545,7545,true,2
43,69.51927961775606,9392,9392,true,2
43,69.51927961775606,974,974,true,2
43,69.51927961775606,9820,9820,true,2
43,69.51927961775606,142,142,true,2
43,69.51927961775606,7588,7588,true,2
43,69.51927961775606,2428,2428,true,2
43,69.51927961775606,2926,2926,true,2
43,69.51927961775606,794,794,true,2
43,69.51927961775606,4250,4250,true,2
43,69.51927961775606,742,742,true,2
43,69.51927961775606,7919,7919,true,2
43,69.51927961775606,5338,5338,true,2
43,69.51927961775606,4014,4014,true,2
43,69.51927961775606,2397,2397,true,2
43,69.51927961775606,3218,3218,true,2
43,69.51927961775606,658,658,true,2
43,69.51927961775606,1979,1979,true,2
43,69.51927961775606,7535,7535,true,2
43,69.51927961775606,8533,8533,true,2
43,69.51927961775606,6450,6450,true,2
43,69.51927961775606,9189,9189,true,2
43,69.51927961775606,9294,9294,true,2
43,69.51927961775606,8928,8928,true,2
43,69.51927961775606,7356,7356,true,2
43,69.51927961775606,4249,4249,true,2
43,69.51927961775606,8243,8243,true,2
43,69.51927961775606,8142,8142,true,2
43,69.51927961775606,2551,2551,true,2
43,69.51927961775606,1335,1335,true,2
43,69.51927961775606,3846,3846,true,2
43,69.51927961775606,7749,7749,true,2
43,69.51927961775606,5092,5092,true,2
43,69.51927961775606,9645,9645,true,2
43,69.51927961775606,2775,2775,true,2
43,69.51927961775606,5164,5164,true,2
43,69.51927961775606,2273,2273,true,2
43,69.51927961775606,8780,8780,true,2
43,69.51927961775606,4387,4387,true,2
43,69.51927961775606,4548,4548,true,2
43,69.51927961775606,6290,6290,true,2
43,69.51927961775606,7023,7023,true,2
43,69.51927961775606,344,344,true,2
43,69.51927961775606,5470,5470,true,2
43,69.51927961775606,2923,2923,true,2
43,69.51927961775606,6505,6505,true,2
43,69.51927961775606,9304,9304,true,2
43,69.51927961775606,414,414,true,2
43,69.51927961775606,7337,7337,true,2
43,69.51927961775606,5047,5047,true,2
43,69.51927961775606,3937,3937,true,2
43,69.51927961775606,7049,7049,true,2
43,69.51927961775606,4903,4903,true,2
43,69.51927961775606,7152,7152,true,2
43,69.51927961775606,1970,1970,true,2
43,69.51927961775606,3597,3597,true,2
43,69.51927961775606,3388,3388,true,2
43,69.51927961775606,3874,3874,true,2
43,69.51927961775606,6460,6460,true,2
43,69.51927961775606,3809,3809,true,2
43,69.51927961775606,9618,9618,true,2
43,69.51927961775606,2827,2827,true,2
43,69.51927961775606,4334,4334,true,2
43,69.51927961775606,1305,1305,true,2
43,69.51927961775606,5448,5448,true,2
43,69.51927961775606,4309,4309,true,2
43,69.51927961775606,7364,7364,true,2
43,69.51927961775606,207,207,true,2
43,69.51927961775606,9132,9132,true,2
43,69.51927961775606,8297,8297,true,2
43,69.51927961775606,1330,1330,true,2
43,69.51927961775606,3555,3555,true,2
43,69.51927961775606,5956,5956,true,2
43,69.51927961775606,2026,2026,true,2
43,69.51927961775606,2702,2702,true,2
43,69.51927961775606,1352,1352,true,2
43,69.51927961775606,5604,5604,true,2
43,69.51927961775606,119,119,true,2
43,69.51927961775606,4329,4329,true,2
43,69.51927961775606,2220,2220,true,2
43,69.51927961775606,2758,2758,true,2
43,69.51927961775606,1539,1539,true,2
43,69.51927961775606,977,977,true,2
43,69.51927961775606,4960,4960,true,2
43,69.51927961775606,7610,7610,true,2
43,69.51927961775606,8629,8629,true,2
43,100.0,8890,8890,true,2
43,100.0,3302,3302,true,2
43,100.0,525,525,true,2
43,100.0,3820,3820,true,2
43,100.0,2854,2854,true,2
43,100.0,6139,6139,true,2
43,100.0,6420,6420,true,2
43,100.0,7395,7395,true,2
43,100.0,2601,2601,true,2
43,100.0,9388,9388,true,2
43,100.0,6114,6114,true,2
43,100.0,2028,2028,true,2
43,100.0,8987,8987,true,2
43,100.0,5808,5808,true,2
43,100.0,7545,7545,true,2
43,100.0,9392,9392,true,2
43,100.0,974,974,true,2
43,100.0,9820,9820,true,2
43,100.0,142,142,true,2
43,100.0,7588,7588,true,2
43,100.0,2428,2428,true,2
43,100.0,2926,2926,true,2
43,100.0,794,794,true,2
43,100.0,4250,4250,true,2
43,100.0,742,742,true,2
43,100.0,7919,7919,true,2
43,100.0,5338,5338,true,2
43,100.0,4014,4014,true,2
43,100.0,2397,2397,true,2
43,100.0,3218,3218,true,2
43,100.0,658,658,true,2
43,100.0,1979,1979,true,2
43,100.0,7535,7535,true,2
43,100.0,8533,8533,true,2
43,100.0,6450,6450,true,2
43,100.0,9189,9189,true,2
43,100.0,9294,9294,true,2
43,100.0,8928,8928,true,2
43,100.0,7356,7356,true,2
43,100.0,4249,4249,true,2
43,100.0,8243,8243,true,2
43,100.0,8142,8142,true,2
43,100.0,2551,2551,true,2
43,100.0,1335,1335,true,2
43,100.0,3846,3846,true,2
43,100.0,7749,7749,true,2
43,100.0,5092,5092,true,2
43,100.0,9645,9645,true,2
43,100.0,2775,2775,true,2
43,100.0,5164,5164,true,2
43,100.0,2273,2273,true,2
43,100.0,8780,8780,true,2
43,100.0,4387,4387,true,2
43,100.0,4548,4548,true,2
43,100.0,6290,6290,true,2
43,100.0,7023,7023,true,2
43,100.0,344,344,true,2
43,100.0,5470,5470,true,2
43,100.0,2923,2923,true,2
43,100.0,6505,6505,true,2
43,100.0,9304,9304,true,2
43,100.0,414,414,true,2
43,100.0,7337,7337,true,2
43,100.0,5047,5047,true,2
43,100.0,3937,3937,true,2
43,100.0,7049,7049,true,2
43,100.0,4903,4903,true,2
43,100.0,7152,7152,true,2
43,100.0,1970,1970,true,2
43,100.0,3597,3597,true,2
43,100.0,3388,3388,true,2
43,100.0,3874,3874,true,2
43,100.0,6460,6460,true,2
43,100.0,3809,3809,true,2
43,100.0,9618,9618,true,2
43,100.0,2827,2827,true,2
43,100.0,4334,4334,true,2
43,100.0,1305,1305,true,2
43,100.0,5448,5448,true,2
43,100.0,4309,4309,true,2
43,100.0,7364,7364,true,2
43,100.0,207,207,true,2
43,100.0,9132,9132,true,2
43,100.0,8297,8297,true,2
43,100.0,1330,1330,true,2
43,100.0,3555,3555,true,2
43,100.0,5956,5956,true,2
43,100.0,2026,2026,true,2
43,100.0,2702,2702,true,2
43,100.0,1352,1352,true,2
43,100.0,5604,5604,true,2
43,100.0,119,119,true,2
43,100.0,4329,4329,true,2
43,100.0,2220,2220,true,2
43,100.0,2758,2758,true,2
43,100.0,1539,1539,true,2
43,100.0,977,977,true,2
43,100.0,4960,4960,true,2
43,100.0,7610,7610,true,2
43,100.0,8629,8629,true,2
44,0.1,8018,4838,false,6
44,0.1,1757,4838,false,5
44,0.1,1742,4838,false,6
44,0.1,8199,4838,false,6
44,0.1,9815,4838,false,6
44,0.1,7907,4838,false,6
44,0.1,7248,4838,false,6
44,0.1,1504,4838,false,7
44,0.1,5393,4838,false,7
44,0.1,9477,4838,false,6
44,0.1,1052,4838,false,6
44,0.1,7092,4838,false,6
44,0.1,1393,4838,false,6
44,0.1,1738,4838,false,6
44,0.1,9073,4838,false,7
44,0.1,9036,4838,false,6
44,0.1,2396,4838,false,6
44,0.1,5323,4838,false,7
44,0.1,8218,4838,false,6
44,0.1,7019,4838,false,6
44,0.1,9885,4838,false,6
44,0.1,7445,4838,false,7
44,0.1,2336,4838,false,6
44,0.1,7353,4838,false,6
44,0.1,4001,4838,false,6
44,0.1,9054,4838,false,6
44,0.1,7823,4838,false,6
44,0.1,3895,4838,false,6
44,0.1,9658,4838,false,6
44,0.1,6220,4838,false,7
44,0.1,506,4838,false,6
44,0.1,188,4838,false,6
44,0.1,401,4838,false,5
44,0.1,1163,4838,false,7
44,0.1,7859,4838,false,6
44,0.1,1122,4838,false,5
44,0.1,8009,4838,false,6
44,0.1,1592,4838,false,5
44,0.1,6501,4838,false,6
44,0.1,9600,4838,false,6
44,0.1,3500,4838,false,5
44,0.1,2946,4838,false,5
44,0.1,7093,4838,false,6
44,0.1,778,4838,false,6
44,0.1,5433,4838,false,7
44,0.1,1307,4838,false,5
44,0.1,7894,4838,false,6
44,0.1,7692,4838,false,6
44,0.1,2777,4838,false,5
44,0.1,7743,4838,false,6
44,0.1,9396,4838,false,7
44,0.1,6740,4838,false,6
44,0.1,1819,4838,false,7
44,0.1,8068,4838,false,6
44,0.1,1015,4838,false,6
44,0.1,1174,4838,false,6
44,0.1,6021,4838,false,6
44,0.1,4202,4838,false,6
44,0.1,1593,4838,false,5
44,0.1,5056,4838,false,6
44,0.1,439,4838,false,6
44,0.1,7554,4838,false,7
44,0.1,4637,4838,false,6
44,0.1,3030,4838,false,6
44,0.1,1459,4838,false,6
44,0.1,6450,4838,false,6
44,0.1,2842,4838,false,6
44,0.1,3153,4838,false,5
44,0.1,3345,4838,false,5
44,0.1,1897,4838,false,6
44,0.1,9909,4838,false,6
44,0.1,999,4838,false,5
44,0.1,5124,4838,false,6
44,0.1,4382,4838,false,6
44,0.1,1044,4838,false,6
44,0.1,4833,4838,false,6
44,0.1,2877,4838,false,5
44,0.1,735,4838,false,5
44,0.1,727,4838,false,6
44,0.1,6981,4838,false,6
44,0.1,9209,4838,false,6
44,0.1,4974,4838,false,6
44,0.1,7152,4838,false,7
44,0.1,7367,4838,false,7
44,0.1,1700,4838,false,6
44,0.1,7301,4838,false,6
44,0.1,7096,4838,false,6
44,0.1,1364,4838,false,6
44,0.1,6297,4838,false,6
44,0.1,8475,4838,false,6
44,0.1,6624,4838,false,6
44,0.1,4956,4838,false,7
44,0.1,957,4838,false,7
44,0.1,4621,4838,false,7
44,0.1,6862,4838,false,5
44,0.1,3541,4838,false,6
44,0.1,333,4838,false,6
44,0.1,175,4838,false,6
44,0.1,7718,4838,false,7
44,0.1,9862,4838,false,7
44,0.14384498882876628,8018,4838,false,7
44,0.14384498882876628,1757,4838,false,6
44,0.14384498882876628,1742,4838,false,7
44,0.14384498882876628,8199,4838,false,7
44,0.14384498882876628,9815,4838,false,7
44,0.14384498882876628,7907,4838,false,7
44,0.14384498882876628,7248,4838,false,7
44,0.14384498882876628,1504,4838,false,8
44,0.14384498882876628,5393,4838,false,8
44,0.14384498882876628,9477,4838,false,7
44,0.14384498882876628,1052,4838,false,7
44,0.14384498882876628,7092,4838,false,7
44,0.14384498882876628,1393,4838,false,7
44,0.14384498882876628,1738,4838,false,6
44,0.14384498882876628,9073,4838,false,8
44,0.14384498882876628,9036,4838,false,7
44,0.14384498882876628,2396,4838,false,7
44,0.14384498882876628,5323,4838,false,8
44,0.14384498882876628,8218,4838,false,7
44,0.14384498882876628,7019,4838,false,7
44,0.14384498882876628,9885,4838,false,7
44,0.14384498882876628,7445,4838,false,8
44,0.14384498882876628,2336,4838,false,7
44,0.14384498882876628,7353,4838,false,7
44,0.14384498882876628,4001,4838,false,6
44,0.14384498882876628,9054,4838,false,7
44,0.14384498882876628,7823,4838,false,7
44,0.14384498882876628,3895,4838,false,7
44,0.14384498882876628,9658,4838,false,7
44,0.14384498882876628,6220,4838,false,8
44,0.14384498882876628,506,4838,false,7
44,0.14384498882876628,188,4838,false,7
44,0.14384498882876628,401,4838,false,5
44,0.14384498882876628,1163,4838,false,8
44,0.14384498882876628,7859,4838,false,7
44,0.14384498882876628,1122,4838,false,6
44,0.14384498882876628,8009,4838,false,6
44,0.14384498882876628,1592,4838,false,5
44,0.14384498882876628,6501,4838,false,7
44,0.14384498882876628,9600,4838,false,7
44,0.14384498882876628,3500,4838,false,6
44,0.14384498882876628,2946,4838,false,6
44,0.14384498882876628,7093,4838,false,7
44,0.14384498882876628,778,4838,false,7
44,0.14384498882876628,5433,4838,false,8
44,0.14384498882876628,1307,4838,false,6
44,0.14384498882876628,7894,4838,false,7
44,0.14384498882876628,7692,4838,false,7
44,0.14384498882876628,2777,4838,false,5
44,0.14384498882876628,7743,4838,false,7
44,0.14384498882876628,9396,4838,false,8
44,0.14384498882876628,6740,4838,false,7
44,0.14384498882876628,1819,4838,false,8
44,0.14384498882876628,8068,4838,false,7
44,0.14384498882876628,1015,4838,false,6
44,0.14384498882876628,1174,4838,false,7
44,0.14384498882876628,6021,4838,false,7
44,0.14384498882876628,4202,4838,false,6
44,0.14384498882876628,1593,4838,false,6
44,0.14384498882876628,5056,4838,false,6
44,0.14384498882876628,439,4838,false,6
44,0.14384498882876628,7554,4838,false,8
44,0.14384498882876628,4637,4838,false,6
44,0.14384498882876628,3030,4838,false,7
44,0.14384498882876628,1459,4838,false,6
44,0.14384498882876628,6450,4838,false,7
44,0.14384498882876628,2842,4838,false,7
44,0.14384498882876628,3153,4838,false,6
44,0.14384498882876628,3345,4838,false,6
44,0.14384498882876628,1897,4838,false,7
44,0.14384498882876628,9909,4838,false,7
44,0.14384498882876628,999,4838,false,6
44,0.14384498882876628,5124,4838,false,7
44,0.14384498882876628,4382,4838,false,7
44,0.14384498882876628,1044,4838,false,7
44,0.14384498882876628,4833,4838,false,7
44,0.14384498882876628,2877,4838,false,6
44,0.14384498882876628,735,4838,false,6
44,0.14384498882876628,727,4838,false,7
44,0.14384498882876628,6981,4838,false,7
44,0.14384498882876628,9209,4838,false,7
44,0.14384498882876628,4974,4838,false,7
44,0.14384498882876628,7152,4838,false,8
44,0.14384498882876628,7367,4838,false,8
44,0.14384498882876628,1700,4838,false,7
44,0.14384498882876628,7301,4838,false,7
44,0.14384498882876628,7096,4838,false,6
44,0.14384498882876628,1364,4838,false,7
44,0.14384498882876628,6297,4838,false,7
44,0.14384498882876628,8475,4838,false,7
44,0.14384498882876628,6624,4838,false,7
44,0.14384498882876628,4956,4838,false,8
44,0.14384498882876628,957,4838,false,8
44,0.14384498882876628,4621,4838,false,8
44,0.14384498882876628,6862,4838,false,6
44,0.14384498882876628,3541,4838,false,7
44,0.14384498882876628,333,4838,false,7
44,0.14384498882876628,175,4838,false,6
44,0.14384498882876628,7718,4838,false,8
44,0.14384498882876628,9862,4838,false,8
44,0.20691380811147897,8018,4838,false,8
44,0.20691380811147897,1757,4838,false,7
44,0.20691380811147897,1742,4838,false,8
44,0.20691380811147897,8199,4838,false,7
44,0.20691380811147897,9815,4838,false,8
44,0.20691380811147897,7907,4838,false,8
44,0.20691380811147897,7248,4838,false,8
44,0.20691380811147897,1504,4838,false,9
44,0.20691380811147897,5393,4838,false,9
44,0.20691380811147897,9477,4838,false,8
44,0.20691380811147897,1052,4838,false,8
44,0.20691380811147897,7092,4838,false,8
44,0.20691380811147897,1393,4838,false,7
44,0.20691380811147897,1738,4838,false,7
44,0.20691380811147897,9073,4838,false,9
44,0.20691380811147897,9036,4838,false,9
44,0.20691380811147897,2396,4838,false,8
44,0.20691380811147897,5323,4838,false,9
44,0.20691380811147897,8218,4838,false,9
44,0.20691380811147897,7019,4838,false,8
44,0.20691380811147897,9885,4838,false,8
44,0.20691380811147897,7445,4838,false,9
44,0.20691380811147897,2336,4838,false,7
44,0.20691380811147897,7353,4838,false,8
44,0.20691380811147897,4001,4838,false,7
44,0.20691380811147897,9054,4838,false,8
44,0.20691380811147897,7823,4838,false,9
44,0.20691380811147897,3895,4838,false,8
44,0.20691380811147897,9658,4838,false,8
44,0.20691380811147897,6220,4838,false,9
44,0.20691380811147897,506,4838,false,8
44,0.20691380811147897,188,4838,false,8
44,0.20691380811147897,401,4838,false,5
44,0.20691380811147897,1163,4838,false,9
44,0.20691380811147897,7859,4838,false,8
44,0.20691380811147897,1122,4838,false,7
44,0.20691380811147897,8009,4838,false,7
44,0.20691380811147897,1592,4838,false,6
44,0.20691380811147897,6501,4838,false,8
44,0.20691380811147897,9600,4838,false,8
44,0.20691380811147897,3500,4838,false,7
44,0.20691380811147897,2946,4838,false,6
44,0.20691380811147897,7093,4838,false,9
44,0.20691380811147897,778,4838,false,9
44,0.20691380811147897,5433,4838,false,9
44,0.20691380811147897,1307,4838,false,6
44,0.20691380811147897,7894,4838,false,7
44,0.20691380811147897,7692,4838,false,8
44,0.20691380811147897,2777,4838,false,5
44,0.20691380811147897,7743,4838,false,8
44,0.20691380811147897,9396,4838,false,9
44,0.20691380811147897,6740,4838,false,7
44,0.20691380811147897,1819,4838,false,9
44,0.20691380811147897,8068,4838,false,8
44,0.20691380811147897,1015,4838,false,7
44,0.20691380811147897,1174,4838,false,8
44,0.20691380811147897,6021,4838,false,8
44,0.20691380811147897,4202,4838,false,7
44,0.20691380811147897,1593,4838,false,7
44,0.20691380811147897,5056,4838,false,7
44,0.20691380811147897,439,4838,false,7
44,0.20691380811147897,7554,4838,false,9
44,0.20691380811147897,4637,4838,false,7
44,0.20691380811147897,3030,4838,false,9
44,0.20691380811147897,1459,4838,false,7
44,0.20691380811147897,6450,4838,false,8
44,0.20691380811147897,2842,4838,false,8
44,0.20691380811147897,3153,4838,false,7
44,0.20691380811147897,3345,4838,false,7
44,0.20691380811147897,1897,4838,false,8
44,0.20691380811147897,9909,4838,false,8
44,0.20691380811147897,999,4838,false,7
44,0.20691380811147897,5124,4838,false,8
44,0.20691380811147897,4382,4838,false,8
44,0.20691380811147897,1044,4838,false,8
44,0.20691380811147897,4833,4838,false,8
44,0.20691380811147897,2877,4838,false,7
44,0.20691380811147897,735,4838,false,7
44,0.20691380811147897,727,4838,false,8
44,0.20691380811147897,6981,4838,false,8
44,0.20691380811147897,9209,4838,false,8
44,0.20691380811147897,4974,4838,false,8
44,0.20691380811147897,7152,4838,false,9
44,0.20691380811147897,7367,4838,false,9
44,0.20691380811147897,1700,4838,false,8
44,0.20691380811147897,7301,4838,false,8
44,0.20691380811147897,7096,4838,false,7
44,0.20691380811147897,1364,4838,false,8
44,0.20691380811147897,6297,4838,false,8
44,0.20691380811147897,8475,4838,false,9
44,0.20691380811147897,6624,4838,false,8
44,0.20691380811147897,4956,4838,false,9
44,0.20691380811147897,957,4838,false,9
44,0.20691380811147897,4621,4838,false,9
44,0.20691380811147897,6862,4838,false,7
44,0.20691380811147897,3541,4838,false,8
44,0.20691380811147897,333,4838,false,8
44,0.20691380811147897,175,4838,false,7
44,0.20691380811147897,7718,4838,false,9
44,0.20691380811147897,9862,4838,false,9
44,0.29763514416313175,8018,2799,false,9
44,0.29763514416313175,1757,2799,false,7
44,0.29763514416313175,1742,2799,false,9
44,0.29763514416313175,8199,2799,false,8
44,0.29763514416313175,9815,2799,false,9
44,0.29763514416313175,7907,2799,false,9
44,0.29763514416313175,7248,2799,false,9
44,0.29763514416313175,1504,2799,false,10
44,0.29763514416313175,5393,2799,false,10
44,0.29763514416313175,9477,2799,false,9
44,0.29763514416313175,1052,2799,false,10
44,0.29763514416313175,7092,2799,false,9
44,0.29763514416313175,1393,2799,false,8
44,0.29763514416313175,1738,2799,false,8
44,0.29763514416313175,9073,2799,false,10
44,0.29763514416313175,9036,2799,false,10
44,0.29763514416313175,2396,2799,false,9
44,0.29763514416313175,5323,2799,false,10
44,0.29763514416313175,8218,2799,false,10
44,0.29763514416313175,7019,2799,false,9
44,0.29763514416313175,9885,2799,false,9
44,0.29763514416313175,7445,2799,false,10
44,0.29763514416313175,2336,2799,false,8
44,0.29763514416313175,7353,2799,false,9
44,0.29763514416313175,4001,2799,false,8
44,0.29763514416313175,9054,2799,false,9
44,0.29763514416313175,7823,2799,false,10
44,0.29763514416313175,3895,2799,false,9
44,0.29763514416313175,9658,2799,false,9
44,0.29763514416313175,6220,2799,false,10
44,0.29763514416313175,506,2799,false,9
44,0.29763514416313175,188,2799,false,9
44,0.29763514416313175,401,2799,false,7
44,0.29763514416313175,1163,2799,false,10
44,0.29763514416313175,7859,2799,false,9
44,0.29763514416313175,1122,2799,false,7
44,0.29763514416313175,8009,2799,false,8
44,0.29763514416313175,1592,2799,false,8
44,0.29763514416313175,6501,2799,false,9
44,0.29763514416313175,9600,2799,false,9
44,0.29763514416313175,3500,2799,false,7
44,0.29763514416313175,2946,2799,false,6
44,0.29763514416313175,7093,2799,false,10
44,0.29763514416313175,778,2799,false,10
44,0.29763514416313175,5433,2799,false,10
44,0.29763514416313175,1307,2799,false,6
44,0.29763514416313175,7894,2799,false,8
44,0.29763514416313175,7692,2799,false,9
44,0.29763514416313175,2777,2799,false,7
44,0.29763514416313175,7743,2799,false,9
44,0.29763514416313175,9396,2799,false,10
44,0.29763514416313175,6740,2799,false,8
44,0.29763514416313175,1819,2799,false,10
44,0.29763514416313175,8068,2799,false,9
44,0.29763514416313175,1015,2799,false,8
44,0.29763514416313175,1174,2799,false,9
44,0.29763514416313175,6021,2799,false,9
44,0.29763514416313175,4202,2799,false,8
44,0.29763514416313175,1593,2799,false,8
44,0.29763514416313175,5056,2799,false,8
44,0.29763514416313175,439,2799,false,8
44,0.29763514416313175,7554,2799,false,10
44,0.29763514416313175,4637,2799,false,9
44,0.29763514416313175,3030,2799,false,10
44,0.29763514416313175,1459,2799,false,8
44,0.29763514416313175,6450,2799,false,9
44,0.29763514416313175,2842,2799,false,9
44,0.29763514416313175,3153,2799,false,7
44,0.29763514416313175,3345,2799,false,7
44,0.29763514416313175,1897,2799,false,9
44,0.29763514416313175,9909,2799,false,9
44,0.29763514416313175,999,2799,false,6
44,0.29763514416313175,5124,2799,false,9
44,0.29763514416313175,4382,2799,false,9
44,0.29763514416313175,1044,2799,false,9
44,0.29763514416313175,4833,2799,false,9
44,0.29763514416313175,2877,2799,false,7
44,0.29763514416313175,735,2799,false,8
44,0.29763514416313175,727,2799,false,10
44,0.29763514416313175,6981,2799,false,8
44,0.29763514416313175,9209,2799,false,9
44,0.29763514416313175,4974,2799,false,9
44,0.29763514416313175,7152,2799,false,10
44,0.29763514416313175,7367,2799,false,10
44,0.29763514416313175,1700,2799,false,9
44,0.29763514416313175,7301,2799,false,9
44,0.29763514416313175,7096,2799,false,8
44,0.29763514416313175,1364,2799,false,9
44,0.29763514416313175,6297,2799,false,9
44,0.29763514416313175,8475,2799,false,10
44,0.29763514416313175,6624,2799,false,9
44,0.29763514416313175,4956,2799,false,10
44,0.29763514416313175,957,2799,false,10
44,0.29763514416313175,4621,2799,false,10
44,0.29763514416313175,6862,2799,false,7
44,0.29763514416313175,3541,2799,false,9
44,0.29763514416313175,333,2799,false,9
44,0.29763514416313175,175,2799,false,8
44,0.29763514416313175,7718,2799,false,10
44,0.29763514416313175,9862,2799,false,10
44,0.42813323987193935,8018,2799,false,10
44,0.42813323987193935,1757,2799,false,8
44,0.42813323987193935,1742,2799,false,9
44,0.42813323987193935,8199,2799,false,9
44,0.42813323987193935,9815,2799,false,10
44,0.42813323987193935,7907,2799,false,10
44,0.42813323987193935,7248,2799,false,10
44,0.42813323987193935,1504,2799,false,10
44,0.42813323987193935,5393,2799,false,10
44,0.42813323987193935,9477,2799,false,10
44,0.42813323987193935,1052,2799,false,10
44,0.42813323987193935,7092,2799,false,9
44,0.42813323987193935,1393,2799,false,9
44,0.42813323987193935,1738,2799,false,8
44,0.42813323987193935,9073,2799,false,10
44,0.42813323987193935,9036,2799,false,10
44,0.42813323987193935,2396,2799,false,10
44,0.42813323987193935,5323,2799,false,10
44,0.42813323987193935,8218,2799,false,10
44,0.42813323987193935,7019,2799,false,9
44,0.42813323987193935,9885,2799,false,10
44,0.42813323987193935,7445,2799,false,10
44,0.42813323987193935,2336,2799,false,9
44,0.42813323987193935,7353,2799,false,10
44,0.42813323987193935,4001,2799,false,6
44,0.42813323987193935,9054,2799,false,10
44,0.42813323987193935,7823,2799,false,10
44,0.42813323987193935,3895,2799,false,10
44,0.42813323987193935,9658,2799,false,9
44,0.42813323987193935,6220,2799,false,10
44,0.42813323987193935,506,2799,false,10
44,0.42813323987193935,188,2799,false,10
44,0.42813323987193935,401,2799,false,9
44,0.42813323987193935,1163,2799,false,10
44,0.42813323987193935,7859,2799,false,10
44,0.42813323987193935,1122,2799,false,7
44,0.42813323987193935,8009,2799,false,9
44,0.42813323987193935,1592,2799,false,9
44,0.42813323987193935,6501,2799,false,10
44,0.42813323987193935,9600,2799,false,10
44,0.42813323987193935,3500,2799,false,6
44,0.42813323987193935,2946,2799,false,8
44,0.42813323987193935,7093,2799,false,10
44,0.42813323987193935,778,2799,false,10
44,0.42813323987193935,5433,2799,false,10
44,0.42813323987193935,1307,2799,false,9
44,0.42813323987193935,7894,2799,false,9
44,0.42813323987193935,7692,2799,false,10
44,0.42813323987193935,2777,2799,false,9
44,0.42813323987193935,7743,2799,false,10
44,0.42813323987193935,9396,2799,false,10
44,0.42813323987193935,6740,2799,false,9
44,0.42813323987193935,1819,2799,false,10
44,0.42813323987193935,8068,2799,false,9
44,0.42813323987193935,1015,2799,false,8
44,0.42813323987193935,1174,2799,false,9
44,0.42813323987193935,6021,2799,false,9
44,0.42813323987193935,4202,2799,false,8
44,0.42813323987193935,1593,2799,false,10
44,0.42813323987193935,5056,2799,false,8
44,0.42813323987193935,439,2799,false,8
44,0.42813323987193935,7554,2799,false,10
44,0.42813323987193935,4637,2799,false,10
44,0.42813323987193935,3030,2799,false,10
44,0.42813323987193935,1459,2799,false,8
44,0.42813323987193935,6450,2799,false,10
44,0.42813323987193935,2842,2799,false,9
44,0.42813323987193935,3153,2799,false,8
44,0.42813323987193935,3345,2799,false,7
44,0.42813323987193935,1897,2799,false,9
44,0.42813323987193935,9909,2799,false,10
44,0.42813323987193935,999,2799,false,8
44,0.42813323987193935,5124,2799,false,9
44,0.42813323987193935,4382,2799,false,10
44,0.42813323987193935,1044,2799,false,10
44,0.42813323987193935,4833,2799,false,9
44,0.42813323987193935,2877,2799,false,7
44,0.42813323987193935,735,2799,false,10
44,0.42813323987193935,727,2799,false,10
44,0.42813323987193935,6981,2799,false,9
44,0.42813323987193935,9209,2799,false,10
44,0.42813323987193935,4974,2799,false,10
44,0.42813323987193935,7152,2799,false,10
44,0.42813323987193935,7367,2799,false,10
44,0.42813323987193935,1700,2799,false,9
44,0.42813323987193935,7301,2799,false,10
44,0.42813323987193935,7096,2799,false,6
44,0.42813323987193935,1364,2799,false,10
44,0.42813323987193935,6297,2799,false,10
44,0.42813323987193935,8475,2799,false,10
44,0.42813323987193935,6624,2799,false,10
44,0.42813323987193935,4956,2799,false,10
44,0.42813323987193935,957,2799,false,10
44,0.42813323987193935,4621,2799,false,10
44,0.42813323987193935,6862,2799,false,6
44,0.42813323987193935,3541,2799,false,9
44,0.42813323987193935,333,2799,false,10
44,0.42813323987193935,175,2799,false,9
44,0.42813323987193935,7718,2799,false,10
44,0.42813323987193935,9862,2799,false,10
44,0.6158482110660264,8018,2799,false,10
44,0.6158482110660264,1757,2799,false,9
44,0.6158482110660264,1742,2799,false,9
44,0.6158482110660264,8199,2799,false,9
44,0.6158482110660264,9815,2799,false,10
44,0.6158482110660264,7907,2799,false,10
44,0.6158482110660264,7248,2799,false,10
44,0.6158482110660264,1504,2799,false,10
44,0.6158482110660264,5393,2799,false,10
44,0.6158482110660264,9477,2799,false,10
44,0.6158482110660264,1052,2799,false,10
44,0.6158482110660264,7092,2799,false,9
44,0.6158482110660264,1393,2799,false,9
44,0.6158482110660264,1738,2799,false,8
44,0.6158482110660264,9073,2799,false,10
44,0.6158482110660264,9036,2799,false,10
44,0.6158482110660264,2396,2799,false,10
44,0.6158482110660264,5323,2799,false,10
44,0.6158482110660264,8218,2799,false,10
44,0.6158482110660264,7019,2799,false,9
44,0.6158482110660264,9885,2799,false,10
44,0.6158482110660264,7445,2799,false,10
44,0.6158482110660264,2336,2799,false,8
44,0.6158482110660264,7353,2799,false,10
44,0.6158482110660264,4001,2799,false,9
44,0.6158482110660264,9054,2799,false,10
44,0.6158482110660264,7823,2799,false,10
44,0.6158482110660264,3895,2799,false,10
44,0.6158482110660264,9658,2799,false,9
44,0.6158482110660264,6220,2799,false,10
44,0.6158482110660264,506,2799,false,10
44,0.6158482110660264,188,2799,false,10
44,0.6158482110660264,401,2799,false,10
44,0.6158482110660264,1163,2799,false,10
44,0.6158482110660264,7859,2799,false,10
44,0.6158482110660264,1122,2799,false,9
44,0.6158482110660264,8009,2799,false,8
44,0.6158482110660264,1592,2799,false,10
44,0.6158482110660264,6501,2799,false,10
44,0.6158482110660264,9600,2799,false,10
44,0.6158482110660264,3500,2799,false,9
44,0.6158482110660264,2946,2799,false,10
44,0.6158482110660264,7093,2799,false,10
44,0.6158482110660264,778,2799,false,10
44,0.6158482110660264,5433,2799,false,10
44,0.6158482110660264,1307,2799,false,10
44,0.6158482110660264,7894,2799,false,9
44,0.6158482110660264,7692,2799,false,10
44,0.6158482110660264,2777,2799,false,10
44,0.6158482110660264,7743,2799,false,10
44,0.6158482110660264,9396,2799,false,10
44,0.6158482110660264,6740,2799,false,8
44,0.6158482110660264,1819,2799,false,10
44,0.6158482110660264,8068,2799,false,9
44,0.6158482110660264,1015,2799,false,7
44,0.6158482110660264,1174,2799,false,9
44,0.6158482110660264,6021,2799,false,9
44,0.6158482110660264,4202,2799,false,8
44,0.6158482110660264,1593,2799,false,10
44,0.6158482110660264,5056,2799,false,8
44,0.6158482110660264,439,2799,false,5
44,0.6158482110660264,7554,2799,false,10
44,0.6158482110660264,4637,2799,false,10
44,0.6158482110660264,3030,2799,false,10
44,0.6158482110660264,1459,2799,false,8
44,0.6158482110660264,6450,2799,false,10
44,0.6158482110660264,2842,2799,false,9
44,0.6158482110660264,3153,2799,false,9
44,0.6158482110660264,3345,2799,false,9
44,0.6158482110660264,1897,2799,false,9
44,0.6158482110660264,9909,2799,false,10
44,0.6158482110660264,999,2799,false,9
44,0.6158482110660264,5124,2799,false,9
44,0.6158482110660264,4382,2799,false,10
44,0.6158482110660264,1044,2799,false,10
44,0.6158482110660264,4833,2799,false,9
44,0.6158482110660264,2877,2799,false,9
44,0.6158482110660264,735,2799,false,10
44,0.6158482110660264,727,2799,false,10
44,0.6158482110660264,6981,2799,false,9
44,0.6158482110660264,9209,2799,false,10
44,0.6158482110660264,4974,2799,false,10
44,0.6158482110660264,7152,2799,false,10
44,0.6158482110660264,7367,2799,false,10
44,0.6158482110660264,1700,2799,false,9
44,0.6158482110660264,7301,2799,false,10
44,0.6158482110660264,7096,2799,false,9
44,0.6158482110660264,1364,2799,false,10
44,0.6158482110660264,6297,2799,false,10
44,0.6158482110660264,8475,2799,false,10
44,0.6158482110660264,6624,2799,false,10
44,0.6158482110660264,4956,2799,false,10
44,0.6158482110660264,957,2799,false,10
44,0.6158482110660264,4621,2799,false,10
44,0.6158482110660264,6862,2799,false,9
44,0.6158482110660264,3541,2799,false,9
44,0.6158482110660264,333,2799,false,10
44,0.6158482110660264,175,2799,false,7
44,0.6158482110660264,7718,2799,false,10
44,0.6158482110660264,9862,2799,false,10
44,0.8858667904100825,8018,2799,false,10
44,0.8858667904100825,1757,2799,false,10
44,0.8858667904100825,1742,2799,false,8
44,0.8858667904100825,8199,2799,false,6
44,0.8858667904100825,9815,2799,false,10
44,0.8858667904100825,7907,2799,false,10
44,0.8858667904100825,7248,2799,false,9
44,0.8858667904100825,1504,2799,false,10
44,0.8858667904100825,5393,2799,false,10
44,0.8858667904100825,9477,2799,false,10
44,0.8858667904100825,1052,2799,false,10
44,0.8858667904100825,7092,2799,false,8
44,0.8858667904100825,1393,2799,false,6
44,0.8858667904100825,1738,2799,false,9
44,0.8858667904100825,9073,2799,false,10
44,0.8858667904100825,9036,2799,false,10
44,0.8858667904100825,2396,2799,false,9
44,0.8858667904100825,5323,2799,false,10
44,0.8858667904100825,8218,2799,false,10
44,0.8858667904100825,7019,2799,false,9
44,0.8858667904100825,9885,2799,false,9
44,0.8858667904100825,7445,2799,false,10
44,0.8858667904100825,2336,2799,false,8
44,0.8858667904100825,7353,2799,false,10
44,0.8858667904100825,4001,2799,false,10
44,0.8858667904100825,9054,2799,false,10
44,0.8858667904100825,7823,2799,false,10
44,0.8858667904100825,3895,2799,false,10
44,0.8858667904100825,9658,2799,false,9
44,0.8858667904100825,6220,2799,false,10
44,0.8858667904100825,506,2799,false,10
44,0.8858667904100825,188,2799,false,10
44,0.8858667904100825,401,2799,false,10
44,0.8858667904100825,1163,2799,false,10
44,0.8858667904100825,7859,2799,false,10
44,0.8858667904100825,1122,2799,false,10
44,0.8858667904100825,8009,2799,false,8
44,0.8858667904100825,1592,2799,false,10
44,0.8858667904100825,6501,2799,false,10
44,0.8858667904100825,9600,2799,false,10
44,0.8858667904100825,3500,2799,false,10
44,0.8858667904100825,2946,2799,false,10
44,0.8858667904100825,7093,2799,false,10
44,0.8858667904100825,778,2799,false,10
44,0.8858667904100825,5433,2799,false,10
44,0.8858667904100825,1307,2799,false,10
44,0.8858667904100825,7894,2799,false,5
44,0.8858667904100825,7692,2799,false,10
44,0.8858667904100825,2777,2799,false,10
44,0.8858667904100825,7743,2799,false,9
44,0.8858667904100825,9396,2799,false,10
44,0.8858667904100825,6740,2799,false,8
44,0.8858667904100825,1819,2799,false,10
44,0.8858667904100825,8068,2799,false,9
44,0.8858667904100825,1015,2799,false,9
44,0.8858667904100825,1174,2799,false,9
44,0.8858667904100825,6021,2799,false,8
44,0.8858667904100825,4202,2799,false,9
44,0.8858667904100825,1593,2799,false,10
44,0.8858667904100825,5056,2799,false,9
44,0.8858667904100825,439,2799,false,9
44,0.8858667904100825,7554,2799,false,10
44,0.8858667904100825,4637,2799,false,10
44,0.8858667904100825,3030,2799,false,10
44,0.8858667904100825,1459,2799,false,9
44,0.8858667904100825,6450,2799,false,10
44,0.8858667904100825,2842,2799,false,8
44,0.8858667904100825,3153,2799,false,10
44,0.8858667904100825,3345,2799,false,10
44,0.8858667904100825,1897,2799,false,8
44,0.8858667904100825,9909,2799,false,10
44,0.8858667904100825,999,2799,false,10
44,0.8858667904100825,5124,2799,false,8
44,0.8858667904100825,4382,2799,false,10
44,0.8858667904100825,1044,2799,false,10
44,0.8858667904100825,4833,2799,false,8
44,0.8858667904100825,2877,2799,false,10
44,0.8858667904100825,735,2799,false,10
44,0.8858667904100825,727,2799,false,10
44,0.8858667904100825,6981,2799,false,7
44,0.8858667904100825,9209,2799,false,10
44,0.8858667904100825,4974,2799,false,10
44,0.8858667904100825,7152,2799,false,10
44,0.8858667904100825,7367,2799,false,10
44,0.8858667904100825,1700,2799,false,9
44,0.8858667904100825,7301,2799,false,10
44,0.8858667904100825,7096,2799,false,10
44,0.8858667904100825,1364,2799,false,10
44,0.8858667904100825,6297,2799,false,10
44,0.8858667904100825,8475,2799,false,10
44,0.8858667904100825,6624,2799,false,9
44,0.8858667904100825,4956,2799,false,10
44,0.8858667904100825,957,2799,false,10
44,0.8858667904100825,4621,2799,false,10
44,0.8858667904100825,6862,2799,false,10
44,0.8858667904100825,3541,2799,false,8
44,0.8858667904100825,333,2799,false,10
44,0.8858667904100825,175,2799,false,9
44,0.8858667904100825,7718,2799,false,10
44,0.8858667904100825,9862,2799,false,10
44,1.2742749857031335,8018,2799,false,9
44,1.2742749857031335,1757,2799,false,10
44,1.2742749857031335,1742,2799,false,6
44,1.2742749857031335,8199,2799,false,9
44,1.2742749857031335,9815,2799,false,9
44,1.2742749857031335,7907,2799,false,10
44,1.2742749857031335,7248,2799,false,9
44,1.2742749857031335,1504,7992,false,10
44,1.2742749857031335,5393,3655,false,10
44,1.2742749857031335,9477,2799,false,9
44,1.2742749857031335,1052,2799,false,10
44,1.2742749857031335,7092,2799,false,8
44,1.2742749857031335,1393,2799,false,9
44,1.2742749857031335,1738,2799,false,10
44,1.2742749857031335,9073,7992,false,10
44,1.2742749857031335,9036,2799,false,10
44,1.2742749857031335,2396,2799,false,8
44,1.2742749857031335,5323,7992,false,10
44,1.2742749857031335,8218,2799,false,10
44,1.2742749857031335,7019,2799,false,6
44,1.2742749857031335,9885,2799,false,8
44,1.2742749857031335,7445,3655,false,10
44,1.2742749857031335,2336,2799,false,9
44,1.2742749857031335,7353,2799,false,9
44,1.2742749857031335,4001,2799,false,10
44,1.2742749857031335,9054,2799,false,9
44,1.2742749857031335,7823,2799,false,10
44,1.2742749857031335,3895,2799,false,9
44,1.2742749857031335,9658,2799,false,7
44,1.2742749857031335,6220,3655,false,10
44,1.2742749857031335,506,2799,false,10
44,1.2742749857031335,188,2799,false,10
44,1.2742749857031335,401,2799,false,10
44,1.2742749857031335,1163,3655,false,10
44,1.2742749857031335,7859,2799,false,9
44,1.2742749857031335,1122,2799,false,10
44,1.2742749857031335,8009,2799,false,9
44,1.2742749857031335,1592,2799,false,10
44,1.2742749857031335,6501,2799,false,9
44,1.2742749857031335,9600,2799,false,9
44,1.2742749857031335,3500,2799,false,10
44,1.2742749857031335,2946,2799,false,10
44,1.2742749857031335,7093,2799,false,10
44,1.2742749857031335,778,2799,false,10
44,1.2742749857031335,5433,7992,false,10
44,1.2742749857031335,1307,2799,false,10
44,1.2742749857031335,7894,2799,false,9
44,1.2742749857031335,7692,2799,false,9
44,1.2742749857031335,2777,2799,false,10
44,1.2742749857031335,7743,2799,false,9
44,1.2742749857031335,9396,3655,false,10
44,1.2742749857031335,6740,2799,false,9
44,1.2742749857031335,1819,6435,false,10
44,1.2742749857031335,8068,2799,false,7
44,1.2742749857031335,1015,2799,false,10
44,1.2742749857031335,1174,2799,false,7
44,1.2742749857031335,6021,2799,false,7
44,1.2742749857031335,4202,2799,false,10
44,1.2742749857031335,1593,2799,false,10
44,1.2742749857031335,5056,2799,false,10
44,1.2742749857031335,439,2799,false,9
44,1.2742749857031335,7554,3655,false,10
44,1.2742749857031335,4637,2799,false,10
44,1.2742749857031335,3030,2799,false,10
44,1.2742749857031335,1459,2799,false,10
44,1.2742749857031335,6450,2799,false,9
44,1.2742749857031335,2842,2799,false,7
44,1.2742749857031335,3153,2799,false,10
44,1.2742749857031335,3345,2799,false,10
44,1.2742749857031335,1897,2799,false,7
44,1.2742749857031335,9909,2799,false,9
44,1.2742749857031335,999,2799,false,10
44,1.2742749857031335,5124,2799,false,7
44,1.2742749857031335,4382,2799,false,9
44,1.2742749857031335,1044,2799,false,9
44,1.2742749857031335,4833,2799,false,8
44,1.2742749857031335,2877,2799,false,10
44,1.2742749857031335,735,2799,false,10
44,1.2742749857031335,727,2799,false,10
44,1.2742749857031335,6981,2799,false,8
44,1.2742749857031335,9209,2799,false,9
44,1.2742749857031335,4974,2799,false,9
44,1.2742749857031335,7152,7992,false,10
44,1.2742749857031335,7367,6435,false,10
44,1.2742749857031335,1700,2799,false,6
44,1.2742749857031335,7301,2799,false,9
44,1.2742749857031335,7096,2799,false,10
44,1.2742749857031335,1364,2799,false,10
44,1.2742749857031335,6297,2799,false,9
44,1.2742749857031335,8475,2799,false,10
44,1.2742749857031335,6624,2799,false,9
44,1.2742749857031335,4956,4838,false,10
44,1.2742749857031335,957,4643,false,10
44,1.2742749857031335,4621,7992,false,10
44,1.2742749857031335,6862,2799,false,10
44,1.2742749857031335,3541,2799,false,8
44,1.2742749857031335,333,2799,false,9
44,1.2742749857031335,175,2799,false,9
44,1.2742749857031335,7718,7992,false,10
44,1.2742749857031335,9862,7992,false,10
44,1.8329807108324356,8018,6157,false,9
44,1.8329807108324356,1757,6157,false,10
44,1.8329807108324356,1742,6157,false,9
44,1.8329807108324356,8199,6157,false,9
44,1.8329807108324356,9815,6157,false,9
44,1.8329807108324356,7907,6157,false,10
44,1.8329807108324356,7248,6157,false,8
44,1.8329807108324356,1504,5214,false,10
44,1.8329807108324356,5393,5214,false,10
44,1.8329807108324356,9477,6157,false,9
44,1.8329807108324356,1052,6157,false,10
44,1.8329807108324356,7092,6157,false,9
44,1.8329807108324356,1393,6157,false,9
44,1.8329807108324356,1738,6157,false,10
44,1.8329807108324356,9073,5214,false,10
44,1.8329807108324356,9036,5214,false,10
44,1.8329807108324356,2396,6157,false,6
44,1.8329807108324356,5323,5214,false,10
44,1.8329807108324356,8218,5214,false,10
44,1.8329807108324356,7019,6157,false,9
44,1.8329807108324356,9885,6157,false,6
44,1.8329807108324356,7445,5214,false,10
44,1.8329807108324356,2336,6157,false,10
44,1.8329807108324356,7353,6157,false,9
44,1.8329807108324356,4001,6157,false,10
44,1.8329807108324356,9054,6157,false,9
44,1.8329807108324356,7823,5214,false,10
44,1.8329807108324356,3895,6157,false,9
44,1.8329807108324356,9658,6157,false,8
44,1.8329807108324356,6220,5214,false,10
44,1.8329807108324356,506,6157,false,10
44,1.8329807108324356,188,6157,false,10
44,1.8329807108324356,401,6157,false,10
44,1.8329807108324356,1163,5214,false,10
44,1.8329807108324356,7859,6157,false,9
44,1.8329807108324356,1122,6157,false,10
44,1.8329807108324356,8009,6157,false,10
44,1.8329807108324356,1592,6157,false,10
44,1.8329807108324356,6501,6157,false,9
44,1.8329807108324356,9600,6157,false,9
44,1.8329807108324356,3500,6157,false,10
44,1.8329807108324356,2946,6157,false,10
44,1.8329807108324356,7093,3655,false,10
44,1.8329807108324356,778,5214,false,10
44,1.8329807108324356,5433,5214,false,10
44,1.8329807108324356,1307,6157,false,10
44,1.8329807108324356,7894,6157,false,9
44,1.8329807108324356,7692,6157,false,9
44,1.8329807108324356,2777,6157,false,10
44,1.8329807108324356,7743,6157,false,7
44,1.8329807108324356,9396,5214,false,10
44,1.8329807108324356,6740,6157,false,10
44,1.8329807108324356,1819,5214,false,10
44,1.8329807108324356,8068,6157,false,8
44,1.8329807108324356,1015,6157,false,10
44,1.8329807108324356,1174,6157,false,8
44,1.8329807108324356,6021,6157,false,9
44,1.8329807108324356,4202,6157,false,10
44,1.8329807108324356,1593,6157,false,10
44,1.8329807108324356,5056,6157,false,10
44,1.8329807108324356,439,6157,false,10
44,1.8329807108324356,7554,5214,false,10
44,1.8329807108324356,4637,6157,false,10
44,1.8329807108324356,3030,7992,false,10
44,1.8329807108324356,1459,6157,false,10
44,1.8329807108324356,6450,6157,false,9
44,1.8329807108324356,2842,6157,false,9
44,1.8329807108324356,3153,6157,false,10
44,1.8329807108324356,3345,6157,false,10
44,1.8329807108324356,1897,6157,false,9
44,1.8329807108324356,9909,6157,false,9
44,1.8329807108324356,999,6157,false,10
44,1.8329807108324356,5124,6157,false,9
44,1.8329807108324356,4382,6157,false,9
44,1.8329807108324356,1044,6157,false,9
44,1.8329807108324356,4833,6157,false,9
44,1.8329807108324356,2877,6157,false,10
44,1.8329807108324356,735,6157,false,10
44,1.8329807108324356,727,6157,false,10
44,1.8329807108324356,6981,6157,false,9
44,1.8329807108324356,9209,6157,false,9
44,1.8329807108324356,4974,6157,false,9
44,1.8329807108324356,7152,5214,false,10
44,1.8329807108324356,7367,5214,false,10
44,1.8329807108324356,1700,6157,false,9
44,1.8329807108324356,7301,6157,false,9
44,1.8329807108324356,7096,6157,false,10
44,1.8329807108324356,1364,6157,false,10
44,1.8329807108324356,6297,6157,false,9
44,1.8329807108324356,8475,5214,false,10
44,1.8329807108324356,6624,6157,false,7
44,1.8329807108324356,4956,5214,false,10
44,1.8329807108324356,957,5214,false,7
44,1.8329807108324356,4621,5214,false,10
44,1.8329807108324356,6862,6157,false,10
44,1.8329807108324356,3541,6157,false,9
44,1.8329807108324356,333,6157,false,9
44,1.8329807108324356,175,6157,false,10
44,1.8329807108324356,7718,5214,false,10
44,1.8329807108324356,9862,5214,false,10
44,2.636650898730358,8018,6157,false,9
44,2.636650898730358,1757,6157,false,10
44,2.636650898730358,1742,6157,false,9
44,2.636650898730358,8199,6157,false,10
44,2.636650898730358,9815,6157,false,9
44,2.636650898730358,7907,6157,false,10
44,2.636650898730358,7248,6157,false,8
44,2.636650898730358,1504,8625,false,10
44,2.636650898730358,5393,8625,false,10
44,2.636650898730358,9477,6157,false,9
44,2.636650898730358,1052,2799,false,10
44,2.636650898730358,7092,6157,false,9
44,2.636650898730358,1393,6157,false,10
44,2.636650898730358,1738,6157,false,10
44,2.636650898730358,9073,8625,false,10
44,2.636650898730358,9036,8625,false,10
44,2.636650898730358,2396,6157,false,8
44,2.636650898730358,5323,8625,false,10
44,2.636650898730358,8218,8625,false,10
44,2.636650898730358,7019,6157,false,9
44,2.636650898730358,9885,6157,false,8
44,2.636650898730358,7445,8625,false,10
44,2.636650898730358,2336,6157,false,10
44,2.636650898730358,7353,6157,false,8
44,2.636650898730358,4001,6157,false,10
44,2.636650898730358,9054,6157,false,8
44,2.636650898730358,7823,8625,false,10
44,2.636650898730358,3895,6157,false,9
44,2.636650898730358,9658,6157,false,9
44,2.636650898730358,6220,8625,false,10
44,2.636650898730358,506,6157,false,10
44,2.636650898730358,188,6157,false,10
44,2.636650898730358,401,6157,false,10
44,2.636650898730358,1163,8625,false,10
44,2.636650898730358,7859,6157,false,9
44,2.636650898730358,1122,6157,false,10
44,2.636650898730358,8009,6157,false,10
44,2.636650898730358,1592,6157,false,10
44,2.636650898730358,6501,6157,false,9
44,2.636650898730358,9600,6157,false,9
44,2.636650898730358,3500,6157,false,10
44,2.636650898730358,2946,6157,false,10
44,2.636650898730358,7093,5214,false,10
44,2.636650898730358,778,8625,false,10
44,2.636650898730358,5433,8625,false,10
44,2.636650898730358,1307,6157,false,10
44,2.636650898730358,7894,6157,false,10
44,2.636650898730358,7692,6157,false,9
44,2.636650898730358,2777,6157,false,10
44,2.636650898730358,7743,6157,false,8
44,2.636650898730358,9396,8625,false,10
44,2.636650898730358,6740,6157,false,10
44,2.636650898730358,1819,8625,false,10
44,2.636650898730358,8068,6157,false,9
44,2.636650898730358,1015,6157,false,10
44,2.636650898730358,1174,6157,false,9
44,2.636650898730358,6021,6157,false,9
44,2.636650898730358,4202,6157,false,10
44,2.636650898730358,1593,6157,false,10
44,2.636650898730358,5056,6157,false,10
44,2.636650898730358,439,6157,false,10
44,2.636650898730358,7554,8625,false,10
44,2.636650898730358,4637,6157,false,10
44,2.636650898730358,3030,5214,false,10
44,2.636650898730358,1459,6157,false,10
44,2.636650898730358,6450,6157,false,9
44,2.636650898730358,2842,6157,false,9
44,2.636650898730358,3153,6157,false,10
44,2.636650898730358,3345,6157,false,10
44,2.636650898730358,1897,6157,false,9
44,2.636650898730358,9909,6157,false,9
44,2.636650898730358,999,6157,false,10
44,2.636650898730358,5124,6157,false,9
44,2.636650898730358,4382,6157,false,9
44,2.636650898730358,1044,6157,false,8
44,2.636650898730358,4833,6157,false,9
44,2.636650898730358,2877,6157,false,10
44,2.636650898730358,735,6157,false,10
44,2.636650898730358,727,6157,false,10
44,2.636650898730358,6981,6157,false,9
44,2.636650898730358,9209,6157,false,9
44,2.636650898730358,4974,6157,false,9
44,2.636650898730358,7152,8625,false,10
44,2.636650898730358,7367,8625,false,10
44,2.636650898730358,1700,6157,false,9
44,2.636650898730358,7301,6157,false,8
44,2.636650898730358,7096,6157,false,10
44,2.636650898730358,1364,6157,false,10
44,2.636650898730358,6297,6157,false,9
44,2.636650898730358,8475,8625,false,10
44,2.636650898730358,6624,6157,false,8
44,2.636650898730358,4956,8625,false,10
44,2.636650898730358,957,8625,false,10
44,2.636650898730358,4621,8625,false,10
44,2.636650898730358,6862,6157,false,10
44,2.636650898730358,3541,6157,false,9
44,2.636650898730358,333,6157,false,8
44,2.636650898730358,175,6157,false,10
44,2.636650898730358,7718,8625,false,10
44,2.636650898730358,9862,8625,false,10
44,3.79269019073225,8018,6157,false,8
44,3.79269019073225,1757,6157,false,10
44,3.79269019073225,1742,6157,false,9
44,3.79269019073225,8199,6157,false,9
44,3.79269019073225,9815,6157,false,8
44,3.79269019073225,7907,6157,false,10
44,3.79269019073225,7248,6157,false,8
44,3.79269019073225,1504,8625,false,10
44,3.79269019073225,5393,8625,false,10
44,3.79269019073225,9477,6157,false,8
44,3.79269019073225,1052,7992,false,10
44,3.79269019073225,7092,6157,false,9
44,3.79269019073225,1393,6157,false,9
44,3.79269019073225,1738,6157,false,10
44,3.79269019073225,9073,8625,false,10
44,3.79269019073225,9036,8625,false,10
44,3.79269019073225,2396,6157,false,8
44,3.79269019073225,5323,8625,false,10
44,3.79269019073225,8218,8625,false,10
44,3.79269019073225,7019,6157,false,9
44,3.79269019073225,9885,6157,false,8
44,3.79269019073225,7445,8625,false,10
44,3.79269019073225,2336,6157,false,9
44,3.79269019073225,7353,6157,false,8
44,3.79269019073225,4001,6157,false,10
44,3.79269019073225,9054,6157,false,7
44,3.79269019073225,7823,8625,false,10
44,3.79269019073225,3895,6157,false,8
44,3.79269019073225,9658,6157,false,9
44,3.79269019073225,6220,8625,false,10
44,3.79269019073225,506,6157,false,10
44,3.79269019073225,188,6157,false,10
44,3.79269019073225,401,6157,false,10
44,3.79269019073225,1163,8625,false,10
44,3.79269019073225,7859,6157,false,8
44,3.79269019073225,1122,6157,false,10
44,3.79269019073225,8009,6157,false,9
44,3.79269019073225,1592,6157,false,10
44,3.79269019073225,6501,6157,false,8
44,3.79269019073225,9600,6157,false,7
44,3.79269019073225,3500,6157,false,10
44,3.79269019073225,2946,6157,false,10
44,3.79269019073225,7093,8625,false,10
44,3.79269019073225,778,8625,false,10
44,3.79269019073225,5433,8625,false,10
44,3.79269019073225,1307,6157,false,10
44,3.79269019073225,7894,6157,false,9
44,3.79269019073225,7692,6157,false,8
44,3.79269019073225,2777,6157,false,10
44,3.79269019073225,7743,6157,false,8
44,3.79269019073225,9396,8625,false,10
44,3.79269019073225,6740,6157,false,9
44,3.79269019073225,1819,8625,false,10
44,3.79269019073225,8068,6157,false,9
44,3.79269019073225,1015,6157,false,10
44,3.79269019073225,1174,6157,false,9
44,3.79269019073225,6021,6157,false,9
44,3.79269019073225,4202,6157,false,10
44,3.79269019073225,1593,6157,false,10
44,3.79269019073225,5056,6157,false,10
44,3.79269019073225,439,6157,false,10
44,3.79269019073225,7554,8625,false,10
44,3.79269019073225,4637,6157,false,10
44,3.79269019073225,3030,8625,false,10
44,3.79269019073225,1459,6157,false,10
44,3.79269019073225,6450,6157,false,7
44,3.79269019073225,2842,6157,false,9
44,3.79269019073225,3153,6157,false,10
44,3.79269019073225,3345,6157,false,10
44,3.79269019073225,1897,6157,false,9
44,3.79269019073225,9909,6157,false,8
44,3.79269019073225,999,6157,false,10
44,3.79269019073225,5124,6157,false,9
44,3.79269019073225,4382,6157,false,8
44,3.79269019073225,1044,6157,false,8
44,3.79269019073225,4833,6157,false,9
44,3.79269019073225,2877,6157,false,10
44,3.79269019073225,735,6157,false,10
44,3.79269019073225,727,2799,false,10
44,3.79269019073225,6981,6157,false,9
44,3.79269019073225,9209,6157,false,8
44,3.79269019073225,4974,6157,false,8
44,3.79269019073225,7152,8625,false,10
44,3.79269019073225,7367,8625,false,10
44,3.79269019073225,1700,6157,false,9
44,3.79269019073225,7301,6157,false,8
44,3.79269019073225,7096,6157,false,10
44,3.79269019073225,1364,6157,false,10
44,3.79269019073225,6297,6157,false,8
44,3.79269019073225,8475,8625,false,10
44,3.79269019073225,6624,6157,false,8
44,3.79269019073225,4956,8625,false,10
44,3.79269019073225,957,8625,false,10
44,3.79269019073225,4621,8625,false,10
44,3.79269019073225,6862,6157,false,10
44,3.79269019073225,3541,6157,false,9
44,3.79269019073225,333,6157,false,8
44,3.79269019073225,175,6157,false,10
44,3.79269019073225,7718,8625,false,10
44,3.79269019073225,9862,8625,false,10
44,5.455594781168517,8018,6157,false,8
44,5.455594781168517,1757,6157,false,10
44,5.455594781168517,1742,6157,false,9
44,5.455594781168517,8199,6157,false,9
44,5.455594781168517,9815,6157,false,8
44,5.455594781168517,7907,6157,false,10
44,5.455594781168517,7248,6157,false,8
44,5.455594781168517,1504,9116,false,10
44,5.455594781168517,5393,9116,false,10
44,5.455594781168517,9477,6157,false,8
44,5.455594781168517,1052,7992,false,10
44,5.455594781168517,7092,6157,false,9
44,5.455594781168517,1393,6157,false,9
44,5.455594781168517,1738,6157,false,10
44,5.455594781168517,9073,9116,false,10
44,5.455594781168517,9036,9116,false,10
44,5.455594781168517,2396,6157,false,8
44,5.455594781168517,5323,9116,false,10
44,5.455594781168517,8218,9116,false,10
44,5.455594781168517,7019,6157,false,8
44,5.455594781168517,9885,6157,false,8
44,5.455594781168517,7445,9116,false,10
44,5.455594781168517,2336,6157,false,9
44,5.455594781168517,7353,6157,false,8
44,5.455594781168517,4001,6157,false,10
44,5.455594781168517,9054,6157,false,8
44,5.455594781168517,7823,9116,false,10
44,5.455594781168517,3895,6157,false,8
44,5.455594781168517,9658,6157,false,9
44,5.455594781168517,6220,9116,false,10
44,5.455594781168517,506,6157,false,10
44,5.455594781168517,188,6157,false,10
44,5.455594781168517,401,6157,false,10
44,5.455594781168517,1163,9116,false,10
44,5.455594781168517,7859,6157,false,8
44,5.455594781168517,1122,6157,false,10
44,5.455594781168517,8009,6157,false,9
44,5.455594781168517,1592,6157,false,10
44,5.455594781168517,6501,6157,false,8
44,5.455594781168517,9600,6157,false,8
44,5.455594781168517,3500,6157,false,10
44,5.455594781168517,2946,6157,false,10
44,5.455594781168517,7093,4678,false,10
44,5.455594781168517,778,9116,false,10
44,5.455594781168517,5433,9116,false,10
44,5.455594781168517,1307,6157,false,10
44,5.455594781168517,7894,6157,false,9
44,5.455594781168517,7692,6157,false,8
44,5.455594781168517,2777,6157,false,10
44,5.455594781168517,7743,6157,false,9
44,5.455594781168517,9396,9116,false,9
44,5.455594781168517,6740,6157,false,9
44,5.455594781168517,1819,9116,false,10
44,5.455594781168517,8068,6157,false,8
44,5.455594781168517,1015,6157,false,10
44,5.455594781168517,1174,6157,false,9
44,5.455594781168517,6021,6157,false,9
44,5.455594781168517,4202,6157,false,10
44,5.455594781168517,1593,6157,false,10
44,5.455594781168517,5056,6157,false,9
44,5.455594781168517,439,6157,false,9
44,5.455594781168517,7554,9116,false,10
44,5.455594781168517,4637,6157,false,10
44,5.455594781168517,3030,5214,false,10
44,5.455594781168517,1459,6157,false,10
44,5.455594781168517,6450,6157,false,8
44,5.455594781168517,2842,6157,false,9
44,5.455594781168517,3153,6157,false,10
44,5.455594781168517,3345,6157,false,10
44,5.455594781168517,1897,6157,false,9
44,5.455594781168517,9909,6157,false,8
44,5.455594781168517,999,6157,false,10
44,5.455594781168517,5124,6157,false,8
44,5.455594781168517,4382,6157,false,8
44,5.455594781168517,1044,6157,false,9
44,5.455594781168517,4833,6157,false,9
44,5.455594781168517,2877,6157,false,10
44,5.455594781168517,735,6157,false,10
44,5.455594781168517,727,727,true,10
44,5.455594781168517,6981,6157,false,9
44,5.455594781168517,9209,6157,false,8
44,5.455594781168517,4974,6157,false,8
44,5.455594781168517,7152,9116,false,10
44,5.455594781168517,7367,9116,false,10
44,5.455594781168517,1700,6157,false,10
44,5.455594781168517,7301,6157,false,9
44,5.455594781168517,7096,6157,false,9
44,5.455594781168517,1364,2799,false,10
44,5.455594781168517,6297,6157,false,8
44,5.455594781168517,8475,9116,false,10
44,5.455594781168517,6624,6157,false,8
44,5.455594781168517,4956,9116,false,10
44,5.455594781168517,957,9116,false,10
44,5.455594781168517,4621,9116,false,10
44,5.455594781168517,6862,6157,false,10
44,5.455594781168517,3541,6157,false,9
44,5.455594781168517,333,6157,false,10
44,5.455594781168517,175,6157,false,10
44,5.455594781168517,7718,9116,false,10
44,5.455594781168517,9862,9116,false,10
44,7.847599703514611,8018,6157,false,9
44,7.847599703514611,1757,1757,true,9
44,7.847599703514611,1742,1742,true,10
44,7.847599703514611,8199,8199,true,10
44,7.847599703514611,9815,6157,false,9
44,7.847599703514611,7907,4643,false,10
44,7.847599703514611,7248,6157,false,10
44,7.847599703514611,1504,9116,false,10
44,7.847599703514611,5393,9116,false,10
44,7.847599703514611,9477,6157,false,9
44,7.847599703514611,1052,1052,true,6
44,7.847599703514611,7092,6157,false,10
44,7.847599703514611,1393,6157,false,10
44,7.847599703514611,1738,1738,true,10
44,7.847599703514611,9073,9116,false,10
44,7.847599703514611,9036,9116,false,10
44,7.847599703514611,2396,6157,false,9
44,7.847599703514611,5323,9116,false,10
44,7.847599703514611,8218,9116,false,10
44,7.847599703514611,7019,6157,false,10
44,7.847599703514611,9885,6157,false,10
44,7.847599703514611,7445,9116,false,10
44,7.847599703514611,2336,6157,false,10
44,7.847599703514611,7353,6157,false,10
44,7.847599703514611,4001,6157,false,10
44,7.847599703514611,9054,6157,false,9
44,7.847599703514611,7823,4678,false,10
44,7.847599703514611,3895,6157,false,9
44,7.847599703514611,9658,9658,true,9
44,7.847599703514611,6220,9116,false,10
44,7.847599703514611,506,4643,false,10
44,7.847599703514611,188,188,true,10
44,7.847599703514611,401,401,true,5
44,7.847599703514611,1163,9116,false,10
44,7.847599703514611,7859,6157,false,9
44,7.847599703514611,1122,1122,true,8
44,7.847599703514611,8009,6157,false,10
44,7.847599703514611,1592,1592,true,4
44,7.847599703514611,6501,6157,false,9
44,7.847599703514611,9600,6157,false,9
44,7.847599703514611,3500,6157,false,10
44,7.847599703514611,2946,2946,true,5
44,7.847599703514611,7093,7093,true,5
44,7.847599703514611,778,5214,false,10
44,7.847599703514611,5433,9116,false,10
44,7.847599703514611,1307,1307,true,8
44,7.847599703514611,7894,6157,false,10
44,7.847599703514611,7692,6157,false,10
44,7.847599703514611,2777,6157,false,10
44,7.847599703514611,7743,6157,false,10
44,7.847599703514611,9396,9116,false,10
44,7.847599703514611,6740,6157,false,10
44,7.847599703514611,1819,9116,false,10
44,7.847599703514611,8068,6157,false,9
44,7.847599703514611,1015,1015,true,5
44,7.847599703514611,1174,6157,false,10
44,7.847599703514611,6021,6157,false,10
44,7.847599703514611,4202,6157,false,10
44,7.847599703514611,1593,1593,true,7
44,7.847599703514611,5056,6157,false,10
44,7.847599703514611,439,439,true,10
44,7.847599703514611,7554,9116,false,10
44,7.847599703514611,4637,4637,true,6
44,7.847599703514611,3030,3030,true,10
44,7.847599703514611,1459,1459,true,10
44,7.847599703514611,6450,6157,false,9
44,7.847599703514611,2842,2842,true,10
44,7.847599703514611,3153,6157,false,10
44,7.847599703514611,3345,6157,false,10
44,7.847599703514611,1897,6157,false,10
44,7.847599703514611,9909,6157,false,9
44,7.847599703514611,999,999,true,5
44,7.847599703514611,5124,6157,false,10
44,7.847599703514611,4382,6157,false,9
44,7.847599703514611,1044,1044,true,6
44,7.847599703514611,4833,6157,false,10
44,7.847599703514611,2877,2877,true,6
44,7.847599703514611,735,735,true,6
44,7.847599703514611,727,727,true,3
44,7.847599703514611,6981,6157,false,10
44,7.847599703514611,9209,6157,false,9
44,7.847599703514611,4974,6157,false,9
44,7.847599703514611,7152,9116,false,10
44,7.847599703514611,7367,9116,false,10
44,7.847599703514611,1700,1700,true,3
44,7.847599703514611,7301,7301,true,6
44,7.847599703514611,7096,6157,false,10
44,7.847599703514611,1364,1364,true,6
44,7.847599703514611,6297,6157,false,9
44,7.847599703514611,8475,9116,false,10
44,7.847599703514611,6624,6157,false,10
44,7.847599703514611,4956,9116,false,10
44,7.847599703514611,957,9116,false,10
44,7.847599703514611,4621,9116,false,10
44,7.847599703514611,6862,6157,false,10
44,7.847599703514611,3541,6157,false,10
44,7.847599703514611,333,333,true,5
44,7.847599703514611,175,175,true,10
44,7.847599703514611,7718,9116,false,10
44,7.847599703514611,9862,9116,false,10
44,11.288378916846883,8018,6157,false,10
44,11.288378916846883,1757,1757,true,3
44,11.288378916846883,1742,1742,true,3
44,11.288378916846883,8199,8199,true,3
44,11.288378916846883,9815,6157,false,10
44,11.288378916846883,7907,7907,true,5
44,11.288378916846883,7248,7248,true,6
44,11.288378916846883,1504,9116,false,10
44,11.288378916846883,5393,5393,true,4
44,11.288378916846883,9477,6157,false,10
44,11.288378916846883,1052,1052,true,2
44,11.288378916846883,7092,7092,true,5
44,11.288378916846883,1393,1393,true,3
44,11.288378916846883,1738,1738,true,3
44,11.288378916846883,9073,9073,true,8
44,11.288378916846883,9036,9036,true,4
44,11.288378916846883,2396,6157,false,10
44,11.288378916846883,5323,5323,true,10
44,11.288378916846883,8218,8218,true,6
44,11.288378916846883,7019,7019,true,5
44,11.288378916846883,9885,9885,true,4
44,11.288378916846883,7445,7445,true,7
44,11.288378916846883,2336,2336,true,8
44,11.288378916846883,7353,7353,true,10
44,11.288378916846883,4001,4001,true,4
44,11.288378916846883,9054,6157,false,10
44,11.288378916846883,7823,7823,true,4
44,11.288378916846883,3895,6157,false,10
44,11.288378916846883,9658,9658,true,3
44,11.288378916846883,6220,6220,true,6
44,11.288378916846883,506,506,true,3
44,11.288378916846883,188,188,true,3
44,11.288378916846883,401,401,true,2
44,11.288378916846883,1163,1163,true,7
44,11.288378916846883,7859,6157,false,10
44,11.288378916846883,1122,1122,true,3
44,11.288378916846883,8009,8009,true,4
44,11.288378916846883,1592,1592,true,2
44,11.288378916846883,6501,6157,false,10
44,11.288378916846883,9600,6157,false,10
44,11.288378916846883,3500,3500,true,5
44,11.288378916846883,2946,2946,true,2
44,11.288378916846883,7093,7093,true,2
44,11.288378916846883,778,778,true,5
44,11.288378916846883,5433,5433,true,10
44,11.288378916846883,1307,1307,true,3
44,11.288378916846883,7894,7894,true,3
44,11.288378916846883,7692,6157,false,10
44,11.288378916846883,2777,2777,true,6
44,11.288378916846883,7743,7743,true,4
44,11.288378916846883,9396,9396,true,10
44,11.288378916846883,6740,6740,true,5
44,11.288378916846883,1819,1819,true,4
44,11.288378916846883,8068,6157,false,10
44,11.288378916846883,1015,1015,true,2
44,11.288378916846883,1174,1174,true,7
44,11.288378916846883,6021,6021,true,4
44,11.288378916846883,4202,4202,true,3
44,11.288378916846883,1593,1593,true,3
44,11.288378916846883,5056,5056,true,5
44,11.288378916846883,439,439,true,3
44,11.288378916846883,7554,9116,false,10
44,11.288378916846883,4637,4637,true,2
44,11.288378916846883,3030,3030,true,3
44,11.288378916846883,1459,1459,true,3
44,11.288378916846883,6450,8428,false,10
44,11.288378916846883,2842,2842,true,3
44,11.288378916846883,3153,3153,true,5
44,11.288378916846883,3345,3345,true,3
44,11.288378916846883,1897,1897,true,3
44,11.288378916846883,9909,6157,false,10
44,11.288378916846883,999,999,true,2
44,11.288378916846883,5124,5124,true,10
44,11.288378916846883,4382,6157,false,10
44,11.288378916846883,1044,1044,true,2
44,11.288378916846883,4833,4833,true,4
44,11.288378916846883,2877,2877,true,2
44,11.288378916846883,735,735,true,2
44,11.288378916846883,727,727,true,2
44,11.288378916846883,6981,6981,true,7
44,11.288378916846883,9209,6157,false,10
44,11.288378916846883,4974,6157,false,10
44,11.288378916846883,7152,7152,true,10
44,11.288378916846883,7367,7367,true,8
44,11.288378916846883,1700,1700,true,2
44,11.288378916846883,7301,7301,true,2
44,11.288378916846883,7096,7096,true,6
44,11.288378916846883,1364,1364,true,2
44,11.288378916846883,6297,6157,false,10
44,11.288378916846883,8475,8475,true,9
44,11.288378916846883,6624,6157,false,10
44,11.288378916846883,4956,4956,true,10
44,11.288378916846883,957,957,true,5
44,11.288378916846883,4621,9116,false,10
44,11.288378916846883,6862,6862,true,4
44,11.288378916846883,3541,3541,true,4
44,11.288378916846883,333,333,true,2
44,11.288378916846883,175,175,true,3
44,11.288378916846883,7718,7718,true,10
44,11.288378916846883,9862,9862,true,10
44,16.23776739188721,8018,8018,true,5
44,16.23776739188721,1757,1757,true,2
44,16.23776739188721,1742,1742,true,2
44,16.23776739188721,8199,8199,true,2
44,16.23776739188721,9815,9815,true,4
44,16.23776739188721,7907,7907,true,2
44,16.23776739188721,7248,7248,true,3
44,16.23776739188721,1504,1504,true,4
44,16.23776739188721,5393,5393,true,2
44,16.23776739188721,9477,9477,true,4
44,16.23776739188721,1052,1052,true,2
44,16.23776739188721,7092,7092,true,3
44,16.23776739188721,1393,1393,true,2
44,16.23776739188721,1738,1738,true,2
44,16.23776739188721,9073,9073,true,3
44,16.23776739188721,9036,9036,true,2
44,16.23776739188721,2396,2396,true,4
44,16.23776739188721,5323,5323,true,3
44,16.23776739188721,8218,8218,true,3
44,16.23776739188721,7019,7019,true,3
44,16.23776739188721,9885,9885,true,2
44,16.23776739188721,7445,7445,true,2
44,16.23776739188721,2336,2336,true,3
44,16.23776739188721,7353,7353,true,3
44,16.23776739188721,4001,4001,true,2
44,16.23776739188721,9054,9054,true,5
44,16.23776739188721,7823,7823,true,2
44,16.23776739188721,3895,3895,true,5
44,16.23776739188721,9658,9658,true,2
44,16.23776739188721,6220,6220,true,2
44,16.23776739188721,506,506,true,2
44,16.23776739188721,188,188,true,2
44,16.23776739188721,401,401,true,2
44,16.23776739188721,1163,1163,true,2
44,16.23776739188721,7859,7859,true,5
44,16.23776739188721,1122,1122,true,2
44,16.23776739188721,8009,8009,true,2
44,16.23776739188721,1592,1592,true,2
44,16.23776739188721,6501,6501,true,4
44,16.23776739188721,9600,9600,true,4
44,16.23776739188721,3500,3500,true,2
44,16.23776739188721,2946,2946,true,2
44,16.23776739188721,7093,7093,true,2
44,16.23776739188721,778,778,true,2
44,16.23776739188721,5433,5433,true,3
44,16.23776739188721,1307,1307,true,2
44,16.23776739188721,7894,7894,true,2
44,16.23776739188721,7692,7692,true,3
44,16.23776739188721,2777,2777,true,2
44,16.23776739188721,7743,7743,true,2
44,16.23776739188721,9396,9396,true,3
44,16.23776739188721,6740,6740,true,2
44,16.23776739188721,1819,1819,true,2
44,16.23776739188721,8068,8068,true,4
44,16.23776739188721,1015,1015,true,2
44,16.23776739188721,1174,1174,true,3
44,16.23776739188721,6021,6021,true,2
44,16.23776739188721,4202,4202,true,2
44,16.23776739188721,1593,1593,true,2
44,16.23776739188721,5056,5056,true,2
44,16.23776739188721,439,439,true,2
44,16.23776739188721,7554,7554,true,4
44,16.23776739188721,4637,4637,true,2
44,16.23776739188721,3030,3030,true,2
44,16.23776739188721,1459,1459,true,2
44,16.23776739188721,6450,6450,true,3
44,16.23776739188721,2842,2842,true,2
44,16.23776739188721,3153,3153,true,3
44,16.23776739188721,3345,3345,true,2
44,16.23776739188721,1897,1897,true,2
44,16.23776739188721,9909,9909,true,5
44,16.23776739188721,999,999,true,2
44,16.23776739188721,5124,5124,true,3
44,16.23776739188721,4382,4382,true,3
44,16.23776739188721,1044,1044,true,2
44,16.23776739188721,4833,4833,true,2
44,16.23776739188721,2877,2877,true,2
44,16.23776739188721,735,735,true,2
44,16.23776739188721,727,727,true,2
44,16.23776739188721,6981,6981,true,3
44,16.23776739188721,9209,9209,true,10
44,16.23776739188721,4974,4974,true,4
44,16.23776739188721,7152,7152,true,3
44,16.23776739188721,7367,7367,true,3
44,16.23776739188721,1700,1700,true,2
44,16.23776739188721,7301,7301,true,2
44,16.23776739188721,7096,7096,true,3
44,16.23776739188721,1364,1364,true,2
44,16.23776739188721,6297,6297,true,6
44,16.23776739188721,8475,8475,true,3
44,16.23776739188721,6624,6624,true,3
44,16.23776739188721,4956,4956,true,3
44,16.23776739188721,957,957,true,2
44,16.23776739188721,4621,4621,true,4
44,16.23776739188721,6862,6862,true,2
44,16.23776739188721,3541,3541,true,2
44,16.23776739188721,333,333,true,2
44,16.23776739188721,175,175,true,2
44,16.23776739188721,7718,7718,true,3
44,16.23776739188721,9862,9862,true,3
44,23.357214690901213,8018,8018,true,2
44,23.357214690901213,1757,1757,true,2
44,23.357214690901213,1742,1742,true,2
44,23.357214690901213,8199,8199,true,2
44,23.357214690901213,9815,9815,true,2
44,23.357214690901213,7907,7907,true,2
44,23.357214690901213,7248,7248,true,2
44,23.357214690901213,1504,1504,true,2
44,23.357214690901213,5393,5393,true,2
44,23.357214690901213,9477,9477,true,2
44,23.357214690901213,1052,1052,true,2
44,23.357214690901213,7092,7092,true,2
44,23.357214690901213,1393,1393,true,2
44,23.357214690901213,1738,1738,true,2
44,23.357214690901213,9073,9073,true,2
44,23.357214690901213,9036,9036,true,2
44,23.357214690901213,2396,2396,true,2
44,23.357214690901213,5323,5323,true,2
44,23.357214690901213,8218,8218,true,2
44,23.357214690901213,7019,7019,true,2
44,23.357214690901213,9885,9885,true,2
44,23.357214690901213,7445,7445,true,2
44,23.357214690901213,2336,2336,true,2
44,23.357214690901213,7353,7353,true,2
44,23.357214690901213,4001,4001,true,2
44,23.357214690901213,9054,9054,true,2
44,23.357214690901213,7823,7823,true,2
44,23.357214690901213,3895,3895,true,2
44,23.357214690901213,9658,9658,true,2
44,23.357214690901213,6220,6220,true,2
44,23.357214690901213,506,506,true,2
44,23.357214690901213,188,188,true,2
44,23.357214690901213,401,401,true,2
44,23.357214690901213,1163,1163,true,2
44,23.357214690901213,7859,7859,true,2
44,23.357214690901213,1122,1122,true,2
44,23.357214690901213,8009,8009,true,2
44,23.357214690901213,1592,1592,true,2
44,23.357214690901213,6501,6501,true,2
44,23.357214690901213,9600,9600,true,2
44,23.357214690901213,3500,3500,true,2
44,23.357214690901213,2946,2946,true,2
44,23.357214690901213,7093,7093,true,2
44,23.357214690901213,778,778,true,2
44,23.357214690901213,5433,5433,true,2
44,23.357214690901213,1307,1307,true,2
44,23.357214690901213,7894,7894,true,2
44,23.357214690901213,7692,7692,true,2
44,23.357214690901213,2777,2777,true,2
44,23.357214690901213,7743,7743,true,2
44,23.357214690901213,9396,9396,true,2
44,23.357214690901213,6740,6740,true,2
44,23.357214690901213,1819,1819,true,2
44,23.357214690901213,8068,8068,true,2
44,23.357214690901213,1015,1015,true,2
44,23.357214690901213,1174,1174,true,2
44,23.357214690901213,6021,6021,true,2
44,23.357214690901213,4202,4202,true,2
44,23.357214690901213,1593,1593,true,2
44,23.357214690901213,5056,5056,true,2
44,23.357214690901213,439,439,true,2
44,23.357214690901213,7554,7554,true,2
44,23.357214690901213,4637,4637,true,2
44,23.357214690901213,3030,3030,true,2
44,23.357214690901213,1459,1459,true,2
44,23.357214690901213,6450,6450,true,2
44,23.357214690901213,2842,2842,true,2
44,23.357214690901213,3153,3153,true,2
44,23.357214690901213,3345,3345,true,2
44,23.357214690901213,1897,1897,true,2
44,23.357214690901213,9909,9909,true,2
44,23.357214690901213,999,999,true,2
44,23.357214690901213,5124,5124,true,2
44,23.357214690901213,4382,4382,true,2
44,23.357214690901213,1044,1044,true,2
44,23.357214690901213,4833,4833,true,2
44,23.357214690901213,2877,2877,true,2
44,23.357214690901213,735,735,true,2
44,23.357214690901213,727,727,true,2
44,23.357214690901213,6981,6981,true,2
44,23.357214690901213,9209,9209,true,3
44,23.357214690901213,4974,4974,true,2
44,23.357214690901213,7152,7152,true,2
44,23.357214690901213,7367,7367,true,2
44,23.357214690901213,1700,1700,true,2
44,23.357214690901213,7301,7301,true,2
44,23.357214690901213,7096,7096,true,2
44,23.357214690901213,1364,1364,true,2
44,23.357214690901213,6297,6297,true,2
44,23.357214690901213,8475,8475,true,2
44,23.357214690901213,6624,6624,true,2
44,23.357214690901213,4956,4956,true,2
44,23.357214690901213,957,957,true,2
44,23.357214690901213,4621,4621,true,2
44,23.357214690901213,6862,6862,true,2
44,23.357214690901213,3541,3541,true,2
44,23.357214690901213,333,333,true,2
44,23.357214690901213,175,175,true,2
44,23.357214690901213,7718,7718,true,2
44,23.357214690901213,9862,9862,true,2
44,33.59818286283781,8018,8018,true,2
44,33.59818286283781,1757,1757,true,2
44,33.59818286283781,1742,1742,true,2
44,33.59818286283781,8199,8199,true,2
44,33.59818286283781,9815,9815,true,2
44,33.59818286283781,7907,7907,true,2
44,33.59818286283781,7248,7248,true,2
44,33.59818286283781,1504,1504,true,2
44,33.59818286283781,5393,5393,true,2
44,33.59818286283781,9477,9477,true,2
44,33.59818286283781,1052,1052,true,2
44,33.59818286283781,7092,7092,true,2
44,33.59818286283781,1393,1393,true,2
44,33.59818286283781,1738,1738,true,2
44,33.59818286283781,9073,9073,true,2
44,33.59818286283781,9036,9036,true,2
44,33.59818286283781,2396,2396,true,2
44,33.59818286283781,5323,5323,true,2
44,33.59818286283781,8218,8218,true,2
44,33.59818286283781,7019,7019,true,2
44,33.59818286283781,9885,9885,true,2
44,33.59818286283781,7445,7445,true,2
44,33.59818286283781,2336,2336,true,2
44,33.59818286283781,7353,7353,true,2
44,33.59818286283781,4001,4001,true,2
44,33.59818286283781,9054,9054,true,2
44,33.59818286283781,7823,7823,true,2
44,33.59818286283781,3895,3895,true,2
44,33.59818286283781,9658,9658,true,2
44,33.59818286283781,6220,6220,true,2
44,33.59818286283781,506,506,true,2
44,33.59818286283781,188,188,true,2
44,33.59818286283781,401,401,true,2
44,33.59818286283781,1163,1163,true,2
44,33.59818286283781,7859,7859,true,2
44,33.59818286283781,1122,1122,true,2
44,33.59818286283781,8009,8009,true,2
44,33.59818286283781,1592,1592,true,2
44,33.59818286283781,6501,6501,true,2
44,33.59818286283781,9600,9600,true,2
44,33.59818286283781,3500,3500,true,2
44,33.59818286283781,2946,2946,true,2
44,33.59818286283781,7093,7093,true,2
44,33.59818286283781,778,778,true,2
44,33.59818286283781,5433,5433,true,2
44,33.59818286283781,1307,1307,true,2
44,33.59818286283781,7894,7894,true,2
44,33.59818286283781,7692,7692,true,2
44,33.59818286283781,2777,2777,true,2
44,33.59818286283781,7743,7743,true,2
44,33.59818286283781,9396,9396,true,2
44,33.59818286283781,6740,6740,true,2
44,33.59818286283781,1819,1819,true,2
44,33.59818286283781,8068,8068,true,2
44,33.59818286283781,1015,1015,true,2
44,33.59818286283781,1174,1174,true,2
44,33.59818286283781,6021,6021,true,2
44,33.59818286283781,4202,4202,true,2
44,33.59818286283781,1593,1593,true,2
44,33.59818286283781,5056,5056,true,2
44,33.59818286283781,439,439,true,2
44,33.59818286283781,7554,7554,true,2
44,33.59818286283781,4637,4637,true,2
44,33.59818286283781,3030,3030,true,2
44,33.59818286283781,1459,1459,true,2
44,33.59818286283781,6450,6450,true,2
44,33.59818286283781,2842,2842,true,2
44,33.59818286283781,3153,3153,true,2
44,33.59818286283781,3345,3345,true,2
44,33.59818286283781,1897,1897,true,2
44,33.59818286283781,9909,9909,true,2
44,33.59818286283781,999,999,true,2
44,33.59818286283781,5124,5124,true,2
44,33.59818286283781,4382,4382,true,2
44,33.59818286283781,1044,1044,true,2
44,33.59818286283781,4833,4833,true,2
44,33.59818286283781,2877,2877,true,2
44,33.59818286283781,735,735,true,2
44,33.59818286283781,727,727,true,2
44,33.59818286283781,6981,6981,true,2
44,33.59818286283781,9209,9209,true,2
44,33.59818286283781,4974,4974,true,2
44,33.59818286283781,7152,7152,true,2
44,33.59818286283781,7367,7367,true,2
44,33.59818286283781,1700,1700,true,2
44,33.59818286283781,7301,7301,true,2
44,33.59818286283781,7096,7096,true,2
44,33.59818286283781,1364,1364,true,2
44,33.59818286283781,6297,6297,true,2
44,33.59818286283781,8475,8475,true,2
44,33.59818286283781,6624,6624,true,2
44,33.59818286283781,4956,4956,true,2
44,33.59818286283781,957,957,true,2
44,33.59818286283781,4621,4621,true,2
44,33.59818286283781,6862,6862,true,2
44,33.59818286283781,3541,3541,true,2
44,33.59818286283781,333,333,true,2
44,33.59818286283781,175,175,true,2
44,33.59818286283781,7718,7718,true,2
44,33.59818286283781,9862,9862,true,2
44,48.32930238571752,8018,8018,true,2
44,48.32930238571752,1757,1757,true,2
44,48.32930238571752,1742,1742,true,2
44,48.32930238571752,8199,8199,true,2
44,48.32930238571752,9815,9815,true,2
44,48.32930238571752,7907,7907,true,2
44,48.32930238571752,7248,7248,true,2
44,48.32930238571752,1504,1504,true,2
44,48.32930238571752,5393,5393,true,2
44,48.32930238571752,9477,9477,true,2
44,48.32930238571752,1052,1052,true,2
44,48.32930238571752,7092,7092,true,2
44,48.32930238571752,1393,1393,true,2
44,48.32930238571752,1738,1738,true,2
44,48.32930238571752,9073,9073,true,2
44,48.32930238571752,9036,9036,true,2
44,48.32930238571752,2396,2396,true,2
44,48.32930238571752,5323,5323,true,2
44,48.32930238571752,8218,8218,true,2
44,48.32930238571752,7019,7019,true,2
44,48.32930238571752,9885,9885,true,2
44,48.32930238571752,7445,7445,true,2
44,48.32930238571752,2336,2336,true,2
44,48.32930238571752,7353,7353,true,2
44,48.32930238571752,4001,4001,true,2
44,48.32930238571752,9054,9054,true,2
44,48.32930238571752,7823,7823,true,2
44,48.32930238571752,3895,3895,true,2
44,48.32930238571752,9658,9658,true,2
44,48.32930238571752,6220,6220,true,2
44,48.32930238571752,506,506,true,2
44,48.32930238571752,188,188,true,2
44,48.32930238571752,401,401,true,2
44,48.32930238571752,1163,1163,true,2
44,48.32930238571752,7859,7859,true,2
44,48.32930238571752,1122,1122,true,2
44,48.32930238571752,8009,8009,true,2
44,48.32930238571752,1592,1592,true,2
44,48.32930238571752,6501,6501,true,2
44,48.32930238571752,9600,9600,true,2
44,48.32930238571752,3500,3500,true,2
44,48.32930238571752,2946,2946,true,2
44,48.32930238571752,7093,7093,true,2
44,48.32930238571752,778,778,true,2
44,48.32930238571752,5433,5433,true,2
44,48.32930238571752,1307,1307,true,2
44,48.32930238571752,7894,7894,true,2
44,48.32930238571752,7692,7692,true,2
44,48.32930238571752,2777,2777,true,2
44,48.32930238571752,7743,7743,true,2
44,48.32930238571752,9396,9396,true,2
44,48.32930238571752,6740,6740,true,2
44,48.32930238571752,1819,1819,true,2
44,48.32930238571752,8068,8068,true,2
44,48.32930238571752,1015,1015,true,2
44,48.32930238571752,1174,1174,true,2
44,48.32930238571752,6021,6021,true,2
44,48.32930238571752,4202,4202,true,2
44,48.32930238571752,1593,1593,true,2
44,48.32930238571752,5056,5056,true,2
44,48.32930238571752,439,439,true,2
44,48.32930238571752,7554,7554,true,2
44,48.32930238571752,4637,4637,true,2
44,48.32930238571752,3030,3030,true,2
44,48.32930238571752,1459,1459,true,2
44,48.32930238571752,6450,6450,true,2
44,48.32930238571752,2842,2842,true,2
44,48.32930238571752,3153,3153,true,2
44,48.32930238571752,3345,3345,true,2
44,48.32930238571752,1897,1897,true,2
44,48.32930238571752,9909,9909,true,2
44,48.32930238571752,999,999,true,2
44,48.32930238571752,5124,5124,true,2
44,48.32930238571752,4382,4382,true,2
44,48.32930238571752,1044,1044,true,2
44,48.32930238571752,4833,4833,true,2
44,48.32930238571752,2877,2877,true,2
44,48.32930238571752,735,735,true,2
44,48.32930238571752,727,727,true,2
44,48.32930238571752,6981,6981,true,2
44,48.32930238571752,9209,9209,true,2
44,48.32930238571752,4974,4974,true,2
44,48.32930238571752,7152,7152,true,2
44,48.32930238571752,7367,7367,true,2
44,48.32930238571752,1700,1700,true,2
44,48.32930238571752,7301,7301,true,2
44,48.32930238571752,7096,7096,true,2
44,48.32930238571752,1364,1364,true,2
44,48.32930238571752,6297,6297,true,2
44,48.32930238571752,8475,8475,true,2
44,48.32930238571752,6624,6624,true,2
44,48.32930238571752,4956,4956,true,2
44,48.32930238571752,957,957,true,2
44,48.32930238571752,4621,4621,true,2
44,48.32930238571752,6862,6862,true,2
44,48.32930238571752,3541,3541,true,2
44,48.32930238571752,333,333,true,2
44,48.32930238571752,175,175,true,2
44,48.32930238571752,7718,7718,true,2
44,48.32930238571752,9862,9862,true,2
44,69.51927961775606,8018,8018,true,2
44,69.51927961775606,1757,1757,true,2
44,69.51927961775606,1742,1742,true,2
44,69.51927961775606,8199,8199,true,2
44,69.51927961775606,9815,9815,true,2
44,69.51927961775606,7907,7907,true,2
44,69.51927961775606,7248,7248,true,2
44,69.51927961775606,1504,1504,true,2
44,69.51927961775606,5393,5393,true,2
44,69.51927961775606,9477,9477,true,2
44,69.51927961775606,1052,1052,true,2
44,69.51927961775606,7092,7092,true,2
44,69.51927961775606,1393,1393,true,2
44,69.51927961775606,1738,1738,true,2
44,69.51927961775606,9073,9073,true,2
44,69.51927961775606,9036,9036,true,2
44,69.51927961775606,2396,2396,true,2
44,69.51927961775606,5323,5323,true,2
44,69.51927961775606,8218,8218,true,2
44,69.51927961775606,7019,7019,true,2
44,69.51927961775606,9885,9885,true,2
44,69.51927961775606,7445,7445,true,2
44,69.51927961775606,2336,2336,true,2
44,69.51927961775606,7353,7353,true,2
44,69.51927961775606,4001,4001,true,2
44,69.51927961775606,9054,9054,true,2
44,69.51927961775606,7823,7823,true,2
44,69.51927961775606,3895,3895,true,2
44,69.51927961775606,9658,9658,true,2
44,69.51927961775606,6220,6220,true,2
44,69.51927961775606,506,506,true,2
44,69.51927961775606,188,188,true,2
44,69.51927961775606,401,401,true,2
44,69.51927961775606,1163,1163,true,2
44,69.51927961775606,7859,7859,true,2
44,69.51927961775606,1122,1122,true,2
44,69.51927961775606,8009,8009,true,2
44,69.51927961775606,1592,1592,true,2
44,69.51927961775606,6501,6501,true,2
44,69.51927961775606,9600,9600,true,2
44,69.51927961775606,3500,3500,true,2
44,69.51927961775606,2946,2946,true,2
44,69.51927961775606,7093,7093,true,2
44,69.51927961775606,778,778,true,2
44,69.51927961775606,5433,5433,true,2
44,69.51927961775606,1307,1307,true,2
44,69.51927961775606,7894,7894,true,2
44,69.51927961775606,7692,7692,true,2
44,69.51927961775606,2777,2777,true,2
44,69.51927961775606,7743,7743,true,2
44,69.51927961775606,9396,9396,true,2
44,69.51927961775606,6740,6740,true,2
44,69.51927961775606,1819,1819,true,2
44,69.51927961775606,8068,8068,true,2
44,69.51927961775606,1015,1015,true,2
44,69.51927961775606,1174,1174,true,2
44,69.51927961775606,6021,6021,true,2
44,69.51927961775606,4202,4202,true,2
44,69.51927961775606,1593,1593,true,2
44,69.51927961775606,5056,5056,true,2
44,69.51927961775606,439,439,true,2
44,69.51927961775606,7554,7554,true,2
44,69.51927961775606,4637,4637,true,2
44,69.51927961775606,3030,3030,true,2
44,69.51927961775606,1459,1459,true,2
44,69.51927961775606,6450,6450,true,2
44,69.51927961775606,2842,2842,true,2
44,69.51927961775606,3153,3153,true,2
44,69.51927961775606,3345,3345,true,2
44,69.51927961775606,1897,1897,true,2
44,69.51927961775606,9909,9909,true,2
44,69.51927961775606,999,999,true,2
44,69.51927961775606,5124,5124,true,2
44,69.51927961775606,4382,4382,true,2
44,69.51927961775606,1044,1044,true,2
44,69.51927961775606,4833,4833,true,2
44,69.51927961775606,2877,2877,true,2
44,69.51927961775606,735,735,true,2
44,69.51927961775606,727,727,true,2
44,69.51927961775606,6981,6981,true,2
44,69.51927961775606,9209,9209,true,2
44,69.51927961775606,4974,4974,true,2
44,69.51927961775606,7152,7152,true,2
44,69.51927961775606,7367,7367,true,2
44,69.51927961775606,1700,1700,true,2
44,69.51927961775606,7301,7301,true,2
44,69.51927961775606,7096,7096,true,2
44,69.51927961775606,1364,1364,true,2
44,69.51927961775606,6297,6297,true,2
44,69.51927961775606,8475,8475,true,2
44,69.51927961775606,6624,6624,true,2
44,69.51927961775606,4956,4956,true,2
44,69.51927961775606,957,957,true,2
44,69.51927961775606,4621,4621,true,2
44,69.51927961775606,6862,6862,true,2
44,69.51927961775606,3541,3541,true,2
44,69.51927961775606,333,333,true,2
44,69.51927961775606,175,175,true,2
44,69.51927961775606,7718,7718,true,2
44,69.51927961775606,9862,9862,true,2
44,100.0,8018,8018,true,2
44,100.0,1757,1757,true,2
44,100.0,1742,1742,true,2
44,100.0,8199,8199,true,2
44,100.0,9815,9815,true,2
44,100.0,7907,7907,true,2
44,100.0,7248,7248,true,2
44,100.0,1504,1504,true,2
44,100.0,5393,5393,true,2
44,100.0,9477,9477,true,2
44,100.0,1052,1052,true,2
44,100.0,7092,7092,true,2
44,100.0,1393,1393,true,2
44,100.0,1738,1738,true,2
44,100.0,9073,9073,true,2
44,100.0,9036,9036,true,2
44,100.0,2396,2396,true,2
44,100.0,5323,5323,true,2
44,100.0,8218,8218,true,2
44,100.0,7019,7019,true,2
44,100.0,9885,9885,true,2
44,100.0,7445,7445,true,2
44,100.0,2336,2336,true,2
44,100.0,7353,7353,true,2
44,100.0,4001,4001,true,2
44,100.0,9054,9054,true,2
44,100.0,7823,7823,true,2
44,100.0,3895,3895,true,2
44,100.0,9658,9658,true,2
44,100.0,6220,6220,true,2
44,100.0,506,506,true,2
44,100.0,188,188,true,2
44,100.0,401,401,true,2
44,100.0,1163,1163,true,2
44,100.0,7859,7859,true,2
44,100.0,1122,1122,true,2
44,100.0,8009,8009,true,2
44,100.0,1592,1592,true,2
44,100.0,6501,6501,true,2
44,100.0,9600,9600,true,2
44,100.0,3500,3500,true,2
44,100.0,2946,2946,true,2
44,100.0,7093,7093,true,2
44,100.0,778,778,true,2
44,100.0,5433,5433,true,2
44,100.0,1307,1307,true,2
44,100.0,7894,7894,true,2
44,100.0,7692,7692,true,2
44,100.0,2777,2777,true,2
44,100.0,7743,7743,true,2
44,100.0,9396,9396,true,2
44,100.0,6740,6740,true,2
44,100.0,1819,1819,true,2
44,100.0,8068,8068,true,2
44,100.0,1015,1015,true,2
44,100.0,1174,1174,true,2
44,100.0,6021,6021,true,2
44,100.0,4202,4202,true,2
44,100.0,1593,1593,true,2
44,100.0,5056,5056,true,2
44,100.0,439,439,true,2
44,100.0,7554,7554,true,2
44,100.0,4637,4637,true,2
44,100.0,3030,3030,true,2
44,100.0,1459,1459,true,2
44,100.0,6450,6450,true,2
44,100.0,2842,2842,true,2
44,100.0,3153,3153,true,2
44,100.0,3345,3345,true,2
44,100.0,1897,1897,true,2
44,100.0,9909,9909,true,2
44,100.0,999,999,true,2
44,100.0,5124,5124,true,2
44,100.0,4382,4382,true,2
44,100.0,1044,1044,true,2
44,100.0,4833,4833,true,2
44,100.0,2877,2877,true,2
44,100.0,735,735,true,2
44,100.0,727,727,true,2
44,100.0,6981,6981,true,2
44,100.0,9209,9209,true,2
44,100.0,4974,4974,true,2
44,100.0,7152,7152,true,2
44,100.0,7367,7367,true,2
44,100.0,1700,1700,true,2
44,100.0,7301,7301,true,2
44,100.0,7096,7096,true,2
44,100.0,1364,1364,true,2
44,100.0,6297,6297,true,2
44,100.0,8475,8475,true,2
44,100.0,6624,6624,true,2
44,100.0,4956,4956,true,2
44,100.0,957,957,true,2
44,100.0,4621,4621,true,2
44,100.0,6862,6862,true,2
44,100.0,3541,3541,true,2
44,100.0,333,333,true,2
44,100.0,175,175,true,2
44,100.0,7718,7718,true,2
44,100.0,9862,9862,true,2
